Customer_ID,Age,Gender,City,Tenure_Months,Contract_Type,Internet_Service,Monthly_Charges,Total_Charges,Data_Usage_GB,Call_Minutes,SMS_Count,Customer_Service_Calls,Complaints,Payment_Method,Device_Type,Plan_Type,Auto_Pay,Churn
CUST00001,56,Female,Lucknow,31,Month-to-Month,No Internet,383.7,12040.7,0.5,305,38,2,1,Debit Card,Smartphone,Postpaid,No,No
CUST00002,69,Male,Delhi,29,Two Year,Fiber Optic,705.88,19993.93,32.84,363,22,0,0,UPI,Smartphone,Prepaid,Yes,No
CUST00003,46,Female,Ahmedabad,15,Month-to-Month,DSL,591.65,8663.22,30.31,129,76,0,0,UPI,Smartphone,Prepaid,Yes,No
CUST00004,32,Female,Delhi,72,Two Year,DSL,592.2,42496.14,14.04,372,34,1,0,UPI,Smartphone,Postpaid,Yes,No
CUST00005,60,Female,Chennai,20,One Year,Fiber Optic,850.52,15688.77,35.07,144,91,0,0,UPI,Smartphone,Prepaid,No,No
CUST00006,25,Female,Pune,4,Month-to-Month,DSL,458.5,1699.89,32.82,132,87,3,1,Net Banking,Smartphone,Prepaid,No,No
CUST00007,38,Female,Delhi,6,Month-to-Month,Fiber Optic,871.39,5457.8,46.13,414,2,5,2,Debit Card,Smartphone,Postpaid,Yes,Yes
CUST00008,56,Female,Chennai,25,One Year,Fiber Optic,801.91,20937.85,38.4,224,45,0,0,Debit Card,Feature Phone,Prepaid,No,No
CUST00009,36,Male,Delhi,13,One Year,No Internet,149.0,1968.79,0.5,306,14,3,1,UPI,Tablet,Prepaid,No,Yes
CUST00010,40,Male,Mumbai,21,One Year,Fiber Optic,919.53,19668.84,45.53,273,81,1,0,UPI,Smartphone,Prepaid,No,No
CUST00011,28,Male,Jaipur,15,Month-to-Month,DSL,535.17,7336.95,35.33,151,91,0,0,UPI,Feature Phone,Prepaid,Yes,No
CUST00012,28,Male,Delhi,10,Month-to-Month,Fiber Optic,760.27,7265.13,60.01,285,118,1,0,Net Banking,Tablet,Prepaid,No,Yes
CUST00013,41,Male,Delhi,10,Month-to-Month,DSL,638.12,6177.98,22.62,456,40,0,0,UPI,Tablet,Postpaid,No,Yes
CUST00014,53,Male,Bangalore,4,Month-to-Month,Fiber Optic,739.73,2726.63,44.31,339,81,5,2,Net Banking,Smartphone,Prepaid,Yes,Yes
CUST00015,57,Male,Ahmedabad,25,Month-to-Month,Fiber Optic,963.86,21774.9,34.3,504,28,1,0,UPI,Smartphone,Postpaid,No,No
CUST00016,41,Female,Delhi,7,Month-to-Month,No Internet,162.5,1061.53,12.09,125,102,1,0,Credit Card,Smartphone,Prepaid,No,Yes
CUST00017,20,Female,Bangalore,14,Month-to-Month,Fiber Optic,702.68,10280.0,74.16,179,72,0,0,Net Banking,Smartphone,Prepaid,Yes,No
CUST00018,39,Female,Jaipur,28,One Year,Fiber Optic,960.37,27939.34,48.61,420,24,1,0,Net Banking,Smartphone,Postpaid,Yes,Yes
CUST00019,19,Female,Delhi,16,One Year,Fiber Optic,891.05,13329.45,63.1,266,36,1,0,Credit Card,Smartphone,Prepaid,No,No
CUST00020,41,Female,Mumbai,4,Month-to-Month,Fiber Optic,892.17,3714.95,52.52,290,15,0,0,Credit Card,Smartphone,Postpaid,Yes,No
CUST00021,61,Female,Kolkata,21,One Year,Fiber Optic,902.39,18022.82,44.73,561,12,1,0,UPI,Smartphone,Postpaid,Yes,No
CUST00022,47,Male,Hyderabad,30,One Year,Fiber Optic,770.46,23427.12,40.87,272,53,2,1,Credit Card,Feature Phone,Prepaid,Yes,No
CUST00023,55,Male,Ahmedabad,2,Month-to-Month,DSL,611.54,1170.05,31.05,358,12,5,3,Debit Card,Smartphone,Postpaid,No,Yes
CUST00024,19,Female,Delhi,13,Month-to-Month,No Internet,227.05,2677.52,7.86,111,74,1,0,Cash,Smartphone,Prepaid,No,Yes
CUST00025,38,Female,Jaipur,11,Month-to-Month,DSL,620.47,7131.03,24.34,392,32,2,1,Credit Card,Router Only,Prepaid,Yes,No
CUST00026,50,Female,Jaipur,7,Month-to-Month,DSL,628.91,4141.28,10.07,315,67,3,1,Credit Card,Smartphone,Postpaid,No,No
CUST00027,29,Male,Delhi,23,Month-to-Month,Fiber Optic,793.46,16570.66,52.07,163,60,0,0,UPI,Router Only,Prepaid,No,No
CUST00028,39,Male,Delhi,7,Month-to-Month,No Internet,223.25,1639.35,3.56,177,38,0,0,Credit Card,Tablet,Prepaid,No,Yes
CUST00029,61,Female,Lucknow,21,One Year,Fiber Optic,817.67,17103.62,45.39,327,19,5,1,Net Banking,Smartphone,Prepaid,No,No
CUST00030,42,Female,Hyderabad,51,Two Year,No Internet,347.06,17113.25,0.5,331,19,0,0,Credit Card,Smartphone,Postpaid,Yes,No
CUST00031,66,Male,Chennai,11,Month-to-Month,Fiber Optic,975.57,10985.62,39.28,539,14,2,1,UPI,Smartphone,Postpaid,No,Yes
CUST00032,44,Male,Chennai,21,One Year,No Internet,403.59,8542.66,0.5,364,89,0,0,Debit Card,Router Only,Prepaid,No,No
CUST00033,59,Female,Kolkata,23,Two Year,DSL,613.52,13604.19,28.09,66,39,1,0,UPI,Router Only,Prepaid,No,No
CUST00034,45,Female,Kolkata,10,Month-to-Month,Fiber Optic,895.85,8261.89,32.63,247,43,2,1,UPI,Smartphone,Postpaid,Yes,Yes
CUST00035,33,Male,Mumbai,46,Two Year,No Internet,332.97,15308.05,0.5,319,59,1,0,Cash,Smartphone,Prepaid,Yes,No
CUST00036,32,Female,Mumbai,11,Month-to-Month,Fiber Optic,860.63,9781.32,60.05,203,91,1,1,UPI,Smartphone,Prepaid,Yes,No
CUST00037,64,Male,Ahmedabad,37,Two Year,DSL,660.61,23889.97,17.96,586,0,0,0,Net Banking,Smartphone,Postpaid,No,No
CUST00038,68,Male,Kolkata,51,Month-to-Month,No Internet,323.77,16245.53,8.04,356,28,2,1,UPI,Router Only,Prepaid,No,No
CUST00039,61,Female,Chennai,2,Month-to-Month,Fiber Optic,958.68,1968.77,28.02,269,37,3,1,Cash,Router Only,Prepaid,Yes,Yes
CUST00040,69,Male,Lucknow,23,One Year,Fiber Optic,965.97,,,313,41,1,0,Debit Card,Smartphone,Postpaid,Yes,No
CUST00041,20,Female,Pune,49,Two Year,DSL,556.5,26759.6,39.72,29,62,2,1,UPI,Smartphone,Prepaid,No,No
CUST00042,54,Female,Mumbai,4,Month-to-Month,DSL,630.32,2286.34,19.15,514,0,0,0,Debit Card,Smartphone,Postpaid,No,Yes
CUST00043,68,Female,Ahmedabad,25,One Year,No Internet,372.05,8583.72,0.5,575,0,2,1,Credit Card,Smartphone,Postpaid,Yes,No
CUST00044,24,Male,Bangalore,38,One Year,DSL,496.52,19668.51,31.47,178,64,1,0,UPI,Router Only,Prepaid,No,No
CUST00045,38,Male,Delhi,12,Month-to-Month,Fiber Optic,1042.76,12825.27,52.87,240,79,0,0,Net Banking,Tablet,Postpaid,Yes,No
CUST00046,26,Male,Mumbai,2,Month-to-Month,No Internet,475.95,947.34,3.82,494,58,2,1,UPI,Smartphone,Postpaid,No,No
CUST00047,56,Female,Kolkata,15,Month-to-Month,No Internet,360.64,5249.12,16.76,613,11,2,1,Debit Card,Smartphone,Postpaid,Yes,No
CUST00048,35,Female,Lucknow,4,Month-to-Month,Fiber Optic,1057.22,4066.61,57.13,472,24,8,2,Debit Card,Router Only,Postpaid,Yes,Yes
CUST00049,21,Female,Mumbai,29,One Year,Fiber Optic,838.92,22056.8,75.27,221,54,0,0,Debit Card,Feature Phone,Prepaid,No,No
CUST00050,42,Female,Mumbai,34,Two Year,Fiber Optic,986.68,34565.17,57.97,440,35,1,1,Cash,Smartphone,Postpaid,Yes,No
CUST00051,31,Female,Chennai,8,One Year,No Internet,266.33,2037.0,0.5,11,34,0,0,Debit Card,Smartphone,Prepaid,Yes,No
CUST00052,67,Female,Kolkata,38,Two Year,Fiber Optic,920.38,34199.36,31.43,612,5,2,1,Debit Card,Smartphone,Postpaid,Yes,No
CUST00053,26,Male,Kolkata,23,Month-to-Month,No Internet,379.85,8568.01,9.94,507,0,1,0,Debit Card,Smartphone,Postpaid,Yes,No
CUST00054,43,Male,Hyderabad,14,Month-to-Month,No Internet,249.15,3578.09,4.85,351,11,3,1,Credit Card,Smartphone,Prepaid,No,No
CUST00055,19,Female,Chennai,19,Two Year,Fiber Optic,776.16,13708.24,72.62,17,27,3,2,Credit Card,Smartphone,Prepaid,No,No
CUST00056,37,Male,Mumbai,23,Two Year,DSL,612.18,13675.36,20.62,319,78,1,0,UPI,Feature Phone,Prepaid,Yes,No
CUST00057,45,Male,Bangalore,7,Month-to-Month,Fiber Optic,790.67,5774.92,43.53,206,68,2,1,Net Banking,Tablet,Prepaid,Yes,No
CUST00058,64,Female,Mumbai,2,Month-to-Month,Fiber Optic,789.41,1589.06,33.64,289,32,1,1,Net Banking,Smartphone,Prepaid,Yes,No
CUST00059,24,Female,Jaipur,29,Two Year,DSL,629.0,17508.21,30.06,199,40,1,1,Net Banking,Smartphone,Postpaid,No,No
CUST00060,61,Male,Delhi,24,Month-to-Month,DSL,430.15,10270.2,13.14,120,38,2,1,Cash,Feature Phone,Prepaid,Yes,No
CUST00061,25,Female,Pune,18,Month-to-Month,DSL,548.8,9761.88,30.47,11,36,1,0,Credit Card,Smartphone,Prepaid,No,Yes
CUST00062,64,Female,Mumbai,30,One Year,No Internet,395.53,11649.62,17.87,420,0,1,0,Credit Card,Router Only,Postpaid,Yes,Yes
CUST00063,52,Male,Hyderabad,55,Two Year,Fiber Optic,969.49,52265.52,57.78,239,43,3,1,Credit Card,Smartphone,Postpaid,Yes,No
CUST00064,31,Male,Mumbai,7,One Year,DSL,420.0,2962.71,37.79,112,96,1,0,UPI,Smartphone,Prepaid,Yes,No
CUST00065,34,Male,Mumbai,20,One Year,No Internet,275.96,5697.42,0.5,193,35,1,0,UPI,Smartphone,Prepaid,Yes,No
CUST00066,53,Female,Mumbai,27,Month-to-Month,Fiber Optic,862.27,22388.42,28.73,245,21,1,1,UPI,Tablet,Prepaid,No,Yes
CUST00067,67,Female,Kolkata,23,One Year,DSL,685.93,16506.45,35.68,442,18,1,0,Debit Card,Smartphone,Postpaid,Yes,No
CUST00068,57,Female,Bangalore,0,Month-to-Month,DSL,703.65,703.65,6.54,403,32,1,0,Debit Card,Router Only,Postpaid,Yes,No
CUST00069,21,Female,Pune,26,Two Year,No Internet,189.23,4927.48,3.39,136,61,3,1,UPI,Feature Phone,Prepaid,Yes,No
CUST00070,19,Male,Bangalore,2,Month-to-Month,Fiber Optic,1042.85,1961.68,76.13,259,83,2,1,Credit Card,Router Only,Postpaid,Yes,Yes
CUST00071,23,Male,Hyderabad,21,One Year,DSL,530.26,11270.57,28.28,155,65,2,1,Net Banking,Router Only,Prepaid,No,No
CUST00072,59,Female,Hyderabad,25,Two Year,No Internet,353.04,8457.48,4.79,470,0,1,0,Cash,Smartphone,Postpaid,Yes,No
CUST00073,21,Male,Lucknow,23,Month-to-Month,Fiber Optic,772.01,16998.34,63.43,45,107,0,0,Debit Card,Smartphone,Prepaid,No,Yes
CUST00074,46,Male,Bangalore,39,Two Year,Fiber Optic,832.95,30219.11,38.56,338,64,2,1,Net Banking,Smartphone,Prepaid,Yes,No
CUST00075,35,Male,Mumbai,23,Month-to-Month,DSL,629.27,,,158,103,0,0,,Smartphone,Prepaid,No,Yes
CUST00076,43,Male,Jaipur,16,Month-to-Month,Fiber Optic,959.18,14615.83,34.94,253,15,2,1,Debit Card,Smartphone,Postpaid,No,Yes
CUST00077,61,Male,Delhi,19,Month-to-Month,DSL,561.62,10563.8,13.75,308,4,1,0,Credit Card,Router Only,Prepaid,Yes,No
CUST00078,51,Male,Ahmedabad,32,Two Year,Fiber Optic,967.75,28084.51,36.59,365,45,0,0,Debit Card,Router Only,Prepaid,Yes,No
CUST00079,27,Male,Delhi,72,Two Year,No Internet,310.31,20747.0,13.34,28,65,4,1,UPI,Feature Phone,Prepaid,Yes,No
CUST00080,53,Male,Pune,7,Month-to-Month,No Internet,446.77,2929.61,0.5,255,0,0,0,Credit Card,Smartphone,Postpaid,Yes,Yes
CUST00081,31,Female,Delhi,15,Month-to-Month,Fiber Optic,861.89,11999.12,51.93,317,3,3,1,Net Banking,Tablet,Prepaid,No,Yes
CUST00082,48,Female,Jaipur,41,Two Year,Fiber Optic,1058.82,39741.3,43.92,282,3,1,0,Cash,Feature Phone,Postpaid,No,No
CUST00083,65,Male,Chennai,6,Month-to-Month,DSL,350.23,1948.85,9.58,169,76,0,0,Credit Card,Smartphone,Prepaid,No,No
CUST00084,32,Female,Mumbai,14,One Year,Fiber Optic,792.07,11536.22,68.3,246,74,2,1,Debit Card,Smartphone,Prepaid,Yes,No
CUST00085,25,Male,Delhi,18,One Year,DSL,430.65,7887.22,27.02,33,70,4,1,UPI,Smartphone,Prepaid,Yes,No
CUST00086,31,Female,Bangalore,27,Two Year,Fiber Optic,980.73,27490.74,57.68,395,0,2,1,Net Banking,Smartphone,Postpaid,No,No
CUST00087,40,Female,Pune,24,One Year,Fiber Optic,971.02,24085.17,51.95,417,42,2,1,Debit Card,Smartphone,Postpaid,No,No
CUST00088,57,Female,Bangalore,13,Month-to-Month,Fiber Optic,821.98,10258.87,36.93,112,8,3,1,UPI,Feature Phone,Prepaid,Yes,Yes
CUST00089,38,Female,Mumbai,65,Two Year,Fiber Optic,920.1,57138.61,47.68,167,74,0,0,Net Banking,Smartphone,Postpaid,Yes,No
CUST00090,33,Male,Chennai,1,Month-to-Month,Fiber Optic,1068.03,1085.77,44.8,243,45,1,0,Debit Card,Router Only,Postpaid,No,Yes
CUST00091,62,Male,Bangalore,24,Month-to-Month,DSL,778.11,19331.45,20.83,574,0,1,0,Credit Card,Router Only,Postpaid,Yes,Yes
CUST00092,35,Female,Delhi,32,Month-to-Month,DSL,473.76,15352.75,25.08,151,80,0,0,Cash,Smartphone,Prepaid,No,Yes
CUST00093,64,Male,Delhi,42,Two Year,DSL,583.91,24210.7,16.74,365,0,1,0,Credit Card,Smartphone,Postpaid,Yes,No
CUST00094,41,Male,Pune,11,One Year,DSL,738.52,7990.19,24.31,281,51,1,0,Credit Card,Smartphone,Postpaid,No,No
CUST00095,43,Female,Lucknow,3,Month-to-Month,Fiber Optic,998.21,2903.42,55.36,432,34,1,0,Debit Card,Smartphone,Postpaid,Yes,Yes
CUST00096,42,Female,Mumbai,16,One Year,Fiber Optic,574.56,8900.6,23.44,233,59,4,2,Credit Card,Smartphone,Prepaid,No,No
CUST00097,62,Female,Kolkata,10,Month-to-Month,Fiber Optic,730.01,6631.93,29.38,226,54,1,1,Cash,Smartphone,Prepaid,Yes,No
CUST00098,58,Male,Delhi,30,Two Year,DSL,722.95,20220.47,23.17,285,12,0,0,Debit Card,Router Only,Postpaid,No,No
CUST00099,46,Female,Bangalore,30,Month-to-Month,DSL,540.73,14949.57,26.1,269,69,3,1,Net Banking,Smartphone,Prepaid,No,No
CUST00100,32,Male,Hyderabad,18,One Year,DSL,379.71,6632.46,24.31,115,54,1,0,Credit Card,Smartphone,Prepaid,Yes,Yes
CUST00101,62,Male,Mumbai,24,One Year,DSL,422.09,9556.21,15.33,302,81,4,2,Credit Card,Smartphone,Prepaid,No,No
CUST00102,18,Female,Hyderabad,9,Month-to-Month,Fiber Optic,784.7,6756.84,54.65,5,54,1,0,UPI,Tablet,Prepaid,Yes,No
CUST00103,42,Male,Jaipur,35,Two Year,No Internet,258.66,9467.03,5.14,355,24,1,0,Cash,Smartphone,Prepaid,No,No
CUST00104,24,Male,Lucknow,11,Month-to-Month,No Internet,358.0,,,295,21,0,0,,Feature Phone,Postpaid,No,No
CUST00105,26,Female,Delhi,10,One Year,Fiber Optic,817.26,7526.49,62.28,225,39,1,0,UPI,Smartphone,Prepaid,No,No
CUST00106,41,Male,Mumbai,25,One Year,DSL,616.15,15732.74,30.64,449,14,0,0,Credit Card,Tablet,Postpaid,No,No
CUST00107,18,Male,Lucknow,24,One Year,DSL,557.4,12927.2,36.77,116,57,1,0,Net Banking,Feature Phone,Postpaid,No,No
CUST00108,61,Male,Mumbai,0,Month-to-Month,DSL,667.32,667.32,13.89,327,0,0,0,Cash,Smartphone,Postpaid,Yes,Yes
CUST00109,25,Male,Pune,26,Two Year,No Internet,438.28,11554.34,0.5,339,34,1,0,UPI,Tablet,Postpaid,Yes,No
CUST00110,41,Male,Mumbai,9,Month-to-Month,DSL,556.95,4901.24,28.69,0,83,2,1,UPI,Feature Phone,Prepaid,No,Yes
CUST00111,28,Female,Bangalore,38,One Year,DSL,573.81,21978.09,23.71,206,19,1,0,Credit Card,Tablet,Postpaid,No,No
CUST00112,68,Female,Mumbai,17,One Year,DSL,682.19,12067.79,26.41,557,0,1,0,Credit Card,Smartphone,Postpaid,No,No
CUST00113,34,Male,Ahmedabad,46,Two Year,Fiber Optic,820.54,37018.46,58.46,242,43,0,0,Credit Card,Smartphone,Prepaid,Yes,No
CUST00114,25,Female,Jaipur,37,One Year,Fiber Optic,1058.52,36124.24,63.49,358,26,0,0,Debit Card,Smartphone,Postpaid,Yes,No
CUST00115,52,Male,Mumbai,4,Month-to-Month,Fiber Optic,737.0,2904.49,34.34,358,72,2,1,Net Banking,Tablet,Prepaid,No,Yes
CUST00116,52,Male,Ahmedabad,29,Two Year,Fiber Optic,954.59,25109.66,39.73,539,83,1,0,UPI,Smartphone,Postpaid,No,No
CUST00117,50,Female,Bangalore,47,Month-to-Month,No Internet,246.45,11213.26,4.73,365,20,2,1,Credit Card,Tablet,Prepaid,Yes,No
CUST00118,22,Male,Delhi,14,Month-to-Month,Fiber Optic,850.45,11114.05,58.69,311,54,5,2,Net Banking,Smartphone,Postpaid,No,No
CUST00119,59,Other,Kolkata,47,Two Year,No Internet,331.01,15508.07,3.7,114,39,0,0,Cash,Smartphone,Prepaid,Yes,No
CUST00120,56,Male,Chennai,15,One Year,No Internet,194.68,2803.09,12.08,173,26,1,0,UPI,Feature Phone,Prepaid,Yes,No
CUST00121,58,Female,Mumbai,58,Month-to-Month,No Internet,199.19,11289.62,0.5,230,47,3,2,UPI,Smartphone,Prepaid,No,No
CUST00122,45,Male,Mumbai,29,One Year,Fiber Optic,787.67,23613.62,43.12,291,64,4,1,Credit Card,Smartphone,Prepaid,Yes,Yes
CUST00123,24,Male,Lucknow,52,Month-to-Month,Fiber Optic,849.65,42808.33,57.66,10,55,0,0,Debit Card,Router Only,Prepaid,No,No
CUST00124,26,Male,Ahmedabad,3,Month-to-Month,Fiber Optic,834.1,2626.41,67.77,230,28,3,1,Debit Card,Smartphone,Prepaid,Yes,Yes
CUST00125,25,Female,Kolkata,3,Month-to-Month,No Internet,399.4,1102.92,0.5,332,25,0,0,Cash,Smartphone,Postpaid,Yes,Yes
CUST00126,29,Female,Delhi,16,One Year,No Internet,229.34,3774.38,0.5,160,49,1,0,UPI,Router Only,Prepaid,Yes,No
CUST00127,51,Female,Kolkata,22,One Year,Fiber Optic,691.55,14521.98,36.73,519,18,3,1,Net Banking,Smartphone,Prepaid,No,No
CUST00128,50,Male,Mumbai,41,One Year,Fiber Optic,827.38,34577.25,36.13,152,78,0,0,Credit Card,Smartphone,Prepaid,Yes,No
CUST00129,65,Male,Lucknow,1,Month-to-Month,DSL,454.43,454.43,24.69,362,36,2,1,Debit Card,Tablet,Prepaid,No,No
CUST00130,40,Male,Delhi,19,One Year,Fiber Optic,1044.96,19426.72,55.19,317,25,3,1,Credit Card,Router Only,Postpaid,Yes,No
CUST00131,41,Female,Bangalore,9,Month-to-Month,No Internet,268.72,2369.97,0.5,301,44,0,0,Net Banking,Feature Phone,Prepaid,Yes,No
CUST00132,54,Female,Bangalore,0,Month-to-Month,No Internet,281.31,281.31,0.5,96,51,3,1,Credit Card,Router Only,Prepaid,Yes,Yes
CUST00133,52,Male,Ahmedabad,17,Two Year,DSL,420.88,6496.75,8.42,216,84,1,1,UPI,Smartphone,Prepaid,Yes,No
CUST00134,61,Female,Kolkata,1,Month-to-Month,DSL,686.45,686.45,17.42,422,0,1,0,Credit Card,Smartphone,Postpaid,Yes,Yes
CUST00135,57,Male,Bangalore,24,One Year,DSL,474.74,10298.26,14.27,335,32,2,1,UPI,Feature Phone,Prepaid,Yes,No
CUST00136,39,Female,Chennai,43,Two Year,Fiber Optic,870.78,37779.52,56.53,168,86,3,1,UPI,Tablet,Prepaid,Yes,No
CUST00137,44,Female,Ahmedabad,17,Month-to-Month,No Internet,436.29,7035.34,6.56,447,20,0,0,UPI,Smartphone,Postpaid,Yes,No
CUST00138,52,Male,Delhi,21,One Year,No Internet,419.74,8456.74,0.5,236,38,1,0,Credit Card,Feature Phone,Postpaid,Yes,No
CUST00139,18,Male,Kolkata,43,One Year,Fiber Optic,1164.51,50721.51,67.78,315,52,1,0,UPI,Router Only,Postpaid,Yes,No
CUST00140,52,Other,Lucknow,11,Month-to-Month,Fiber Optic,914.82,9284.49,55.09,387,37,1,0,UPI,Smartphone,Postpaid,No,No
CUST00141,54,Female,Delhi,24,One Year,Fiber Optic,870.66,20842.13,31.33,315,0,1,0,Cash,Router Only,Prepaid,No,Yes
CUST00142,64,Female,Delhi,25,One Year,No Internet,287.36,7082.69,0.5,437,0,2,1,Credit Card,Feature Phone,Prepaid,Yes,No
CUST00143,31,Female,Bangalore,3,Month-to-Month,Fiber Optic,796.19,2299.12,46.97,172,86,5,1,Cash,Smartphone,Prepaid,Yes,Yes
CUST00144,20,Male,Delhi,1,Month-to-Month,DSL,606.39,606.39,29.61,348,14,2,1,UPI,Smartphone,Postpaid,No,No
CUST00145,18,Female,Hyderabad,27,Two Year,Fiber Optic,759.75,19570.14,67.48,57,45,1,0,Credit Card,Tablet,Prepaid,No,No
CUST00146,22,Female,Pune,17,One Year,No Internet,169.79,2712.28,7.66,58,34,1,0,UPI,Smartphone,Prepaid,No,No
CUST00147,43,Female,Chennai,43,Month-to-Month,DSL,654.89,25721.7,18.21,420,0,1,0,UPI,Tablet,Postpaid,No,No
CUST00148,31,Male,Mumbai,6,Month-to-Month,Fiber Optic,990.59,5875.73,59.55,389,33,6,3,Debit Card,Tablet,Postpaid,No,Yes
CUST00149,56,Male,Pune,26,One Year,Fiber Optic,794.79,21574.17,17.1,155,37,3,1,UPI,Smartphone,Prepaid,Yes,No
CUST00150,44,Male,Pune,7,Month-to-Month,Fiber Optic,1095.85,7830.89,35.11,341,9,3,1,UPI,Router Only,Postpaid,Yes,Yes
CUST00151,26,Male,Jaipur,3,Month-to-Month,DSL,645.56,1770.35,34.1,306,110,1,0,UPI,Feature Phone,Postpaid,Yes,No
CUST00152,32,Male,Delhi,10,One Year,DSL,481.41,4491.15,32.22,214,45,1,0,UPI,Smartphone,Prepaid,Yes,No
CUST00153,32,Male,Pune,37,One Year,Fiber Optic,818.05,30189.37,69.44,278,49,2,1,UPI,Smartphone,Prepaid,No,No
CUST00154,43,Male,Jaipur,36,Month-to-Month,DSL,634.75,20572.92,18.15,328,47,1,0,Debit Card,Smartphone,Postpaid,No,No
CUST00155,59,Male,Hyderabad,12,Month-to-Month,Fiber Optic,795.41,9396.64,34.39,196,49,1,1,Credit Card,Smartphone,Prepaid,No,No
CUST00156,30,Female,Bangalore,14,Month-to-Month,No Internet,243.49,3566.0,1.2,227,66,0,0,UPI,Tablet,Prepaid,Yes,No
CUST00157,68,Male,Delhi,3,Month-to-Month,Fiber Optic,870.28,2487.66,40.28,348,10,3,1,Debit Card,Tablet,Postpaid,No,No
CUST00158,49,Male,Ahmedabad,4,Month-to-Month,No Internet,415.7,1719.38,0.5,432,50,1,0,Credit Card,Feature Phone,Postpaid,No,Yes
CUST00159,56,Male,Bangalore,7,Month-to-Month,DSL,430.79,2762.75,19.82,222,30,3,1,Debit Card,Tablet,Prepaid,No,No
CUST00160,66,Male,Jaipur,28,Month-to-Month,DSL,476.18,12092.69,24.78,649,36,0,0,Credit Card,Smartphone,Prepaid,No,No
CUST00161,69,Female,Ahmedabad,8,Month-to-Month,Fiber Optic,924.28,7040.06,43.63,283,38,2,1,UPI,Smartphone,Prepaid,Yes,Yes
CUST00162,49,Male,Bangalore,43,Two Year,Fiber Optic,964.26,40916.67,55.24,236,7,4,2,UPI,Router Only,Prepaid,Yes,No
CUST00163,21,Female,Chennai,3,Month-to-Month,DSL,455.94,1402.27,21.72,152,65,4,1,Net Banking,Smartphone,Prepaid,Yes,Yes
CUST00164,47,Female,Delhi,35,Month-to-Month,DSL,441.25,14328.8,24.53,374,45,3,1,Debit Card,Smartphone,Prepaid,No,No
CUST00165,54,Female,Mumbai,7,Month-to-Month,Fiber Optic,776.47,5105.0,29.64,333,38,1,0,Debit Card,Tablet,Prepaid,No,Yes
CUST00166,40,Female,Pune,1,Month-to-Month,No Internet,261.97,261.97,0.5,254,23,1,0,UPI,Smartphone,Prepaid,Yes,Yes
CUST00167,56,Female,Pune,68,Two Year,Fiber Optic,941.47,60939.35,22.5,473,0,4,2,Cash,Router Only,Postpaid,No,No
CUST00168,62,Female,Bangalore,43,Month-to-Month,Fiber Optic,774.88,30009.45,41.23,146,39,2,1,Cash,Smartphone,Prepaid,No,No
CUST00169,32,Male,Kolkata,48,Two Year,DSL,569.25,25946.49,23.16,215,27,1,0,UPI,Smartphone,Prepaid,No,No
CUST00170,60,Male,Mumbai,23,Month-to-Month,No Internet,380.64,8221.69,0.5,499,8,2,1,UPI,Feature Phone,Postpaid,No,Yes
CUST00171,46,Female,Hyderabad,38,Two Year,Fiber Optic,740.75,27466.32,52.13,221,73,5,1,UPI,Smartphone,Prepaid,No,No
CUST00172,53,Male,Hyderabad,7,Month-to-Month,DSL,575.99,3698.92,15.42,511,54,1,0,UPI,Tablet,Postpaid,No,No
CUST00173,30,Male,Bangalore,6,Month-to-Month,DSL,575.14,3460.36,30.07,375,26,1,0,UPI,Smartphone,Postpaid,No,Yes
CUST00174,49,Female,Lucknow,2,Month-to-Month,No Internet,325.55,614.71,0.5,320,63,7,3,Debit Card,Smartphone,Prepaid,No,No
CUST00175,24,Female,Pune,6,Month-to-Month,Fiber Optic,912.42,5115.85,66.05,204,53,1,0,Debit Card,Router Only,Prepaid,No,Yes
CUST00176,68,Male,Hyderabad,8,Month-to-Month,No Internet,244.96,1853.25,3.59,425,0,3,1,UPI,Smartphone,Prepaid,No,Yes
CUST00177,39,Female,Hyderabad,3,Month-to-Month,Fiber Optic,849.82,2470.18,55.58,268,57,5,2,Net Banking,Tablet,Prepaid,Yes,Yes
CUST00178,45,Male,Delhi,12,One Year,Fiber Optic,947.37,11745.21,41.11,76,59,2,1,Debit Card,Router Only,Prepaid,No,No
CUST00179,19,Female,Bangalore,12,Month-to-Month,Fiber Optic,794.22,9560.27,70.04,238,73,3,1,UPI,Smartphone,Prepaid,No,Yes
CUST00180,59,Male,Pune,3,Month-to-Month,Fiber Optic,980.71,2726.2,28.85,546,0,4,1,UPI,Feature Phone,Postpaid,Yes,Yes
CUST00181,62,Male,Jaipur,1,Month-to-Month,DSL,573.7,574.22,18.75,410,65,1,0,Debit Card,Tablet,Postpaid,No,Yes
CUST00182,23,Female,Kolkata,5,One Year,DSL,743.14,3429.48,45.34,326,54,1,0,UPI,Router Only,Postpaid,Yes,No
CUST00183,45,Male,Mumbai,3,Month-to-Month,Fiber Optic,791.62,2250.88,37.23,302,84,1,0,Cash,Smartphone,Prepaid,Yes,Yes
CUST00184,45,Female,Bangalore,1,Month-to-Month,Fiber Optic,815.06,815.06,41.47,248,47,4,2,Debit Card,Router Only,Prepaid,No,Yes
CUST00185,61,Male,Delhi,0,Month-to-Month,Fiber Optic,925.28,925.28,38.14,460,15,3,2,Net Banking,Smartphone,Postpaid,Yes,Yes
CUST00186,61,Male,Delhi,51,Two Year,Fiber Optic,1068.35,52879.17,32.69,658,40,1,0,Debit Card,Smartphone,Postpaid,Yes,No
CUST00187,37,Female,Hyderabad,11,One Year,Fiber Optic,825.32,8965.31,53.18,210,54,1,0,Net Banking,Smartphone,Prepaid,No,No
CUST00188,47,Male,Hyderabad,5,Month-to-Month,Fiber Optic,793.01,3974.62,37.97,239,24,2,1,Net Banking,Smartphone,Prepaid,Yes,Yes
CUST00189,28,Male,Mumbai,2,Month-to-Month,Fiber Optic,733.56,1532.05,59.99,168,73,2,1,Net Banking,Tablet,Prepaid,Yes,Yes
CUST00190,45,Male,Chennai,1,Month-to-Month,DSL,603.34,624.98,18.22,252,46,2,1,Cash,Smartphone,Prepaid,Yes,Yes
CUST00191,42,Female,Pune,9,Month-to-Month,No Internet,409.53,3597.25,6.22,170,62,2,1,Credit Card,Router Only,Prepaid,No,No
CUST00192,56,Female,Mumbai,31,One Year,Fiber Optic,838.39,26286.88,28.71,343,27,5,2,Debit Card,Smartphone,Prepaid,Yes,No
CUST00193,50,Other,Kolkata,18,Month-to-Month,Fiber Optic,773.64,13449.41,34.63,88,34,2,1,UPI,Smartphone,Prepaid,Yes,No
CUST00194,18,Male,Mumbai,65,Month-to-Month,DSL,614.03,41704.23,22.55,351,72,0,0,UPI,Router Only,Postpaid,Yes,No
CUST00195,44,Male,Hyderabad,34,One Year,Fiber Optic,879.49,27260.89,50.41,289,71,3,1,Net Banking,Smartphone,Prepaid,Yes,Yes
CUST00196,69,Male,Kolkata,1,Month-to-Month,DSL,731.99,731.99,28.92,432,0,2,1,Credit Card,Feature Phone,Postpaid,No,Yes
CUST00197,30,Female,Hyderabad,11,Month-to-Month,No Internet,248.26,2563.68,11.52,98,62,1,0,UPI,Smartphone,Prepaid,No,Yes
CUST00198,58,Male,Jaipur,10,Month-to-Month,DSL,420.11,3958.66,26.26,336,87,2,1,Net Banking,Smartphone,Prepaid,No,No
CUST00199,20,Female,Delhi,0,Month-to-Month,DSL,670.68,670.68,34.42,473,54,4,2,Credit Card,Smartphone,Postpaid,No,Yes
CUST00200,56,Male,Chennai,20,Two Year,Fiber Optic,1036.38,20534.64,38.59,158,38,3,2,UPI,Router Only,Postpaid,No,No
CUST00201,23,Other,Chennai,12,One Year,Fiber Optic,1044.15,12956.62,62.83,411,43,5,2,Debit Card,Smartphone,Postpaid,Yes,Yes
CUST00202,25,Female,Pune,6,Month-to-Month,DSL,647.74,3537.02,31.86,439,0,1,0,Net Banking,Tablet,Postpaid,Yes,No
CUST00203,44,Female,Ahmedabad,11,Month-to-Month,No Internet,241.63,2723.87,3.96,137,37,0,0,Credit Card,Smartphone,Prepaid,Yes,No
CUST00204,26,Male,Pune,0,Month-to-Month,No Internet,370.61,370.61,0.5,476,0,1,1,Credit Card,Smartphone,Postpaid,No,No
CUST00205,54,Male,Kolkata,26,Month-to-Month,Fiber Optic,1028.21,26423.26,37.99,423,32,0,0,Credit Card,Router Only,Postpaid,No,Yes
CUST00206,50,Male,Mumbai,0,Two Year,Fiber Optic,882.71,882.71,23.85,268,18,2,1,Credit Card,Smartphone,Postpaid,Yes,Yes
CUST00207,68,Male,Bangalore,10,Month-to-Month,Fiber Optic,1110.86,10934.03,28.79,500,26,1,0,UPI,Router Only,Postpaid,No,Yes
CUST00208,59,Male,Chennai,40,Two Year,Fiber Optic,972.45,35558.45,45.44,460,31,0,0,Net Banking,Router Only,Postpaid,No,No
CUST00209,61,Female,Hyderabad,1,Month-to-Month,No Internet,391.55,391.55,0.72,383,32,0,0,UPI,Smartphone,Postpaid,No,Yes
CUST00210,41,Male,Lucknow,39,Two Year,Fiber Optic,818.83,29041.72,57.23,357,73,1,0,Credit Card,Smartphone,Prepaid,Yes,No
CUST00211,32,Female,Mumbai,19,One Year,Fiber Optic,852.36,14581.62,57.91,331,0,2,1,Debit Card,Smartphone,Postpaid,No,No
CUST00212,49,Female,Bangalore,23,One Year,No Internet,364.98,7809.07,0.5,453,17,1,0,Debit Card,Smartphone,Postpaid,Yes,No
CUST00213,49,Male,Chennai,22,Month-to-Month,Fiber Optic,809.22,16816.89,50.61,206,19,2,1,UPI,Smartphone,Prepaid,Yes,Yes
CUST00214,41,Female,Ahmedabad,57,Two Year,DSL,745.15,42600.06,24.08,335,26,2,1,UPI,Router Only,Postpaid,Yes,No
CUST00215,58,Male,Jaipur,6,Month-to-Month,Fiber Optic,947.63,5444.97,36.67,333,40,2,1,UPI,Smartphone,Postpaid,Yes,Yes
CUST00216,69,Male,Bangalore,43,Two Year,Fiber Optic,715.56,29950.74,24.94,459,45,5,2,Debit Card,Smartphone,Prepaid,Yes,No
CUST00217,66,Male,Delhi,19,One Year,Fiber Optic,724.4,13622.63,40.47,342,31,0,0,UPI,Feature Phone,Prepaid,No,No
CUST00218,66,Female,Bangalore,4,Month-to-Month,DSL,536.39,1942.0,25.88,237,52,2,1,UPI,Smartphone,Prepaid,No,Yes
CUST00219,69,Male,Bangalore,46,Two Year,DSL,557.58,,,319,38,1,0,Credit Card,Smartphone,Prepaid,Yes,No
CUST00220,29,Male,Lucknow,58,Two Year,DSL,718.22,40158.26,30.54,450,44,0,0,Cash,Smartphone,Postpaid,Yes,No
CUST00221,56,Female,Bangalore,40,One Year,DSL,495.86,18629.48,32.02,259,30,0,0,Credit Card,Smartphone,Prepaid,Yes,No
CUST00222,19,Male,Mumbai,3,Month-to-Month,No Internet,285.08,817.93,0.78,205,34,0,0,UPI,Smartphone,Prepaid,Yes,No
CUST00223,20,Female,Bangalore,21,Two Year,Fiber Optic,855.8,17504.16,55.43,256,64,3,1,Cash,Smartphone,Postpaid,No,No
CUST00224,66,Female,Bangalore,12,One Year,No Internet,321.64,3814.37,12.02,457,64,1,0,Debit Card,Feature Phone,Postpaid,Yes,No
CUST00225,54,Other,Ahmedabad,18,One Year,Fiber Optic,776.86,13194.52,39.7,99,34,1,1,Credit Card,Smartphone,Prepaid,No,No
CUST00226,66,Male,Delhi,53,Two Year,Fiber Optic,792.5,42199.39,13.02,289,39,1,0,UPI,Tablet,Prepaid,No,No
CUST00227,34,Male,Mumbai,6,Month-to-Month,Fiber Optic,921.49,5689.68,67.6,300,26,1,0,Debit Card,Smartphone,Postpaid,Yes,No
CUST00228,66,Male,Lucknow,14,Month-to-Month,Fiber Optic,779.9,10045.11,32.24,415,75,2,1,UPI,Smartphone,Prepaid,Yes,No
CUST00229,19,Male,Delhi,0,One Year,No Internet,324.54,324.54,15.95,257,75,1,0,Net Banking,Smartphone,Postpaid,Yes,No
CUST00230,19,Male,Kolkata,17,Month-to-Month,Fiber Optic,913.23,14778.7,66.29,239,66,1,0,UPI,Smartphone,Postpaid,Yes,No
CUST00231,45,Male,Bangalore,20,One Year,Fiber Optic,717.2,13136.21,40.44,307,66,1,0,UPI,Smartphone,Prepaid,Yes,No
CUST00232,40,Female,Chennai,7,Month-to-Month,DSL,717.58,4981.37,23.73,310,32,2,1,UPI,Smartphone,Postpaid,No,Yes
CUST00233,54,Female,Delhi,3,Month-to-Month,Fiber Optic,735.03,2054.27,40.33,266,26,1,1,Net Banking,Smartphone,Prepaid,Yes,Yes
CUST00234,49,Male,Mumbai,18,Month-to-Month,No Internet,289.53,5399.38,8.03,234,67,3,2,UPI,Tablet,Prepaid,Yes,Yes
CUST00235,50,Male,Hyderabad,0,Month-to-Month,No Internet,345.29,345.29,0.5,232,23,2,1,Cash,Router Only,Prepaid,Yes,Yes
CUST00236,18,Male,Mumbai,72,Month-to-Month,Fiber Optic,980.19,71208.32,58.49,225,36,0,0,UPI,Smartphone,Postpaid,Yes,Yes
CUST00237,36,Male,Hyderabad,12,Month-to-Month,Fiber Optic,902.02,10809.17,52.84,301,67,0,0,Credit Card,Router Only,Prepaid,No,Yes
CUST00238,19,Female,Mumbai,3,Month-to-Month,Fiber Optic,769.83,2240.86,60.67,94,19,1,0,Debit Card,Smartphone,Prepaid,No,No
CUST00239,61,Female,Pune,15,One Year,DSL,473.39,6940.8,7.08,324,61,2,1,Net Banking,Smartphone,Prepaid,Yes,No
CUST00240,43,Female,Jaipur,26,Two Year,Fiber Optic,1006.66,24182.39,45.38,423,49,3,1,Credit Card,Smartphone,Postpaid,No,No
CUST00241,49,Female,Delhi,29,Month-to-Month,DSL,453.44,11891.66,15.62,305,51,4,2,Net Banking,Smartphone,Prepaid,Yes,No
CUST00242,23,Female,Mumbai,24,Month-to-Month,DSL,481.59,12037.57,25.98,124,73,0,0,UPI,Smartphone,Prepaid,Yes,No
CUST00243,49,Female,Ahmedabad,2,Month-to-Month,Fiber Optic,999.89,1810.55,33.44,205,20,3,1,Cash,Router Only,Prepaid,Yes,Yes
CUST00244,21,Male,Chennai,12,Month-to-Month,Fiber Optic,931.02,11020.07,76.25,375,58,1,1,Net Banking,Smartphone,Postpaid,Yes,No
CUST00245,28,Female,Delhi,41,Two Year,Fiber Optic,799.86,33516.46,48.38,125,44,2,1,UPI,Smartphone,Prepaid,No,No
CUST00246,34,Male,Hyderabad,12,Month-to-Month,DSL,545.43,5895.69,30.51,318,3,1,0,Net Banking,Smartphone,Postpaid,Yes,No
CUST00247,55,Male,Mumbai,3,Month-to-Month,Fiber Optic,783.89,2251.35,39.39,225,56,2,1,Cash,Smartphone,Prepaid,Yes,No
CUST00248,41,Male,Mumbai,40,Month-to-Month,Fiber Optic,892.15,33748.47,54.9,213,54,2,1,Debit Card,Router Only,Prepaid,Yes,No
CUST00249,22,Male,Lucknow,43,Two Year,Fiber Optic,781.83,31308.0,69.0,134,113,2,1,Cash,Smartphone,Prepaid,No,No
CUST00250,69,Female,Kolkata,31,Month-to-Month,DSL,675.97,19379.35,11.76,455,26,1,0,Credit Card,Smartphone,Postpaid,Yes,No
CUST00251,51,Male,Pune,21,One Year,Fiber Optic,890.94,17896.57,45.22,162,23,3,1,Net Banking,Router Only,Prepaid,No,No
CUST00252,23,Male,Mumbai,1,Month-to-Month,No Internet,204.66,204.66,0.5,172,70,0,0,Debit Card,Smartphone,Prepaid,Yes,No
CUST00253,39,Male,Delhi,13,Month-to-Month,DSL,620.34,7494.08,34.75,456,39,2,1,UPI,Smartphone,Postpaid,Yes,Yes
CUST00254,28,Female,Ahmedabad,9,Two Year,DSL,525.32,4643.09,35.37,116,56,1,0,Net Banking,Feature Phone,Prepaid,No,No
CUST00255,65,Male,Delhi,0,Month-to-Month,No Internet,320.61,320.61,0.5,501,0,1,0,UPI,Smartphone,Postpaid,Yes,No
CUST00256,33,Female,Bangalore,31,One Year,DSL,483.27,13656.73,28.53,378,21,0,0,UPI,Tablet,Prepaid,No,No
CUST00257,50,Female,Mumbai,13,One Year,DSL,654.76,8764.98,18.54,301,57,4,1,Credit Card,Smartphone,Postpaid,Yes,Yes
CUST00258,26,Female,Chennai,8,Month-to-Month,Fiber Optic,879.26,6787.93,65.51,167,75,1,0,Cash,Smartphone,Prepaid,Yes,Yes
CUST00259,23,Female,Mumbai,26,Month-to-Month,DSL,591.61,15758.82,23.48,185,22,0,0,Debit Card,Smartphone,Prepaid,Yes,No
CUST00260,33,Male,Mumbai,22,One Year,Fiber Optic,928.32,18539.3,46.72,179,108,2,1,Credit Card,Router Only,Prepaid,No,No
CUST00261,46,Male,Ahmedabad,7,Month-to-Month,Fiber Optic,793.6,5530.45,47.75,130,69,1,0,UPI,Smartphone,Prepaid,No,Yes
CUST00262,20,Female,Chennai,4,Month-to-Month,Fiber Optic,1121.46,4588.02,75.38,326,82,6,2,Debit Card,Router Only,Postpaid,No,Yes
CUST00263,37,Male,Delhi,3,Month-to-Month,DSL,707.48,2131.89,21.51,311,95,1,0,UPI,Smartphone,Postpaid,No,No
CUST00264,53,Male,Pune,14,One Year,DSL,522.29,7505.6,14.32,309,48,2,1,Debit Card,Tablet,Prepaid,Yes,No
CUST00265,36,Female,Mumbai,23,Two Year,DSL,697.94,14717.59,24.39,553,39,0,0,Debit Card,Tablet,Postpaid,No,No
CUST00266,43,Male,Bangalore,46,Two Year,DSL,626.04,26658.17,15.33,402,0,2,1,Cash,Smartphone,Postpaid,No,No
CUST00267,20,Female,Chennai,14,Month-to-Month,Fiber Optic,714.89,9246.68,49.31,304,72,1,0,Cash,Smartphone,Prepaid,Yes,Yes
CUST00268,36,Male,Mumbai,6,Month-to-Month,Fiber Optic,849.02,5069.6,50.39,116,44,1,1,Net Banking,Feature Phone,Prepaid,Yes,Yes
CUST00269,37,Female,Bangalore,3,Month-to-Month,Fiber Optic,933.6,2939.71,64.68,392,13,1,0,Net Banking,Smartphone,Postpaid,Yes,Yes
CUST00270,49,Female,Pune,21,Month-to-Month,Fiber Optic,951.89,19235.47,29.3,447,0,0,0,Credit Card,Smartphone,Postpaid,No,Yes
CUST00271,24,Female,Jaipur,31,Two Year,DSL,657.41,21134.49,13.93,231,55,2,1,UPI,Smartphone,Postpaid,Yes,No
CUST00272,69,Male,Hyderabad,30,One Year,DSL,705.5,21881.79,30.95,345,0,4,2,Net Banking,Smartphone,Postpaid,No,Yes
CUST00273,58,Female,Delhi,23,One Year,Fiber Optic,909.2,21367.29,47.71,412,36,1,0,Debit Card,Smartphone,Postpaid,No,Yes
CUST00274,50,Female,Bangalore,29,Month-to-Month,No Internet,161.67,4557.01,2.55,63,12,0,0,Credit Card,Smartphone,Prepaid,Yes,No
CUST00275,57,Male,Bangalore,56,Two Year,No Internet,413.83,21963.14,7.13,516,0,3,1,Debit Card,Smartphone,Postpaid,Yes,No
CUST00276,56,Male,Bangalore,21,Two Year,Fiber Optic,870.51,16606.22,36.17,217,83,0,0,UPI,Smartphone,Prepaid,Yes,No
CUST00277,35,Female,Bangalore,0,Month-to-Month,DSL,665.64,665.64,10.95,400,63,1,0,Credit Card,Router Only,Postpaid,No,Yes
CUST00278,57,Female,Chennai,21,Month-to-Month,Fiber Optic,959.55,20776.08,40.69,482,0,3,1,Debit Card,Smartphone,Postpaid,Yes,Yes
CUST00279,18,Male,Delhi,21,Month-to-Month,DSL,516.02,10534.69,39.09,152,54,1,1,Cash,Smartphone,Prepaid,No,Yes
CUST00280,28,Female,Mumbai,3,Month-to-Month,Fiber Optic,1057.04,2854.78,62.69,222,38,1,0,Debit Card,Feature Phone,Postpaid,No,Yes
CUST00281,45,Male,Hyderabad,33,Two Year,DSL,680.8,22900.26,8.69,270,45,0,0,UPI,Smartphone,Postpaid,No,No
CUST00282,42,Male,Mumbai,43,Month-to-Month,Fiber Optic,833.19,32937.79,22.38,229,71,2,1,UPI,Router Only,Prepaid,No,No
CUST00283,67,Female,Lucknow,20,One Year,No Internet,274.3,5072.8,0.5,173,22,1,0,Net Banking,Smartphone,Prepaid,Yes,No
CUST00284,40,Female,Bangalore,26,One Year,DSL,756.87,18400.81,11.08,297,26,3,1,UPI,Router Only,Postpaid,No,No
CUST00285,48,Female,Ahmedabad,2,Month-to-Month,Fiber Optic,819.63,1523.11,31.86,193,53,3,1,Credit Card,Smartphone,Prepaid,No,Yes
CUST00286,47,Other,Jaipur,4,Month-to-Month,DSL,398.48,1605.87,19.66,107,14,2,1,Credit Card,Smartphone,Prepaid,No,No
CUST00287,59,Male,Ahmedabad,40,Two Year,DSL,428.47,17843.25,37.83,321,30,4,1,UPI,Tablet,Prepaid,No,No
CUST00288,52,Male,Delhi,34,Month-to-Month,DSL,586.45,18295.54,16.03,397,22,1,0,Credit Card,Smartphone,Postpaid,No,No
CUST00289,24,Male,Lucknow,28,One Year,No Internet,509.22,13666.46,0.5,436,40,3,2,Debit Card,Feature Phone,Postpaid,No,No
CUST00290,33,Female,Delhi,10,One Year,No Internet,251.89,2494.25,4.92,365,109,2,1,Debit Card,Smartphone,Prepaid,No,No
CUST00291,43,Female,Delhi,9,Month-to-Month,DSL,443.34,3873.93,22.79,117,48,0,0,Credit Card,Smartphone,Prepaid,No,No
CUST00292,65,Male,Bangalore,44,Two Year,Fiber Optic,814.25,34120.51,45.83,91,0,2,1,Debit Card,Smartphone,Prepaid,Yes,No
CUST00293,69,Male,Mumbai,24,Month-to-Month,Fiber Optic,961.96,21552.56,20.72,436,8,0,0,Debit Card,Smartphone,Postpaid,No,Yes
CUST00294,66,Male,Mumbai,25,One Year,No Internet,275.23,6763.28,0.5,295,18,2,1,Credit Card,Smartphone,Prepaid,Yes,Yes
CUST00295,19,Female,Mumbai,11,One Year,No Internet,183.15,1966.78,11.9,17,74,0,0,Net Banking,Tablet,Prepaid,Yes,No
CUST00296,18,Male,Mumbai,16,Month-to-Month,Fiber Optic,813.68,13653.08,77.78,179,29,3,1,Cash,Tablet,Prepaid,No,Yes
CUST00297,65,Male,Pune,7,Month-to-Month,DSL,574.24,3897.32,22.28,259,44,0,0,Debit Card,Router Only,Prepaid,No,No
CUST00298,29,Female,Mumbai,34,One Year,DSL,455.23,15983.6,28.25,324,80,0,0,Credit Card,Smartphone,Prepaid,Yes,No
CUST00299,22,Female,Hyderabad,23,One Year,DSL,725.01,17369.58,49.6,255,44,0,0,Cash,Smartphone,Postpaid,No,Yes
CUST00300,54,Female,Lucknow,42,Month-to-Month,No Internet,330.14,13162.2,11.72,111,16,0,0,Net Banking,Smartphone,Prepaid,No,Yes
CUST00301,49,Female,Bangalore,40,One Year,Fiber Optic,1065.16,40256.81,46.46,229,30,4,1,Net Banking,Router Only,Postpaid,Yes,No
CUST00302,26,Male,Chennai,26,One Year,No Internet,367.2,9941.67,14.75,234,25,2,1,Debit Card,Smartphone,Postpaid,Yes,No
CUST00303,58,Female,Lucknow,5,Month-to-Month,Fiber Optic,805.65,3974.56,32.36,354,48,5,3,UPI,Smartphone,Prepaid,Yes,Yes
CUST00304,52,Female,Delhi,5,Month-to-Month,DSL,289.7,1345.36,23.52,287,46,3,1,Cash,Smartphone,Prepaid,No,Yes
CUST00305,36,Female,Bangalore,30,Month-to-Month,Fiber Optic,889.04,25026.83,44.22,202,5,4,2,UPI,Smartphone,Prepaid,Yes,No
CUST00306,65,Male,Ahmedabad,1,Month-to-Month,DSL,594.07,594.07,27.36,255,62,4,1,UPI,Tablet,Prepaid,Yes,Yes
CUST00307,33,Male,Jaipur,3,Month-to-Month,DSL,741.61,2109.82,29.2,384,52,1,0,UPI,Feature Phone,Postpaid,No,Yes
CUST00308,20,Male,Chennai,31,Two Year,DSL,548.1,,,86,109,0,0,,Router Only,Prepaid,Yes,No
CUST00309,37,Male,Delhi,15,Month-to-Month,DSL,647.85,9200.39,37.35,485,0,0,0,Cash,Smartphone,Postpaid,Yes,Yes
CUST00310,41,Female,Jaipur,33,Month-to-Month,DSL,575.48,17742.71,22.89,93,7,1,0,Debit Card,Smartphone,Prepaid,Yes,Yes
CUST00311,50,Male,Delhi,19,One Year,Fiber Optic,862.89,14899.84,43.61,459,17,2,1,Debit Card,Smartphone,Postpaid,No,No
CUST00312,41,Male,Bangalore,0,Month-to-Month,No Internet,262.31,262.31,0.5,187,22,1,0,Credit Card,Smartphone,Prepaid,Yes,Yes
CUST00313,69,Male,Bangalore,4,Month-to-Month,Fiber Optic,1021.11,4072.58,33.94,606,0,3,1,Net Banking,Router Only,Postpaid,Yes,Yes
CUST00314,28,Male,Bangalore,21,One Year,DSL,370.4,8060.68,22.64,106,54,3,1,Debit Card,Smartphone,Prepaid,No,No
CUST00315,66,Male,Kolkata,30,One Year,Fiber Optic,831.09,22521.43,44.3,269,29,0,0,Credit Card,Tablet,Prepaid,No,No
CUST00316,25,Male,Kolkata,34,One Year,Fiber Optic,910.99,32159.66,69.86,59,34,2,1,Net Banking,Router Only,Prepaid,Yes,No
CUST00317,53,Male,Pune,14,One Year,Fiber Optic,954.39,13074.3,44.4,410,0,1,0,UPI,Smartphone,Postpaid,Yes,No
CUST00318,55,Female,Delhi,12,Month-to-Month,No Internet,331.63,3662.35,0.5,511,14,2,1,Net Banking,Smartphone,Postpaid,Yes,No
CUST00319,57,Female,Chennai,43,Two Year,Fiber Optic,868.49,35021.82,33.67,253,13,1,0,UPI,Smartphone,Prepaid,No,No
CUST00320,37,Male,Kolkata,10,Month-to-Month,Fiber Optic,972.69,8965.73,44.02,424,41,2,1,Debit Card,Smartphone,Postpaid,Yes,Yes
CUST00321,52,Female,Bangalore,5,Month-to-Month,DSL,525.72,2454.99,11.41,141,100,1,0,Credit Card,Smartphone,Prepaid,Yes,Yes
CUST00322,65,Female,Lucknow,12,Month-to-Month,Fiber Optic,856.14,9651.11,35.79,483,12,1,0,UPI,Smartphone,Prepaid,No,Yes
CUST00323,42,Female,Ahmedabad,4,Month-to-Month,No Internet,434.18,1714.97,10.02,381,27,3,2,Credit Card,Smartphone,Postpaid,No,Yes
CUST00324,52,Male,Chennai,6,Month-to-Month,No Internet,210.61,1186.83,1.58,158,26,0,0,UPI,Smartphone,Prepaid,Yes,No
CUST00325,42,Male,Delhi,42,One Year,DSL,679.44,27786.4,10.09,282,0,1,0,UPI,Tablet,Postpaid,No,No
CUST00326,46,Male,Pune,13,Month-to-Month,Fiber Optic,954.18,,,350,25,1,0,Credit Card,Smartphone,Postpaid,Yes,Yes
CUST00327,35,Male,Jaipur,14,Month-to-Month,Fiber Optic,803.12,11432.27,54.44,55,78,2,1,UPI,Smartphone,Prepaid,Yes,No
CUST00328,63,Male,Bangalore,39,One Year,Fiber Optic,985.12,39666.03,25.03,396,42,2,1,Net Banking,Smartphone,Postpaid,Yes,No
CUST00329,35,Female,Ahmedabad,29,One Year,Fiber Optic,738.26,19778.81,51.53,262,35,1,0,Cash,Smartphone,Prepaid,No,No
CUST00330,19,Male,Mumbai,7,Month-to-Month,Fiber Optic,746.87,5210.47,65.66,119,78,1,0,UPI,Router Only,Prepaid,Yes,No
CUST00331,52,Male,Chennai,12,Month-to-Month,No Internet,328.66,3616.4,7.79,322,97,1,0,Credit Card,Router Only,Prepaid,Yes,No
CUST00332,33,Female,Chennai,1,Month-to-Month,DSL,550.59,550.59,32.35,459,29,1,0,Net Banking,Smartphone,Postpaid,Yes,No
CUST00333,58,Male,Pune,9,Month-to-Month,Fiber Optic,775.9,6881.89,44.11,159,98,1,0,UPI,Smartphone,Prepaid,No,No
CUST00334,53,Female,Jaipur,5,One Year,Fiber Optic,697.85,3636.15,31.52,201,19,2,1,Cash,Smartphone,Prepaid,No,No
CUST00335,50,Female,Mumbai,0,Month-to-Month,DSL,503.37,503.37,20.55,124,0,1,0,UPI,Smartphone,Prepaid,No,No
CUST00336,21,Female,Mumbai,16,Month-to-Month,Fiber Optic,792.37,13075.81,67.38,238,109,2,1,Debit Card,Tablet,Prepaid,No,No
CUST00337,50,Other,Pune,8,Month-to-Month,No Internet,244.24,1955.42,17.34,239,53,0,0,Cash,Tablet,Prepaid,Yes,No
CUST00338,31,Male,Delhi,63,Two Year,Fiber Optic,1083.06,69078.49,54.32,502,25,5,2,UPI,Router Only,Postpaid,Yes,No
CUST00339,38,Female,Hyderabad,2,Month-to-Month,No Internet,416.37,777.13,4.91,267,87,2,1,Credit Card,Router Only,Prepaid,No,Yes
CUST00340,65,Female,Delhi,26,One Year,DSL,613.51,15519.44,22.71,448,41,5,2,UPI,Smartphone,Postpaid,Yes,Yes
CUST00341,37,Female,Delhi,10,Month-to-Month,No Internet,262.03,2674.44,0.5,307,71,2,1,Credit Card,Smartphone,Prepaid,Yes,Yes
CUST00342,25,Male,Pune,13,One Year,Fiber Optic,962.68,12503.3,61.09,482,13,2,1,Net Banking,Smartphone,Postpaid,Yes,No
CUST00343,24,Female,Kolkata,52,Two Year,Fiber Optic,860.82,40495.48,63.5,310,25,0,0,UPI,Smartphone,Postpaid,No,No
CUST00344,20,Male,Delhi,8,Month-to-Month,DSL,552.66,4422.23,24.54,120,75,4,1,Credit Card,Smartphone,Prepaid,No,No
CUST00345,34,Female,Mumbai,21,Two Year,No Internet,194.01,3784.18,0.5,184,102,0,0,Net Banking,Smartphone,Prepaid,Yes,No
CUST00346,50,Male,Delhi,25,One Year,DSL,603.72,15691.35,22.92,299,26,1,0,UPI,Smartphone,Postpaid,No,No
CUST00347,65,Female,Bangalore,27,One Year,DSL,629.81,17674.34,16.34,479,0,1,0,Credit Card,Smartphone,Postpaid,No,No
CUST00348,29,Female,Delhi,0,One Year,Fiber Optic,735.85,735.85,58.38,189,96,2,1,Credit Card,Smartphone,Prepaid,Yes,No
CUST00349,68,Male,Bangalore,0,Month-to-Month,Fiber Optic,998.12,998.12,42.14,381,0,2,1,Net Banking,Router Only,Postpaid,Yes,No
CUST00350,39,Male,Pune,2,Month-to-Month,Fiber Optic,977.64,1793.23,36.28,506,9,2,1,Debit Card,Feature Phone,Postpaid,No,Yes
CUST00351,39,Male,Pune,44,Two Year,DSL,577.56,26267.09,29.33,369,15,0,0,Net Banking,Smartphone,Postpaid,Yes,No
CUST00352,63,Female,Mumbai,0,Month-to-Month,Fiber Optic,1004.2,1004.2,38.12,580,39,1,0,Credit Card,Smartphone,Postpaid,No,Yes
CUST00353,47,Female,Pune,61,Two Year,Fiber Optic,741.94,46687.85,31.94,251,0,2,1,Debit Card,Tablet,Prepaid,Yes,No
CUST00354,55,Female,Jaipur,20,One Year,DSL,546.09,11231.52,21.65,230,36,1,0,Net Banking,Smartphone,Prepaid,Yes,No
CUST00355,55,Female,Bangalore,2,Month-to-Month,No Internet,274.36,564.59,6.69,239,36,0,0,UPI,Smartphone,Prepaid,Yes,No
CUST00356,62,Female,Mumbai,11,One Year,DSL,435.65,4479.23,20.08,227,56,3,1,Debit Card,Smartphone,Prepaid,No,No
CUST00357,68,Male,Chennai,17,Two Year,DSL,591.1,10036.94,22.82,543,0,1,1,Cash,Tablet,Postpaid,No,Yes
CUST00358,25,Male,Mumbai,3,Month-to-Month,No Internet,283.01,883.7,0.5,295,50,2,1,Credit Card,Tablet,Prepaid,No,Yes
CUST00359,44,Female,Pune,2,Month-to-Month,Fiber Optic,961.58,1827.55,41.07,108,44,1,0,Net Banking,Router Only,Prepaid,No,No
CUST00360,44,Male,Ahmedabad,11,One Year,Fiber Optic,950.97,10449.2,53.56,398,0,0,0,UPI,Smartphone,Postpaid,No,No
CUST00361,51,Male,Bangalore,34,Two Year,DSL,716.86,23274.87,0.5,440,49,0,0,Credit Card,Smartphone,Postpaid,Yes,No
CUST00362,38,Male,Pune,25,One Year,Fiber Optic,1020.3,23967.89,51.34,327,51,1,0,UPI,Smartphone,Postpaid,Yes,Yes
CUST00363,47,Male,Pune,9,Month-to-Month,Fiber Optic,746.39,6866.38,44.02,201,26,0,0,Cash,Smartphone,Prepaid,No,Yes
CUST00364,50,Female,Delhi,5,Month-to-Month,Fiber Optic,877.41,4072.8,27.21,324,51,2,1,UPI,Smartphone,Prepaid,No,Yes
CUST00365,45,Male,Mumbai,50,Two Year,DSL,538.93,24690.44,18.51,141,67,1,0,UPI,Smartphone,Prepaid,Yes,No
CUST00366,64,Female,Jaipur,11,Month-to-Month,Fiber Optic,748.71,7751.48,35.6,120,58,2,1,Debit Card,Smartphone,Prepaid,Yes,Yes
CUST00367,50,Male,Jaipur,7,Month-to-Month,Fiber Optic,863.63,5846.38,35.84,312,69,5,2,Net Banking,Router Only,Prepaid,Yes,No
CUST00368,22,Male,Kolkata,8,Month-to-Month,Fiber Optic,866.85,7073.28,68.38,115,84,0,0,Cash,Smartphone,Prepaid,No,Yes
CUST00369,65,Male,Jaipur,26,Month-to-Month,Fiber Optic,889.23,21616.82,37.5,408,59,2,1,Net Banking,Tablet,Prepaid,No,Yes
CUST00370,36,Female,Mumbai,42,Month-to-Month,No Internet,238.35,10371.85,3.24,187,70,1,1,Net Banking,Smartphone,Prepaid,Yes,No
CUST00371,21,Female,Mumbai,46,Month-to-Month,No Internet,390.4,17643.71,0.5,213,34,1,0,Credit Card,Smartphone,Prepaid,No,No
CUST00372,52,Female,Bangalore,13,One Year,No Internet,492.0,6440.75,0.5,474,22,0,0,Net Banking,Smartphone,Postpaid,No,No
CUST00373,66,Female,Delhi,13,Month-to-Month,No Internet,291.09,3548.31,12.49,284,23,2,1,Credit Card,Tablet,Prepaid,Yes,No
CUST00374,34,Female,Kolkata,7,Month-to-Month,Fiber Optic,834.51,5996.06,36.7,158,60,3,1,Net Banking,Smartphone,Prepaid,No,Yes
CUST00375,61,Female,Lucknow,16,Month-to-Month,No Internet,285.6,4134.07,0.5,199,0,2,1,Credit Card,Smartphone,Prepaid,No,No
CUST00376,45,Female,Ahmedabad,36,Two Year,Fiber Optic,857.13,28748.93,35.36,450,0,1,0,UPI,Smartphone,Postpaid,Yes,No
CUST00377,47,Female,Hyderabad,29,One Year,DSL,464.16,13689.37,22.65,445,94,2,1,UPI,Smartphone,Prepaid,Yes,No
CUST00378,46,Male,Mumbai,2,Month-to-Month,Fiber Optic,947.32,1723.61,41.88,450,32,5,1,Net Banking,Smartphone,Postpaid,No,Yes
CUST00379,63,Female,Mumbai,23,Month-to-Month,No Internet,227.87,5183.15,6.64,335,57,2,1,Net Banking,Smartphone,Prepaid,Yes,No
CUST00380,23,Female,Bangalore,14,One Year,Fiber Optic,838.67,11840.58,77.77,87,102,3,1,Debit Card,Smartphone,Prepaid,No,No
CUST00381,52,Female,Pune,21,Two Year,Fiber Optic,960.39,19884.59,39.76,488,0,2,1,Debit Card,Feature Phone,Postpaid,Yes,No
CUST00382,58,Male,Bangalore,25,Month-to-Month,No Internet,285.02,6521.31,0.5,388,45,1,0,Cash,Smartphone,Prepaid,Yes,No
CUST00383,54,Female,Jaipur,16,Month-to-Month,DSL,488.38,7734.06,23.87,242,39,0,0,Credit Card,Smartphone,Prepaid,Yes,Yes
CUST00384,41,Female,Ahmedabad,5,One Year,DSL,579.66,2874.22,31.5,178,65,1,0,UPI,Smartphone,Prepaid,Yes,Yes
CUST00385,46,Male,Delhi,27,One Year,DSL,613.37,16110.21,16.2,211,8,2,1,Cash,Router Only,Prepaid,Yes,No
CUST00386,66,Female,Delhi,22,One Year,Fiber Optic,937.01,19679.8,37.82,394,18,1,0,Net Banking,Feature Phone,Postpaid,Yes,No
CUST00387,63,Male,Pune,10,Month-to-Month,DSL,541.0,5066.65,13.07,449,39,1,0,UPI,Smartphone,Prepaid,Yes,Yes
CUST00388,48,Male,Mumbai,3,Month-to-Month,Fiber Optic,845.63,2312.4,43.84,428,38,4,2,UPI,Smartphone,Prepaid,No,No
CUST00389,52,Male,Kolkata,15,Month-to-Month,No Internet,255.7,3472.21,0.5,316,0,0,0,UPI,Smartphone,Prepaid,No,Yes
CUST00390,50,Male,Chennai,10,Month-to-Month,DSL,410.13,4178.08,20.49,298,79,0,0,Debit Card,Tablet,Prepaid,No,Yes
CUST00391,69,Female,Mumbai,31,Two Year,No Internet,308.94,9374.38,0.5,238,21,0,0,Credit Card,Feature Phone,Prepaid,No,Yes
CUST00392,38,Male,Hyderabad,6,Month-to-Month,DSL,404.73,2239.35,39.86,237,25,1,0,Net Banking,Tablet,Prepaid,Yes,Yes
CUST00393,49,Male,Bangalore,18,One Year,Fiber Optic,870.42,14322.56,26.01,346,0,4,1,Credit Card,Smartphone,Postpaid,No,No
CUST00394,40,Male,Ahmedabad,49,Month-to-Month,DSL,656.9,29408.96,20.82,392,49,2,1,UPI,Smartphone,Postpaid,No,No
CUST00395,50,Male,Delhi,2,Month-to-Month,Fiber Optic,774.48,1427.58,54.57,422,27,0,0,UPI,Smartphone,Prepaid,Yes,No
CUST00396,20,Male,Jaipur,9,Two Year,Fiber Optic,955.57,7776.91,78.47,276,16,3,1,Debit Card,Smartphone,Postpaid,Yes,No
CUST00397,35,Female,Pune,18,One Year,No Internet,338.81,6188.57,3.1,207,50,2,1,Credit Card,Smartphone,Prepaid,Yes,No
CUST00398,42,Male,Pune,35,Two Year,Fiber Optic,976.27,32632.51,37.41,321,36,0,0,Net Banking,Smartphone,Postpaid,Yes,No
CUST00399,59,Female,Delhi,3,Month-to-Month,DSL,606.36,1715.68,19.65,411,58,1,0,UPI,Smartphone,Postpaid,Yes,No
CUST00400,48,Female,Chennai,9,Month-to-Month,Fiber Optic,852.92,7439.47,39.38,255,14,2,1,Net Banking,Tablet,Prepaid,No,Yes
CUST00401,20,Male,Chennai,2,Month-to-Month,Fiber Optic,717.87,1359.09,70.06,129,85,1,0,Credit Card,Feature Phone,Prepaid,Yes,Yes
CUST00402,57,Female,Hyderabad,6,Month-to-Month,DSL,613.72,3699.21,20.47,511,42,1,0,Credit Card,Smartphone,Postpaid,Yes,Yes
CUST00403,63,Male,Kolkata,18,Month-to-Month,No Internet,398.65,6778.39,3.39,382,37,2,1,Credit Card,Feature Phone,Postpaid,No,No
CUST00404,41,Male,Hyderabad,45,Two Year,DSL,616.06,27531.79,21.06,350,47,1,0,Credit Card,Smartphone,Postpaid,No,No
CUST00405,67,Male,Ahmedabad,12,Month-to-Month,Fiber Optic,842.65,9668.34,33.15,305,36,2,1,Credit Card,Feature Phone,Prepaid,Yes,No
CUST00406,49,Male,Mumbai,37,Two Year,Fiber Optic,803.52,28581.94,47.91,270,111,2,1,UPI,Smartphone,Prepaid,Yes,No
CUST00407,64,Female,Kolkata,23,Month-to-Month,No Internet,368.92,8633.29,0.5,455,46,0,0,Credit Card,Router Only,Prepaid,Yes,No
CUST00408,39,Female,Delhi,19,One Year,DSL,658.72,12237.76,30.64,500,48,0,0,Credit Card,Smartphone,Postpaid,No,No
CUST00409,40,Male,Kolkata,11,Month-to-Month,No Internet,307.26,3247.47,3.3,56,82,0,0,Credit Card,Smartphone,Prepaid,Yes,No
CUST00410,19,Female,Lucknow,8,Month-to-Month,Fiber Optic,891.81,6772.05,60.0,201,42,2,1,UPI,Smartphone,Postpaid,Yes,Yes
CUST00411,44,Male,Bangalore,52,Two Year,No Internet,152.66,7925.11,12.95,121,36,1,0,UPI,Smartphone,Prepaid,Yes,No
CUST00412,59,Female,Hyderabad,1,Month-to-Month,No Internet,395.6,395.6,0.5,293,20,1,1,Debit Card,Router Only,Prepaid,Yes,No
CUST00413,19,Male,Pune,0,One Year,No Internet,308.09,308.09,1.92,151,65,4,2,UPI,Router Only,Prepaid,Yes,No
CUST00414,43,Male,Delhi,26,One Year,Fiber Optic,742.45,19326.85,55.12,465,47,3,2,UPI,Tablet,Prepaid,No,Yes
CUST00415,34,Male,Hyderabad,42,Two Year,DSL,609.62,24779.99,25.53,239,30,3,2,Credit Card,Router Only,Prepaid,Yes,No
CUST00416,57,Male,Bangalore,25,One Year,DSL,514.82,13463.78,20.01,225,14,2,1,Net Banking,Smartphone,Prepaid,No,No
CUST00417,50,Female,Ahmedabad,11,Month-to-Month,DSL,567.02,6051.76,24.77,244,86,1,0,Debit Card,Smartphone,Prepaid,Yes,Yes
CUST00418,26,Female,Ahmedabad,22,One Year,DSL,757.28,17351.6,40.18,328,77,1,0,Debit Card,Router Only,Postpaid,Yes,No
CUST00419,60,Male,Pune,0,Month-to-Month,DSL,652.82,652.82,0.5,426,64,2,1,Net Banking,Smartphone,Postpaid,Yes,No
CUST00420,65,Female,Pune,8,Month-to-Month,No Internet,210.32,1758.55,9.3,181,52,1,0,Credit Card,Smartphone,Prepaid,Yes,Yes
CUST00421,56,Female,Pune,7,Month-to-Month,DSL,741.28,,19.54,338,18,1,0,Credit Card,Tablet,Postpaid,Yes,Yes
CUST00422,46,Female,Bangalore,3,Month-to-Month,DSL,568.64,1620.36,26.97,311,60,4,2,Cash,Smartphone,Prepaid,No,Yes
CUST00423,59,Male,Bangalore,10,Month-to-Month,DSL,395.42,3907.75,23.81,296,13,2,1,UPI,Smartphone,Prepaid,No,Yes
CUST00424,43,Male,Hyderabad,20,Two Year,DSL,584.87,10698.49,6.37,125,22,3,1,Debit Card,Smartphone,Prepaid,Yes,No
CUST00425,52,Female,Jaipur,9,Month-to-Month,Fiber Optic,865.16,7838.7,46.99,290,32,1,0,Net Banking,Router Only,Prepaid,No,Yes
CUST00426,67,Female,Pune,35,Two Year,Fiber Optic,1014.65,33395.09,37.13,473,12,0,0,Credit Card,Tablet,Postpaid,Yes,No
CUST00427,42,Male,Hyderabad,25,Month-to-Month,DSL,523.81,12079.28,22.75,338,21,1,0,Credit Card,Feature Phone,Prepaid,Yes,No
CUST00428,41,Male,Kolkata,6,One Year,Fiber Optic,1108.47,6044.54,44.15,561,14,3,1,Credit Card,Router Only,Postpaid,No,No
CUST00429,30,Male,Bangalore,16,Month-to-Month,DSL,704.2,10841.92,18.98,189,27,1,0,Net Banking,Smartphone,Postpaid,No,No
CUST00430,24,Female,Pune,28,Month-to-Month,No Internet,277.19,7133.38,4.54,152,83,2,1,Debit Card,Smartphone,Prepaid,Yes,Yes
CUST00431,53,Female,Bangalore,38,Two Year,DSL,542.18,20084.78,19.97,264,34,0,0,Net Banking,Smartphone,Prepaid,No,No
CUST00432,62,Male,Mumbai,30,Two Year,No Internet,199.71,5759.78,2.12,297,33,1,0,Credit Card,Smartphone,Prepaid,Yes,No
CUST00433,37,Female,Chennai,34,Month-to-Month,DSL,688.35,24120.73,36.27,431,51,0,0,UPI,Smartphone,Prepaid,No,No
CUST00434,18,Female,Pune,35,Two Year,Fiber Optic,757.35,24146.53,68.71,0,64,3,1,Debit Card,Smartphone,Prepaid,No,No
CUST00435,25,Female,Bangalore,14,One Year,Fiber Optic,823.86,11868.06,60.57,173,73,1,0,Credit Card,Smartphone,Prepaid,Yes,No
CUST00436,63,Female,Chennai,43,Two Year,No Internet,405.0,17541.23,7.42,502,0,2,1,Net Banking,Smartphone,Postpaid,Yes,No
CUST00437,33,Female,Pune,16,One Year,No Internet,423.44,6754.05,0.5,360,23,2,1,Debit Card,Smartphone,Postpaid,No,No
CUST00438,31,Male,Kolkata,36,Two Year,Fiber Optic,736.46,27739.84,39.97,203,52,5,2,UPI,Smartphone,Prepaid,Yes,No
CUST00439,29,Female,Jaipur,53,Two Year,Fiber Optic,950.54,45712.51,66.36,367,4,2,1,Credit Card,Smartphone,Postpaid,Yes,No
CUST00440,68,Male,Bangalore,11,Month-to-Month,Fiber Optic,750.44,8036.74,22.61,341,52,1,0,Net Banking,Smartphone,Prepaid,Yes,No
CUST00441,40,Male,Lucknow,8,Month-to-Month,DSL,549.27,4435.42,36.46,403,29,1,0,Debit Card,Smartphone,Postpaid,No,Yes
CUST00442,32,Male,Chennai,26,Month-to-Month,DSL,473.3,12061.71,22.61,118,42,1,0,UPI,Smartphone,Prepaid,Yes,No
CUST00443,45,Male,Kolkata,15,One Year,DSL,756.95,10764.61,11.32,383,1,2,1,Net Banking,Smartphone,Postpaid,Yes,No
CUST00444,51,Male,Pune,40,Two Year,No Internet,366.63,13256.32,1.88,445,0,1,1,Credit Card,Smartphone,Postpaid,No,No
CUST00445,19,Male,Mumbai,8,One Year,DSL,675.43,,,242,85,1,0,,Smartphone,Postpaid,No,Yes
CUST00446,49,Female,Delhi,28,One Year,Fiber Optic,980.63,28276.66,53.57,379,39,3,1,Net Banking,Tablet,Postpaid,Yes,No
CUST00447,40,Male,Pune,2,Month-to-Month,Fiber Optic,852.57,1718.36,55.96,49,38,1,0,Debit Card,Smartphone,Prepaid,Yes,No
CUST00448,39,Female,Hyderabad,17,Month-to-Month,No Internet,260.45,4018.81,7.65,227,72,2,1,Net Banking,Smartphone,Prepaid,No,Yes
CUST00449,68,Male,Pune,0,Month-to-Month,DSL,550.93,550.93,13.29,242,67,4,2,Debit Card,Smartphone,Prepaid,Yes,Yes
CUST00450,42,Female,Hyderabad,24,One Year,Fiber Optic,928.76,22527.12,59.62,284,54,1,0,Debit Card,Router Only,Prepaid,No,No
CUST00451,39,Female,Mumbai,11,Month-to-Month,Fiber Optic,994.95,10938.97,66.74,164,29,1,0,Credit Card,Router Only,Prepaid,No,Yes
CUST00452,39,Male,Mumbai,14,Month-to-Month,DSL,599.78,8299.07,19.91,515,31,0,0,Credit Card,Smartphone,Postpaid,No,No
CUST00453,66,Female,Pune,25,Month-to-Month,Fiber Optic,1008.26,25337.95,30.41,468,0,1,1,Debit Card,Smartphone,Postpaid,No,Yes
CUST00454,69,Female,Mumbai,5,Month-to-Month,DSL,520.48,2567.07,28.46,368,34,2,1,Credit Card,Smartphone,Prepaid,Yes,No
CUST00455,59,Female,Pune,16,Month-to-Month,DSL,618.85,9623.03,19.08,408,21,3,1,Credit Card,Smartphone,Postpaid,Yes,No
CUST00456,23,Female,Bangalore,1,Month-to-Month,Fiber Optic,948.06,948.06,71.17,375,0,0,0,Debit Card,Smartphone,Postpaid,No,No
CUST00457,32,Female,Kolkata,47,Two Year,DSL,705.89,30217.81,42.02,249,29,1,0,Debit Card,Router Only,Prepaid,Yes,No
CUST00458,60,Female,Delhi,31,Month-to-Month,Fiber Optic,895.23,27164.67,51.34,180,57,2,1,Credit Card,Router Only,Prepaid,Yes,Yes
CUST00459,54,Male,Mumbai,28,Two Year,Fiber Optic,1005.77,28317.61,43.16,308,30,1,0,Credit Card,Smartphone,Postpaid,Yes,No
CUST00460,50,Male,Pune,0,Month-to-Month,Fiber Optic,816.34,816.34,48.16,98,25,0,0,Debit Card,Smartphone,Prepaid,No,Yes
CUST00461,25,Female,Chennai,31,Two Year,DSL,581.56,17731.73,34.0,252,31,4,1,Net Banking,Smartphone,Prepaid,No,No
CUST00462,61,Male,Mumbai,16,One Year,DSL,641.23,10409.52,32.33,374,0,0,0,UPI,Smartphone,Postpaid,Yes,No
CUST00463,61,Female,Jaipur,21,Two Year,Fiber Optic,862.47,16684.7,41.41,320,0,2,1,Cash,Feature Phone,Prepaid,Yes,No
CUST00464,22,Male,Mumbai,38,Two Year,No Internet,380.88,14654.06,5.94,333,79,0,0,Credit Card,Smartphone,Postpaid,Yes,No
CUST00465,56,Female,Bangalore,21,One Year,Fiber Optic,964.11,19356.19,45.53,372,46,6,3,Credit Card,Smartphone,Postpaid,No,Yes
CUST00466,21,Other,Mumbai,42,Two Year,DSL,579.04,24753.41,18.96,230,56,0,0,Debit Card,Smartphone,Postpaid,Yes,No
CUST00467,23,Male,Bangalore,25,One Year,DSL,591.65,13799.51,24.28,360,59,2,1,Credit Card,Smartphone,Postpaid,No,No
CUST00468,62,Male,Hyderabad,16,One Year,DSL,501.91,8184.08,15.47,255,27,0,0,Cash,Smartphone,Prepaid,No,No
CUST00469,49,Female,Mumbai,11,Month-to-Month,Fiber Optic,943.34,10571.04,28.57,313,0,5,3,UPI,Feature Phone,Postpaid,Yes,Yes
CUST00470,69,Female,Kolkata,40,Two Year,Fiber Optic,852.76,32343.14,26.64,414,0,1,0,UPI,Smartphone,Postpaid,Yes,No
CUST00471,47,Male,Bangalore,53,Two Year,DSL,514.8,27813.82,19.99,84,71,0,0,Credit Card,Smartphone,Prepaid,Yes,No
CUST00472,64,Male,Pune,3,Month-to-Month,Fiber Optic,909.61,2506.66,27.68,410,76,2,1,Net Banking,Router Only,Prepaid,Yes,Yes
CUST00473,52,Female,Mumbai,15,One Year,No Internet,194.92,2986.42,0.86,308,53,2,1,UPI,Feature Phone,Prepaid,Yes,No
CUST00474,57,Female,Bangalore,0,Two Year,Fiber Optic,860.57,,,333,57,4,2,UPI,Smartphone,Prepaid,Yes,No
CUST00475,69,Male,Delhi,40,One Year,Fiber Optic,952.63,39928.0,45.34,504,6,1,0,Net Banking,Smartphone,Postpaid,Yes,No
CUST00476,33,Male,Kolkata,11,Two Year,Fiber Optic,891.8,9693.08,46.26,483,31,2,1,Cash,Smartphone,Postpaid,No,No
CUST00477,30,Male,Chennai,6,Month-to-Month,DSL,546.23,3333.93,28.9,188,85,1,0,Credit Card,Smartphone,Prepaid,Yes,No
CUST00478,67,Male,Kolkata,1,Month-to-Month,DSL,532.93,532.93,16.86,392,0,2,1,Credit Card,Smartphone,Postpaid,No,No
CUST00479,59,Male,Bangalore,30,Month-to-Month,DSL,650.65,19262.25,23.15,374,8,1,0,Credit Card,Router Only,Postpaid,Yes,No
CUST00480,47,Female,Kolkata,22,Month-to-Month,Fiber Optic,865.91,18524.8,33.96,475,13,2,1,UPI,Smartphone,Postpaid,Yes,No
CUST00481,36,Male,Chennai,4,Month-to-Month,DSL,664.47,2447.22,27.0,249,0,1,0,Credit Card,Smartphone,Postpaid,No,No
CUST00482,34,Female,Delhi,8,Month-to-Month,Fiber Optic,987.04,7428.79,65.82,460,18,1,1,Net Banking,Smartphone,Postpaid,No,No
CUST00483,36,Male,Mumbai,18,Month-to-Month,DSL,598.63,11210.42,29.97,336,0,2,1,UPI,Smartphone,Postpaid,Yes,Yes
CUST00484,45,Female,Hyderabad,50,Month-to-Month,No Internet,522.34,24965.14,5.53,480,31,4,2,Net Banking,Router Only,Postpaid,No,Yes
CUST00485,43,Female,Chennai,2,Month-to-Month,Fiber Optic,1031.96,1874.94,34.26,398,22,4,1,UPI,Smartphone,Postpaid,No,Yes
CUST00486,54,Male,Delhi,33,One Year,Fiber Optic,914.17,30759.05,44.22,372,0,2,1,Net Banking,Smartphone,Postpaid,No,No
CUST00487,43,Female,Pune,0,Month-to-Month,Fiber Optic,865.61,865.61,49.09,520,48,4,1,Debit Card,Smartphone,Postpaid,Yes,Yes
CUST00488,40,Male,Hyderabad,23,Month-to-Month,No Internet,539.84,11747.39,0.5,381,18,1,0,Cash,Smartphone,Postpaid,Yes,No
CUST00489,26,Female,Hyderabad,21,Month-to-Month,DSL,512.39,10283.2,27.12,73,106,0,0,UPI,Smartphone,Prepaid,Yes,No
CUST00490,29,Female,Mumbai,35,Month-to-Month,Fiber Optic,877.16,29892.77,62.92,257,73,0,0,UPI,Feature Phone,Postpaid,Yes,Yes
CUST00491,18,Male,Chennai,44,Two Year,Fiber Optic,768.3,31148.04,67.06,173,55,0,0,Debit Card,Smartphone,Prepaid,Yes,No
CUST00492,18,Male,Delhi,1,Month-to-Month,DSL,498.31,522.65,31.41,229,45,2,1,Cash,Smartphone,Postpaid,No,Yes
CUST00493,64,Male,Delhi,38,Two Year,Fiber Optic,735.34,26732.94,47.45,269,18,2,1,Debit Card,Smartphone,Prepaid,Yes,No
CUST00494,51,Female,Pune,28,Month-to-Month,Fiber Optic,807.18,23249.01,30.54,254,0,1,0,Net Banking,Smartphone,Prepaid,No,No
CUST00495,49,Male,Mumbai,23,Two Year,DSL,515.74,12149.73,16.49,215,58,2,1,Debit Card,Tablet,Prepaid,Yes,No
CUST00496,65,Male,Bangalore,29,Month-to-Month,DSL,395.44,10777.09,13.78,461,32,0,0,Net Banking,Smartphone,Prepaid,Yes,No
CUST00497,42,Male,Mumbai,16,Month-to-Month,Fiber Optic,825.58,12045.31,53.15,318,42,1,0,Cash,Smartphone,Prepaid,Yes,Yes
CUST00498,57,Male,Bangalore,16,Two Year,Fiber Optic,925.01,14314.17,36.03,339,10,1,0,UPI,Smartphone,Postpaid,No,No
CUST00499,62,Female,Delhi,9,Month-to-Month,No Internet,269.6,2263.41,0.5,321,26,1,0,UPI,Smartphone,Prepaid,Yes,No
CUST00500,18,Male,Mumbai,19,One Year,Fiber Optic,1034.68,18811.34,65.07,426,24,1,0,Debit Card,Smartphone,Postpaid,Yes,No
CUST00501,33,Female,Hyderabad,3,Month-to-Month,DSL,645.75,2010.51,29.77,131,71,2,1,Credit Card,Router Only,Prepaid,Yes,Yes
CUST00502,56,Male,Hyderabad,17,One Year,DSL,648.45,10888.64,19.0,304,48,2,1,UPI,Smartphone,Postpaid,No,No
CUST00503,22,Male,Lucknow,58,Two Year,Fiber Optic,1027.64,57418.93,60.35,395,43,0,0,Credit Card,Router Only,Postpaid,No,No
CUST00504,39,Female,Bangalore,65,Two Year,DSL,443.9,28537.12,7.58,192,27,1,0,Debit Card,Feature Phone,Prepaid,Yes,No
CUST00505,46,Other,Bangalore,10,Month-to-Month,DSL,418.62,3833.19,15.0,185,17,1,0,Debit Card,Tablet,Prepaid,Yes,No
CUST00506,20,Female,Hyderabad,19,Month-to-Month,DSL,597.71,11516.13,35.55,373,89,1,1,Credit Card,Smartphone,Postpaid,Yes,Yes
CUST00507,29,Male,Mumbai,43,Two Year,DSL,695.31,29448.1,37.64,335,15,2,1,UPI,Smartphone,Postpaid,No,No
CUST00508,43,Male,Ahmedabad,28,Two Year,No Internet,383.35,11222.17,5.06,428,22,0,0,Credit Card,Feature Phone,Postpaid,Yes,No
CUST00509,33,Female,Chennai,4,Month-to-Month,DSL,546.86,2098.07,22.61,529,14,1,0,Net Banking,Smartphone,Postpaid,No,Yes
CUST00510,68,Male,Mumbai,29,One Year,Fiber Optic,862.55,23214.15,38.76,440,37,0,0,Debit Card,Router Only,Prepaid,No,No
CUST00511,54,Male,Kolkata,0,Month-to-Month,Fiber Optic,871.18,871.18,45.24,370,58,2,1,Debit Card,Smartphone,Prepaid,Yes,Yes
CUST00512,39,Female,Delhi,45,Two Year,Fiber Optic,928.35,42970.77,55.09,511,22,3,1,Debit Card,Smartphone,Postpaid,Yes,No
CUST00513,46,Female,Lucknow,59,Month-to-Month,No Internet,412.24,23571.06,13.97,498,20,1,1,Credit Card,Router Only,Postpaid,Yes,No
CUST00514,31,Other,Ahmedabad,17,One Year,No Internet,267.75,4295.79,0.5,270,27,1,0,UPI,Smartphone,Prepaid,Yes,No
CUST00515,45,Female,Chennai,19,One Year,Fiber Optic,909.01,17586.87,37.23,242,25,2,1,Credit Card,Router Only,Prepaid,No,Yes
CUST00516,22,Female,Delhi,15,Two Year,DSL,608.59,9225.36,41.97,300,62,0,0,UPI,Smartphone,Postpaid,Yes,No
CUST00517,64,Male,Mumbai,47,Two Year,Fiber Optic,818.29,39865.15,42.09,360,0,4,2,Debit Card,Smartphone,Prepaid,Yes,No
CUST00518,66,Male,Mumbai,2,Month-to-Month,No Internet,416.27,857.45,12.97,333,28,4,2,Debit Card,Tablet,Postpaid,Yes,No
CUST00519,47,Female,Mumbai,22,One Year,Fiber Optic,952.29,19162.69,46.16,361,0,1,0,UPI,Smartphone,Postpaid,Yes,No
CUST00520,63,Female,Hyderabad,21,Two Year,DSL,578.2,11240.72,2.2,266,66,4,1,Net Banking,Smartphone,Prepaid,Yes,No
CUST00521,69,Male,Lucknow,23,One Year,Fiber Optic,814.77,18160.71,30.91,381,46,4,1,Debit Card,Smartphone,Prepaid,Yes,Yes
CUST00522,22,Male,Bangalore,24,One Year,Fiber Optic,794.94,19731.27,65.21,155,84,5,2,Debit Card,Smartphone,Prepaid,No,Yes
CUST00523,29,Male,Pune,20,One Year,Fiber Optic,806.87,16330.01,52.92,273,61,2,1,UPI,Smartphone,Prepaid,Yes,No
CUST00524,33,Female,Pune,2,Month-to-Month,DSL,512.18,941.93,30.54,196,54,1,0,Net Banking,Smartphone,Prepaid,Yes,No
CUST00525,43,Male,Ahmedabad,8,One Year,Fiber Optic,973.83,7233.25,42.4,216,26,5,3,UPI,Smartphone,Postpaid,Yes,No
CUST00526,43,Male,Delhi,32,Month-to-Month,Fiber Optic,795.33,24677.34,35.85,308,25,0,0,Credit Card,Smartphone,Prepaid,Yes,No
CUST00527,65,Female,Bangalore,12,Month-to-Month,Fiber Optic,1137.91,13699.42,43.72,402,1,2,1,UPI,Router Only,Postpaid,No,No
CUST00528,38,Female,Kolkata,37,Two Year,DSL,588.23,20225.99,29.42,260,0,2,1,Cash,Feature Phone,Postpaid,Yes,No
CUST00529,56,Male,Kolkata,35,Month-to-Month,No Internet,299.03,9550.34,0.5,335,38,2,1,Debit Card,Smartphone,Prepaid,No,No
CUST00530,53,Female,Jaipur,40,Month-to-Month,DSL,468.35,16912.66,14.75,80,28,1,0,UPI,Feature Phone,Prepaid,No,No
CUST00531,50,Female,Pune,9,Month-to-Month,DSL,500.74,4144.27,15.51,251,64,0,0,Debit Card,Tablet,Prepaid,Yes,Yes
CUST00532,47,Male,Mumbai,38,Month-to-Month,Fiber Optic,867.68,31702.06,49.63,255,55,1,0,UPI,Smartphone,Prepaid,No,No
CUST00533,54,Male,Hyderabad,40,Two Year,DSL,686.41,28271.43,23.94,506,11,1,1,Credit Card,Tablet,Postpaid,No,No
CUST00534,40,Male,Delhi,39,One Year,DSL,654.19,23117.69,18.9,241,42,1,0,Debit Card,Smartphone,Postpaid,Yes,No
CUST00535,27,Male,Chennai,65,Month-to-Month,Fiber Optic,943.5,61447.88,58.55,380,43,1,1,UPI,Tablet,Postpaid,Yes,Yes
CUST00536,22,Female,Hyderabad,21,Month-to-Month,Fiber Optic,730.16,14108.16,75.93,272,71,2,1,Credit Card,Feature Phone,Prepaid,No,No
CUST00537,53,Male,Pune,15,Month-to-Month,Fiber Optic,1029.48,15036.72,41.08,362,15,2,1,Cash,Feature Phone,Postpaid,Yes,Yes
CUST00538,51,Female,Jaipur,34,Month-to-Month,Fiber Optic,956.23,,,361,30,1,0,,Smartphone,Postpaid,Yes,No
CUST00539,69,Male,Pune,12,One Year,Fiber Optic,828.97,10204.05,48.75,375,15,3,1,UPI,Smartphone,Prepaid,Yes,No
CUST00540,48,Male,Mumbai,11,Month-to-Month,Fiber Optic,880.56,9682.6,45.24,286,65,0,0,Debit Card,Smartphone,Prepaid,Yes,Yes
CUST00541,27,Female,Mumbai,17,One Year,Fiber Optic,780.69,12535.52,58.7,130,80,3,2,UPI,Smartphone,Prepaid,No,Yes
CUST00542,36,Male,Ahmedabad,3,Month-to-Month,DSL,581.78,1702.55,23.08,393,46,5,2,Cash,Smartphone,Postpaid,Yes,Yes
CUST00543,49,Male,Mumbai,3,Month-to-Month,DSL,607.36,1846.68,16.68,513,28,3,1,Credit Card,Smartphone,Postpaid,Yes,Yes
CUST00544,18,Male,Delhi,5,Month-to-Month,No Internet,330.53,1702.3,12.13,212,54,0,0,Net Banking,Smartphone,Postpaid,No,No
CUST00545,22,Male,Mumbai,15,Month-to-Month,Fiber Optic,901.45,13426.27,71.95,138,83,1,1,UPI,Smartphone,Prepaid,Yes,No
CUST00546,62,Female,Hyderabad,16,Two Year,Fiber Optic,921.23,14624.51,39.84,609,36,2,1,UPI,Smartphone,Postpaid,Yes,No
CUST00547,21,Male,Delhi,1,Month-to-Month,No Internet,285.9,285.9,6.28,273,35,2,1,Credit Card,Smartphone,Postpaid,Yes,No
CUST00548,33,Female,Jaipur,21,Month-to-Month,Fiber Optic,864.68,17762.33,61.58,334,11,4,2,Net Banking,Smartphone,Postpaid,No,Yes
CUST00549,41,Female,Lucknow,50,Two Year,DSL,623.83,31886.74,14.17,321,41,1,0,Credit Card,Smartphone,Prepaid,No,No
CUST00550,33,Male,Lucknow,3,One Year,DSL,665.93,2002.52,27.36,215,0,3,1,Cash,Smartphone,Postpaid,Yes,Yes
CUST00551,19,Male,Delhi,8,Month-to-Month,DSL,552.67,4010.76,30.86,116,74,3,1,Net Banking,Tablet,Prepaid,Yes,Yes
CUST00552,66,Female,Lucknow,12,Two Year,Fiber Optic,871.95,10515.04,25.27,516,25,0,0,UPI,Feature Phone,Postpaid,No,Yes
CUST00553,45,Female,Lucknow,7,Month-to-Month,No Internet,463.47,3115.8,9.15,304,17,3,1,Cash,Smartphone,Postpaid,No,Yes
CUST00554,49,Male,Lucknow,45,One Year,Fiber Optic,872.45,39362.13,42.24,437,7,1,0,Credit Card,Smartphone,Postpaid,No,No
CUST00555,44,Female,Pune,7,Month-to-Month,Fiber Optic,934.36,6682.35,48.27,347,15,1,0,Cash,Feature Phone,Postpaid,No,Yes
CUST00556,37,Male,Pune,24,One Year,DSL,616.68,13707.57,26.15,74,80,3,1,UPI,Router Only,Prepaid,No,No
CUST00557,41,Female,Delhi,50,Month-to-Month,DSL,650.18,33503.58,16.65,232,55,2,1,Credit Card,Smartphone,Postpaid,Yes,No
CUST00558,29,Male,Ahmedabad,7,Month-to-Month,No Internet,260.61,1695.09,0.5,12,110,2,1,UPI,Smartphone,Prepaid,Yes,No
CUST00559,67,Female,Delhi,30,One Year,Fiber Optic,751.98,21275.48,22.37,329,1,3,1,UPI,Smartphone,Prepaid,No,No
CUST00560,52,Female,Mumbai,7,One Year,DSL,485.93,3408.58,13.81,254,28,0,0,UPI,Smartphone,Prepaid,Yes,No
CUST00561,50,Male,Lucknow,24,One Year,DSL,584.05,14144.71,21.1,321,31,4,1,UPI,Feature Phone,Postpaid,Yes,No
CUST00562,50,Male,Bangalore,12,Two Year,Fiber Optic,1032.84,11946.29,51.95,452,26,1,1,Debit Card,Smartphone,Postpaid,Yes,No
CUST00563,68,Male,Delhi,8,Month-to-Month,DSL,641.89,4708.4,1.52,470,54,2,1,Debit Card,Feature Phone,Postpaid,Yes,No
CUST00564,60,Other,Lucknow,1,Month-to-Month,Fiber Optic,735.92,763.61,19.46,345,57,1,1,Cash,Smartphone,Prepaid,Yes,Yes
CUST00565,54,Male,Lucknow,12,One Year,DSL,605.16,6913.36,13.44,308,38,1,0,Debit Card,Smartphone,Prepaid,Yes,No
CUST00566,29,Male,Mumbai,20,One Year,No Internet,220.58,4610.5,9.55,234,30,2,1,Cash,Smartphone,Prepaid,Yes,No
CUST00567,20,Female,Ahmedabad,4,Month-to-Month,DSL,694.46,2853.89,36.52,438,37,2,1,Credit Card,Smartphone,Postpaid,Yes,Yes
CUST00568,18,Male,Bangalore,19,Month-to-Month,No Internet,218.3,3916.72,2.79,174,60,4,1,Debit Card,Smartphone,Prepaid,No,Yes
CUST00569,50,Female,Bangalore,27,One Year,DSL,653.84,17868.99,4.0,420,57,2,1,Credit Card,Smartphone,Postpaid,No,No
CUST00570,57,Female,Mumbai,23,Two Year,DSL,689.86,14930.58,4.82,444,0,0,0,Cash,Smartphone,Postpaid,Yes,No
CUST00571,27,Male,Delhi,33,One Year,No Internet,236.16,7043.43,12.97,288,69,1,0,Credit Card,Smartphone,Prepaid,No,No
CUST00572,60,Female,Mumbai,21,Month-to-Month,Fiber Optic,980.41,19341.75,38.4,601,0,2,1,Debit Card,Smartphone,Postpaid,Yes,Yes
CUST00573,61,Male,Delhi,29,One Year,No Internet,317.88,8518.1,9.98,208,33,1,0,Net Banking,Tablet,Prepaid,No,No
CUST00574,46,Male,Jaipur,40,Two Year,Fiber Optic,742.67,28107.87,50.45,231,31,0,0,Net Banking,Smartphone,Prepaid,Yes,No
CUST00575,30,Female,Pune,13,Two Year,No Internet,149.0,1882.14,20.61,395,60,0,0,Net Banking,Smartphone,Prepaid,Yes,No
CUST00576,29,Female,Jaipur,55,Two Year,DSL,623.54,31639.54,25.55,311,12,0,0,Cash,Smartphone,Postpaid,No,No
CUST00577,48,Male,Pune,51,Two Year,No Internet,302.76,14120.91,0.5,43,0,1,0,Cash,Feature Phone,Prepaid,Yes,No
CUST00578,63,Female,Delhi,2,Month-to-Month,No Internet,318.21,621.33,5.34,172,2,3,1,Net Banking,Router Only,Prepaid,Yes,Yes
CUST00579,19,Male,Lucknow,29,Month-to-Month,DSL,718.96,19852.17,41.6,258,46,1,0,UPI,Smartphone,Postpaid,No,No
CUST00580,68,Male,Jaipur,16,One Year,DSL,534.29,8266.74,4.45,188,64,2,1,UPI,Smartphone,Prepaid,Yes,No
CUST00581,67,Female,Bangalore,10,Month-to-Month,DSL,688.24,7216.52,13.24,546,26,0,0,Credit Card,Smartphone,Postpaid,No,No
CUST00582,52,Male,Delhi,4,Month-to-Month,Fiber Optic,941.2,3586.93,37.53,512,3,2,1,Net Banking,Smartphone,Postpaid,No,Yes
CUST00583,40,Male,Pune,48,Two Year,Fiber Optic,760.7,36167.18,50.01,146,63,4,2,Debit Card,Smartphone,Prepaid,Yes,No
CUST00584,34,Female,Pune,27,One Year,Fiber Optic,786.86,20662.71,60.49,205,57,2,1,Net Banking,Feature Phone,Prepaid,No,No
CUST00585,43,Female,Jaipur,7,Two Year,DSL,499.96,3536.77,33.99,96,82,2,1,UPI,Smartphone,Prepaid,No,Yes
CUST00586,25,Male,Delhi,64,Two Year,Fiber Optic,948.41,63595.15,69.82,405,39,1,1,Cash,Smartphone,Postpaid,Yes,No
CUST00587,46,Female,Delhi,11,Month-to-Month,Fiber Optic,804.93,8663.96,45.0,303,48,2,1,Credit Card,Smartphone,Prepaid,No,Yes
CUST00588,43,Female,Chennai,70,Two Year,Fiber Optic,930.14,62021.38,48.07,287,13,3,1,Net Banking,Smartphone,Postpaid,No,No
CUST00589,27,Female,Chennai,14,Month-to-Month,Fiber Optic,925.71,11979.83,62.01,436,78,1,0,UPI,Feature Phone,Postpaid,Yes,Yes
CUST00590,43,Female,Delhi,40,One Year,Fiber Optic,966.02,39485.27,61.86,185,45,0,0,Cash,Router Only,Prepaid,No,Yes
CUST00591,51,Male,Bangalore,9,Month-to-Month,Fiber Optic,893.37,7324.97,46.12,374,0,2,1,Debit Card,Smartphone,Postpaid,No,No
CUST00592,68,Male,Chennai,13,Month-to-Month,Fiber Optic,787.21,10102.85,27.7,231,32,1,1,Credit Card,Smartphone,Prepaid,Yes,No
CUST00593,58,Male,Pune,34,Two Year,DSL,590.76,20378.87,16.4,230,47,2,1,UPI,Smartphone,Prepaid,Yes,No
CUST00594,24,Female,Mumbai,49,Month-to-Month,Fiber Optic,790.78,35988.76,57.87,56,61,3,1,UPI,Tablet,Prepaid,No,Yes
CUST00595,21,Female,Hyderabad,23,One Year,No Internet,451.54,10095.79,13.34,172,62,2,1,Debit Card,Smartphone,Postpaid,Yes,No
CUST00596,67,Female,Kolkata,0,Month-to-Month,DSL,616.89,616.89,4.34,506,29,2,1,Cash,Smartphone,Postpaid,Yes,No
CUST00597,62,Other,Lucknow,8,Month-to-Month,Fiber Optic,838.1,6245.92,31.47,389,23,3,1,Credit Card,Router Only,Prepaid,No,Yes
CUST00598,28,Male,Mumbai,6,Month-to-Month,Fiber Optic,1056.76,6545.37,56.56,288,27,1,0,UPI,Feature Phone,Postpaid,No,Yes
CUST00599,46,Male,Mumbai,22,One Year,DSL,588.65,12689.31,17.93,411,37,3,1,Debit Card,Smartphone,Postpaid,Yes,No
CUST00600,53,Male,Jaipur,17,Month-to-Month,Fiber Optic,799.72,13981.96,31.09,145,38,0,0,Credit Card,Tablet,Prepaid,No,Yes
CUST00601,42,Male,Bangalore,37,Month-to-Month,No Internet,491.94,18706.13,0.87,288,14,0,0,Cash,Smartphone,Postpaid,Yes,No
CUST00602,38,Male,Pune,10,One Year,Fiber Optic,730.27,7646.08,59.45,236,52,0,0,UPI,Smartphone,Prepaid,Yes,No
CUST00603,53,Male,Chennai,3,Month-to-Month,DSL,637.98,1986.54,20.85,174,53,2,1,Net Banking,Router Only,Prepaid,No,Yes
CUST00604,27,Female,Mumbai,43,Month-to-Month,No Internet,430.67,18701.77,7.83,398,48,0,0,Net Banking,Smartphone,Postpaid,No,No
CUST00605,54,Female,Pune,56,Two Year,DSL,499.54,28010.95,25.67,188,27,1,0,Net Banking,Tablet,Prepaid,Yes,No
CUST00606,26,Female,Pune,0,Month-to-Month,No Internet,356.33,356.33,10.27,323,65,1,0,UPI,Feature Phone,Prepaid,Yes,No
CUST00607,41,Female,Chennai,4,Month-to-Month,No Internet,365.21,1408.85,0.5,344,48,1,1,Net Banking,Router Only,Prepaid,Yes,No
CUST00608,52,Male,Delhi,33,One Year,No Internet,356.17,11571.83,2.81,420,76,2,1,Debit Card,Router Only,Prepaid,Yes,No
CUST00609,66,Female,Lucknow,15,One Year,No Internet,348.74,4756.54,2.3,516,31,0,0,Debit Card,Smartphone,Postpaid,Yes,No
CUST00610,52,Female,Bangalore,3,One Year,Fiber Optic,945.57,2618.85,28.06,273,39,3,1,Debit Card,Smartphone,Postpaid,Yes,No
CUST00611,65,Female,Chennai,47,Two Year,Fiber Optic,835.68,39124.31,47.99,332,31,2,1,UPI,Smartphone,Prepaid,Yes,No
CUST00612,53,Male,Jaipur,2,Month-to-Month,Fiber Optic,950.16,1752.2,28.34,283,73,3,1,Cash,Router Only,Prepaid,No,Yes
CUST00613,35,Male,Bangalore,34,Two Year,No Internet,442.17,14293.53,0.5,339,0,0,0,UPI,Smartphone,Postpaid,Yes,No
CUST00614,66,Male,Kolkata,41,Two Year,Fiber Optic,849.67,31547.63,34.67,411,47,0,0,Net Banking,Tablet,Postpaid,Yes,No
CUST00615,56,Female,Lucknow,41,Two Year,Fiber Optic,796.67,30228.78,43.09,236,72,3,1,Debit Card,Tablet,Prepaid,Yes,No
CUST00616,49,Female,Bangalore,6,Month-to-Month,DSL,601.62,3548.98,18.01,310,26,2,1,Cash,Smartphone,Postpaid,No,Yes
CUST00617,41,Female,Bangalore,46,Two Year,Fiber Optic,861.41,39478.28,41.89,371,4,1,0,Credit Card,Smartphone,Postpaid,Yes,No
CUST00618,40,Male,Jaipur,6,Month-to-Month,DSL,613.51,3369.79,36.34,294,2,1,0,Cash,Smartphone,Postpaid,No,Yes
CUST00619,49,Female,Delhi,12,One Year,No Internet,223.12,2506.65,5.33,129,27,0,0,Net Banking,Smartphone,Prepaid,No,No
CUST00620,54,Female,Delhi,33,Month-to-Month,DSL,691.67,21897.2,6.78,355,20,3,1,Credit Card,Router Only,Postpaid,No,Yes
CUST00621,29,Male,Jaipur,28,Two Year,DSL,650.39,18253.92,30.05,297,16,0,0,UPI,Smartphone,Postpaid,Yes,No
CUST00622,66,Male,Ahmedabad,17,One Year,DSL,643.26,9964.93,23.1,294,58,2,1,Net Banking,Router Only,Prepaid,No,Yes
CUST00623,30,Female,Lucknow,6,Month-to-Month,DSL,528.31,3066.31,31.26,245,102,0,0,Debit Card,Smartphone,Prepaid,Yes,No
CUST00624,40,Male,Delhi,31,Two Year,Fiber Optic,922.89,28910.46,54.54,185,0,2,1,Credit Card,Smartphone,Postpaid,No,No
CUST00625,42,Female,Delhi,21,One Year,DSL,698.88,13518.15,26.23,474,47,0,0,Net Banking,Smartphone,Postpaid,Yes,No
CUST00626,52,Other,Delhi,25,One Year,Fiber Optic,861.01,21134.5,33.25,454,21,1,0,UPI,Router Only,Prepaid,Yes,No
CUST00627,58,Female,Pune,6,Month-to-Month,DSL,743.67,4310.84,4.57,637,38,0,0,Debit Card,Smartphone,Postpaid,Yes,No
CUST00628,47,Female,Chennai,44,Two Year,DSL,661.42,27898.34,31.04,291,29,0,0,Credit Card,Feature Phone,Postpaid,Yes,No
CUST00629,34,Female,Bangalore,10,Month-to-Month,Fiber Optic,1000.95,10410.7,53.9,338,31,2,1,UPI,Smartphone,Postpaid,Yes,Yes
CUST00630,66,Female,Delhi,7,Month-to-Month,DSL,621.11,4170.96,20.26,407,33,4,2,Credit Card,Smartphone,Postpaid,No,Yes
CUST00631,37,Male,Chennai,4,Month-to-Month,DSL,484.77,1875.12,24.14,210,38,1,1,Net Banking,Smartphone,Prepaid,No,Yes
CUST00632,65,Male,Chennai,24,One Year,Fiber Optic,955.02,20842.51,33.73,664,23,2,1,Net Banking,Smartphone,Postpaid,Yes,Yes
CUST00633,42,Male,Delhi,8,One Year,Fiber Optic,941.97,7194.88,55.37,328,41,2,1,Debit Card,Smartphone,Postpaid,No,No
CUST00634,39,Female,Jaipur,7,Month-to-Month,DSL,475.76,3258.89,23.39,104,62,0,0,UPI,Smartphone,Prepaid,Yes,No
CUST00635,30,Male,Mumbai,16,Month-to-Month,DSL,569.82,8218.34,34.23,449,26,0,0,UPI,Smartphone,Postpaid,Yes,No
CUST00636,36,Male,Kolkata,24,One Year,DSL,463.01,10083.72,13.7,255,14,1,0,Cash,Smartphone,Prepaid,Yes,No
CUST00637,66,Male,Jaipur,56,Two Year,DSL,582.7,30538.03,6.28,437,0,3,1,UPI,Smartphone,Postpaid,No,No
CUST00638,53,Female,Chennai,32,One Year,DSL,396.51,12832.31,12.66,278,31,1,0,Cash,Smartphone,Prepaid,No,No
CUST00639,29,Female,Mumbai,12,Month-to-Month,No Internet,260.75,3183.76,0.5,353,103,2,1,Debit Card,Feature Phone,Prepaid,No,No
CUST00640,58,Other,Mumbai,0,Month-to-Month,Fiber Optic,903.04,903.04,37.11,438,26,4,2,UPI,Smartphone,Postpaid,Yes,Yes
CUST00641,36,Female,Jaipur,0,Month-to-Month,No Internet,322.63,322.63,0.5,198,56,2,1,Credit Card,Smartphone,Prepaid,No,Yes
CUST00642,29,Female,Mumbai,44,Two Year,DSL,606.05,27341.69,26.23,251,11,1,0,UPI,Tablet,Postpaid,Yes,No
CUST00643,26,Female,Kolkata,3,Month-to-Month,DSL,596.66,1647.79,26.92,350,46,2,1,UPI,Smartphone,Postpaid,Yes,No
CUST00644,24,Female,Lucknow,22,One Year,DSL,560.84,12814.17,26.08,102,79,0,0,Net Banking,Smartphone,Prepaid,Yes,No
CUST00645,45,Female,Lucknow,17,Month-to-Month,Fiber Optic,833.7,,,189,67,1,1,,Smartphone,Prepaid,No,Yes
CUST00646,31,Male,Hyderabad,7,Month-to-Month,DSL,558.02,3866.82,31.98,213,47,1,0,Cash,Tablet,Prepaid,Yes,No
CUST00647,48,Female,Ahmedabad,2,Month-to-Month,Fiber Optic,783.68,1547.21,47.45,286,56,4,2,Debit Card,Smartphone,Prepaid,No,Yes
CUST00648,69,Male,Lucknow,31,Two Year,Fiber Optic,701.4,19932.97,40.48,310,42,0,0,Debit Card,Smartphone,Prepaid,Yes,No
CUST00649,36,Male,Bangalore,27,Two Year,DSL,686.02,18895.79,23.67,528,64,0,0,Debit Card,Smartphone,Postpaid,No,No
CUST00650,64,Female,Mumbai,7,Month-to-Month,Fiber Optic,853.11,5820.91,34.75,327,26,0,0,Credit Card,Smartphone,Prepaid,Yes,No
CUST00651,33,Male,Delhi,17,Month-to-Month,Fiber Optic,881.47,15333.0,45.47,150,66,2,1,Credit Card,Router Only,Prepaid,No,No
CUST00652,22,Male,Delhi,6,Month-to-Month,No Internet,345.01,1961.05,2.38,245,83,0,0,UPI,Tablet,Prepaid,Yes,No
CUST00653,52,Female,Ahmedabad,34,One Year,No Internet,281.42,8684.58,0.5,356,34,2,1,Net Banking,Smartphone,Prepaid,Yes,No
CUST00654,29,Male,Chennai,17,One Year,DSL,499.8,8291.27,31.02,130,29,0,0,UPI,Smartphone,Prepaid,Yes,No
CUST00655,42,Female,Ahmedabad,0,Month-to-Month,No Internet,435.02,435.02,0.5,476,48,2,1,Net Banking,Smartphone,Postpaid,No,Yes
CUST00656,69,Female,Kolkata,19,Month-to-Month,No Internet,296.28,5141.36,2.13,288,45,1,0,Cash,Router Only,Prepaid,Yes,Yes
CUST00657,38,Female,Pune,72,Two Year,DSL,656.22,45440.28,22.65,381,23,1,0,Debit Card,Smartphone,Postpaid,Yes,No
CUST00658,53,Female,Chennai,36,One Year,No Internet,318.91,11769.07,7.57,343,22,1,0,Net Banking,Tablet,Postpaid,Yes,No
CUST00659,40,Female,Delhi,5,Month-to-Month,Fiber Optic,959.35,4481.54,61.12,147,48,1,0,Credit Card,Smartphone,Postpaid,Yes,No
CUST00660,33,Female,Ahmedabad,34,One Year,DSL,509.81,16282.19,33.19,289,57,1,0,UPI,Tablet,Prepaid,No,Yes
CUST00661,56,Female,Bangalore,25,Two Year,Fiber Optic,811.6,20152.12,35.26,204,54,2,1,Debit Card,Smartphone,Prepaid,No,No
CUST00662,62,Female,Hyderabad,12,One Year,DSL,489.81,6052.26,14.69,304,18,1,0,Credit Card,Smartphone,Prepaid,No,No
CUST00663,59,Female,Delhi,0,Month-to-Month,No Internet,191.31,191.31,5.4,308,40,2,1,UPI,Smartphone,Prepaid,No,Yes
CUST00664,56,Female,Jaipur,41,One Year,Fiber Optic,1021.21,38322.54,21.88,343,41,0,0,UPI,Router Only,Prepaid,Yes,No
CUST00665,31,Male,Jaipur,20,One Year,DSL,441.78,9183.78,24.35,101,85,1,0,Net Banking,Smartphone,Prepaid,No,No
CUST00666,48,Male,Hyderabad,29,One Year,No Internet,180.54,5132.51,5.62,195,17,2,1,Net Banking,Smartphone,Prepaid,No,Yes
CUST00667,22,Female,Chennai,37,Two Year,No Internet,393.26,13843.49,0.5,357,49,3,1,UPI,Tablet,Postpaid,Yes,No
CUST00668,52,Male,Pune,54,Month-to-Month,Fiber Optic,1041.28,56961.73,38.11,502,19,4,1,UPI,Router Only,Postpaid,Yes,Yes
CUST00669,40,Male,Mumbai,36,One Year,No Internet,360.95,13042.02,8.4,281,94,1,1,Credit Card,Router Only,Prepaid,Yes,No
CUST00670,46,Female,Mumbai,46,Month-to-Month,Fiber Optic,842.84,36675.36,49.29,148,22,0,0,UPI,Smartphone,Prepaid,No,No
CUST00671,60,Male,Pune,20,Month-to-Month,DSL,540.73,11120.84,7.87,329,43,1,0,Debit Card,Router Only,Prepaid,Yes,No
CUST00672,28,Male,Delhi,31,One Year,Fiber Optic,877.83,24834.83,50.72,154,34,0,0,Debit Card,Feature Phone,Prepaid,No,Yes
CUST00673,35,Other,Bangalore,37,Two Year,Fiber Optic,879.25,33568.96,49.86,275,43,1,0,Credit Card,Router Only,Prepaid,Yes,No
CUST00674,64,Female,Hyderabad,3,Month-to-Month,Fiber Optic,805.27,2210.77,43.39,321,61,1,0,UPI,Router Only,Prepaid,Yes,Yes
CUST00675,29,Male,Bangalore,42,Two Year,Fiber Optic,976.02,37115.46,55.31,285,30,1,0,UPI,Smartphone,Postpaid,Yes,No
CUST00676,26,Other,Mumbai,23,Month-to-Month,DSL,639.32,15141.41,30.46,473,86,1,0,Debit Card,Smartphone,Postpaid,Yes,No
CUST00677,27,Female,Bangalore,0,Month-to-Month,Fiber Optic,958.07,958.07,61.52,384,55,1,0,Debit Card,Smartphone,Postpaid,No,Yes
CUST00678,61,Male,Bangalore,21,Month-to-Month,No Internet,450.8,9928.06,3.01,486,14,2,1,Net Banking,Tablet,Postpaid,No,Yes
CUST00679,34,Male,Hyderabad,7,One Year,No Internet,475.18,3034.77,5.04,370,26,1,0,Net Banking,Smartphone,Postpaid,Yes,No
CUST00680,55,Female,Pune,22,One Year,DSL,445.33,10035.33,26.27,295,30,1,0,UPI,Smartphone,Prepaid,No,No
CUST00681,24,Female,Lucknow,3,Month-to-Month,DSL,359.99,1128.14,30.44,155,86,5,2,Credit Card,Feature Phone,Prepaid,Yes,Yes
CUST00682,63,Female,Delhi,13,Month-to-Month,DSL,477.51,6120.24,11.87,466,1,0,0,Credit Card,Smartphone,Prepaid,No,No
CUST00683,30,Female,Ahmedabad,28,One Year,Fiber Optic,1013.59,26262.86,60.61,316,50,1,0,Debit Card,Router Only,Postpaid,Yes,No
CUST00684,57,Female,Mumbai,17,One Year,Fiber Optic,934.87,14689.12,17.74,412,44,1,1,Net Banking,Feature Phone,Postpaid,No,No
CUST00685,59,Male,Chennai,16,Month-to-Month,No Internet,155.2,2518.06,0.5,260,0,1,0,UPI,Smartphone,Prepaid,No,No
CUST00686,26,Female,Hyderabad,20,Two Year,Fiber Optic,1024.7,18651.54,50.59,484,30,1,0,UPI,Router Only,Postpaid,No,No
CUST00687,67,Male,Hyderabad,18,One Year,No Internet,202.9,3662.74,0.5,280,16,2,1,UPI,Smartphone,Prepaid,No,No
CUST00688,44,Female,Pune,11,Month-to-Month,Fiber Optic,887.18,9204.94,53.44,497,35,1,0,Net Banking,Smartphone,Postpaid,No,Yes
CUST00689,19,Female,Bangalore,5,Month-to-Month,Fiber Optic,946.54,4917.26,51.28,303,1,4,2,UPI,Router Only,Postpaid,Yes,Yes
CUST00690,22,Male,Mumbai,0,One Year,Fiber Optic,772.38,772.38,58.09,216,50,2,1,Credit Card,Feature Phone,Prepaid,No,Yes
CUST00691,46,Female,Ahmedabad,1,Month-to-Month,DSL,718.19,718.19,22.17,571,0,1,0,Credit Card,Smartphone,Postpaid,Yes,No
CUST00692,54,Male,Mumbai,0,One Year,DSL,477.08,477.08,23.11,191,13,2,1,Net Banking,Smartphone,Prepaid,No,No
CUST00693,55,Male,Mumbai,7,Month-to-Month,Fiber Optic,935.73,6861.15,43.88,518,2,2,1,UPI,Router Only,Postpaid,Yes,Yes
CUST00694,36,Female,Delhi,46,One Year,DSL,596.25,27747.19,23.38,75,71,0,0,Debit Card,Smartphone,Prepaid,Yes,No
CUST00695,25,Male,Mumbai,2,Month-to-Month,No Internet,292.2,587.14,0.5,299,22,5,2,Net Banking,Smartphone,Postpaid,No,No
CUST00696,65,Female,Hyderabad,43,Two Year,DSL,642.29,28406.82,17.54,430,0,0,0,Credit Card,Tablet,Postpaid,Yes,No
CUST00697,62,Male,Hyderabad,38,Two Year,Fiber Optic,760.99,26113.56,34.33,280,53,1,0,UPI,Smartphone,Prepaid,Yes,No
CUST00698,18,Female,Mumbai,38,Two Year,Fiber Optic,910.68,35759.57,72.68,265,95,0,0,Cash,Smartphone,Postpaid,Yes,No
CUST00699,39,Female,Delhi,9,Month-to-Month,DSL,465.09,3924.06,29.76,249,69,2,1,Credit Card,Smartphone,Prepaid,No,Yes
CUST00700,69,Female,Kolkata,42,Two Year,DSL,632.03,26241.95,18.43,275,26,1,1,Credit Card,Router Only,Prepaid,Yes,No
CUST00701,34,Female,Kolkata,2,Month-to-Month,No Internet,242.64,469.31,0.5,174,66,3,1,UPI,Smartphone,Prepaid,No,Yes
CUST00702,24,Female,Lucknow,34,One Year,DSL,550.65,18067.13,26.78,141,35,2,1,UPI,Smartphone,Prepaid,Yes,No
CUST00703,42,Male,Jaipur,46,Month-to-Month,Fiber Optic,1187.9,52870.52,48.24,349,42,1,0,Credit Card,Router Only,Postpaid,Yes,Yes
CUST00704,62,Male,Jaipur,16,One Year,Fiber Optic,840.89,13488.77,44.92,307,54,2,1,UPI,Smartphone,Prepaid,Yes,No
CUST00705,21,Male,Kolkata,61,Two Year,DSL,537.37,32825.52,27.25,159,73,0,0,Credit Card,Smartphone,Prepaid,No,No
CUST00706,53,Male,Chennai,39,Month-to-Month,Fiber Optic,780.21,29101.02,40.46,295,52,2,1,Debit Card,Smartphone,Prepaid,Yes,No
CUST00707,23,Female,Delhi,1,Month-to-Month,No Internet,449.34,471.33,9.59,387,41,1,0,UPI,Feature Phone,Postpaid,Yes,Yes
CUST00708,48,Male,Chennai,13,Month-to-Month,Fiber Optic,812.65,11039.29,56.25,245,50,7,4,Net Banking,Smartphone,Prepaid,No,No
CUST00709,36,Female,Delhi,12,Month-to-Month,DSL,614.85,6814.38,33.12,303,27,1,1,Net Banking,Smartphone,Postpaid,No,Yes
CUST00710,61,Female,Jaipur,3,Month-to-Month,Fiber Optic,949.56,2857.73,32.47,376,35,0,0,Credit Card,Smartphone,Postpaid,No,Yes
CUST00711,56,Male,Hyderabad,57,Two Year,Fiber Optic,770.76,42912.75,17.33,237,32,0,0,Net Banking,Smartphone,Prepaid,Yes,No
CUST00712,44,Female,Pune,20,Month-to-Month,DSL,790.99,14880.62,14.37,588,35,1,0,UPI,Router Only,Postpaid,No,No
CUST00713,27,Male,Delhi,2,One Year,DSL,413.03,843.61,25.3,60,77,1,0,UPI,Smartphone,Prepaid,No,No
CUST00714,43,Male,Hyderabad,8,Month-to-Month,Fiber Optic,794.52,5934.62,40.84,195,37,4,1,Debit Card,Feature Phone,Prepaid,No,Yes
CUST00715,36,Male,Mumbai,1,Month-to-Month,Fiber Optic,996.82,997.37,47.92,313,17,7,3,Net Banking,Feature Phone,Postpaid,Yes,Yes
CUST00716,56,Female,Mumbai,8,Month-to-Month,DSL,719.44,5815.34,5.14,316,79,1,0,UPI,Feature Phone,Postpaid,Yes,Yes
CUST00717,20,Female,Bangalore,8,Month-to-Month,No Internet,382.95,2942.29,6.68,282,36,0,0,UPI,Smartphone,Postpaid,No,Yes
CUST00718,62,Male,Delhi,20,One Year,Fiber Optic,843.59,15280.34,36.0,297,53,1,0,Net Banking,Smartphone,Prepaid,No,No
CUST00719,30,Male,Hyderabad,47,Month-to-Month,DSL,665.95,29671.98,14.63,319,75,1,1,Net Banking,Router Only,Prepaid,Yes,No
CUST00720,67,Female,Hyderabad,25,One Year,Fiber Optic,939.42,23987.2,55.14,404,4,3,2,Credit Card,Smartphone,Postpaid,Yes,No
CUST00721,45,Male,Ahmedabad,21,Month-to-Month,DSL,582.74,12249.09,32.32,399,72,1,1,UPI,Tablet,Prepaid,No,Yes
CUST00722,37,Female,Bangalore,40,Two Year,DSL,627.1,24400.85,31.16,237,2,1,0,Credit Card,Smartphone,Postpaid,No,No
CUST00723,45,Female,Bangalore,43,Two Year,Fiber Optic,720.14,31175.62,44.22,269,53,0,0,Debit Card,Smartphone,Prepaid,Yes,No
CUST00724,25,Male,Lucknow,4,Month-to-Month,DSL,603.9,2252.3,28.79,252,8,2,1,Net Banking,Smartphone,Postpaid,Yes,No
CUST00725,58,Female,Chennai,7,Month-to-Month,Fiber Optic,940.77,6841.45,38.97,465,1,1,0,Cash,Smartphone,Postpaid,Yes,No
CUST00726,56,Female,Hyderabad,29,Month-to-Month,Fiber Optic,945.98,28144.1,40.18,472,59,2,1,Debit Card,Router Only,Prepaid,No,Yes
CUST00727,18,Female,Hyderabad,25,One Year,DSL,415.93,9408.87,23.17,127,73,1,0,Credit Card,Tablet,Prepaid,No,No
CUST00728,20,Female,Kolkata,0,Month-to-Month,DSL,750.35,750.35,36.51,348,40,1,0,Debit Card,Router Only,Postpaid,No,Yes
CUST00729,30,Male,Bangalore,23,One Year,DSL,739.73,16020.38,28.73,383,15,4,1,Debit Card,Smartphone,Postpaid,Yes,No
CUST00730,45,Male,Bangalore,33,Month-to-Month,Fiber Optic,928.35,29850.0,51.98,390,36,1,0,UPI,Smartphone,Postpaid,Yes,No
CUST00731,66,Other,Kolkata,22,Month-to-Month,DSL,526.71,10771.53,28.92,507,25,2,1,UPI,Smartphone,Prepaid,Yes,No
CUST00732,42,Female,Delhi,22,Month-to-Month,Fiber Optic,800.32,17784.68,36.79,237,61,2,1,Debit Card,Tablet,Prepaid,No,Yes
CUST00733,50,Male,Ahmedabad,6,Month-to-Month,Fiber Optic,800.23,4353.57,45.11,249,65,1,0,Debit Card,Smartphone,Prepaid,Yes,Yes
CUST00734,55,Female,Bangalore,17,One Year,DSL,537.71,8985.98,19.29,200,20,1,1,Net Banking,Router Only,Prepaid,No,No
CUST00735,23,Male,Chennai,12,Month-to-Month,DSL,578.39,6361.24,39.7,243,69,3,1,Debit Card,Smartphone,Postpaid,No,No
CUST00736,61,Male,Kolkata,47,Two Year,No Internet,255.46,11359.5,3.91,390,45,2,1,Credit Card,Feature Phone,Prepaid,No,No
CUST00737,62,Female,Mumbai,28,One Year,DSL,681.66,17731.35,15.88,606,47,2,1,UPI,Feature Phone,Postpaid,Yes,No
CUST00738,49,Male,Jaipur,12,Month-to-Month,Fiber Optic,979.49,11343.18,40.71,563,2,1,1,Debit Card,Tablet,Postpaid,Yes,No
CUST00739,62,Female,Lucknow,22,Month-to-Month,No Internet,289.05,6182.33,0.5,329,60,4,1,UPI,Smartphone,Prepaid,Yes,No
CUST00740,64,Male,Hyderabad,0,Month-to-Month,Fiber Optic,828.0,828.0,33.68,233,103,5,2,Credit Card,Smartphone,Prepaid,Yes,Yes
CUST00741,38,Female,Jaipur,20,One Year,Fiber Optic,787.99,15246.87,56.48,122,72,1,0,Cash,Smartphone,Prepaid,No,No
CUST00742,33,Male,Delhi,35,Month-to-Month,DSL,608.54,21484.25,32.01,370,38,1,1,Credit Card,Smartphone,Postpaid,No,No
CUST00743,38,Female,Jaipur,10,Month-to-Month,No Internet,403.54,4120.2,1.86,270,72,2,1,Debit Card,Router Only,Prepaid,No,Yes
CUST00744,28,Female,Mumbai,1,Month-to-Month,DSL,609.1,638.98,41.36,333,90,4,1,UPI,Smartphone,Postpaid,No,Yes
CUST00745,54,Male,Mumbai,47,Month-to-Month,DSL,599.64,25887.59,16.98,170,0,3,1,Net Banking,Router Only,Prepaid,Yes,No
CUST00746,53,Female,Mumbai,29,Two Year,DSL,381.43,10633.95,26.11,210,0,0,0,Net Banking,Smartphone,Prepaid,No,No
CUST00747,52,Male,Mumbai,41,Two Year,DSL,589.48,22673.32,8.24,316,40,0,0,Credit Card,Smartphone,Prepaid,Yes,No
CUST00748,36,Male,Mumbai,13,Month-to-Month,DSL,622.32,8160.64,29.68,397,35,0,0,UPI,Smartphone,Postpaid,No,No
CUST00749,37,Female,Jaipur,0,One Year,Fiber Optic,836.54,836.54,52.75,486,36,2,1,UPI,Smartphone,Postpaid,Yes,No
CUST00750,35,Male,Jaipur,38,Two Year,Fiber Optic,1030.95,35912.75,51.51,499,50,0,0,UPI,Smartphone,Postpaid,No,No
CUST00751,64,Female,Delhi,14,Month-to-Month,Fiber Optic,796.46,10140.42,40.6,535,35,1,0,UPI,Smartphone,Prepaid,Yes,No
CUST00752,58,Female,Delhi,22,One Year,No Internet,396.22,8499.99,4.04,392,12,0,0,UPI,Feature Phone,Postpaid,Yes,No
CUST00753,66,Female,Ahmedabad,41,Month-to-Month,DSL,598.88,23390.4,21.12,382,26,1,0,Net Banking,Smartphone,Prepaid,No,No
CUST00754,31,Male,Bangalore,23,One Year,DSL,622.29,14012.33,32.56,263,0,2,1,Debit Card,Feature Phone,Postpaid,No,No
CUST00755,32,Male,Delhi,20,One Year,Fiber Optic,883.93,16570.32,51.92,229,71,2,1,Cash,Smartphone,Prepaid,Yes,No
CUST00756,48,Male,Hyderabad,47,Two Year,Fiber Optic,872.79,39304.22,56.35,401,42,2,1,Cash,Feature Phone,Postpaid,No,No
CUST00757,18,Female,Bangalore,23,Month-to-Month,No Internet,275.15,6620.18,16.63,156,84,1,0,UPI,Smartphone,Prepaid,Yes,No
CUST00758,20,Female,Mumbai,12,One Year,Fiber Optic,817.51,9183.96,66.11,197,67,3,2,Net Banking,Smartphone,Prepaid,Yes,No
CUST00759,33,Female,Pune,6,Month-to-Month,DSL,692.85,3755.99,31.24,264,19,1,0,Debit Card,Tablet,Postpaid,No,No
CUST00760,40,Male,Chennai,1,Month-to-Month,Fiber Optic,739.83,768.24,43.29,67,55,2,1,UPI,Smartphone,Prepaid,Yes,Yes
CUST00761,28,Male,Delhi,30,Two Year,DSL,403.38,12349.75,19.15,137,81,0,0,Debit Card,Tablet,Prepaid,No,No
CUST00762,29,Male,Jaipur,20,One Year,DSL,786.25,15224.51,33.72,332,30,1,0,Net Banking,Smartphone,Postpaid,Yes,No
CUST00763,27,Male,Hyderabad,15,Month-to-Month,DSL,559.93,8229.88,41.61,189,39,3,1,UPI,Tablet,Prepaid,Yes,No
CUST00764,49,Male,Mumbai,11,One Year,Fiber Optic,785.68,8213.0,39.14,192,45,4,2,UPI,Smartphone,Prepaid,Yes,No
CUST00765,33,Male,Mumbai,14,Month-to-Month,DSL,680.77,8782.3,29.55,292,74,1,0,Net Banking,Smartphone,Postpaid,No,No
CUST00766,25,Male,Delhi,0,Month-to-Month,DSL,712.4,712.4,23.77,347,62,1,0,Net Banking,Router Only,Postpaid,No,Yes
CUST00767,55,Male,Bangalore,31,One Year,No Internet,404.38,11955.19,0.5,490,0,0,0,Debit Card,Smartphone,Postpaid,No,Yes
CUST00768,29,Male,Delhi,21,One Year,DSL,451.33,9319.89,25.15,170,91,1,1,Credit Card,Smartphone,Prepaid,No,Yes
CUST00769,41,Male,Bangalore,9,Month-to-Month,Fiber Optic,940.27,7974.56,48.15,206,0,1,0,Credit Card,Smartphone,Postpaid,No,No
CUST00770,45,Male,Delhi,17,One Year,DSL,525.69,8476.07,29.88,157,77,0,0,Debit Card,Router Only,Prepaid,Yes,Yes
CUST00771,25,Male,Pune,0,Month-to-Month,DSL,753.64,753.64,20.99,229,29,2,1,Debit Card,Smartphone,Postpaid,Yes,Yes
CUST00772,45,Female,Kolkata,12,Month-to-Month,No Internet,241.07,2726.12,0.5,264,48,1,0,Credit Card,Tablet,Prepaid,Yes,Yes
CUST00773,53,Male,Hyderabad,25,Month-to-Month,Fiber Optic,758.72,19836.53,29.5,402,15,1,0,UPI,Feature Phone,Prepaid,No,Yes
CUST00774,43,Male,Pune,59,Two Year,Fiber Optic,891.81,50878.03,57.41,336,63,2,1,Credit Card,Smartphone,Postpaid,Yes,No
CUST00775,25,Male,Jaipur,30,Two Year,No Internet,497.05,15227.51,17.3,326,20,3,1,Debit Card,Smartphone,Postpaid,No,No
CUST00776,67,Male,Chennai,2,Month-to-Month,No Internet,249.37,499.78,17.75,145,11,3,1,Net Banking,Smartphone,Prepaid,No,Yes
CUST00777,45,Male,Bangalore,10,Month-to-Month,Fiber Optic,884.53,8140.23,55.54,396,36,2,1,UPI,Feature Phone,Prepaid,No,No
CUST00778,45,Male,Bangalore,28,One Year,Fiber Optic,961.94,27399.77,47.28,427,14,1,0,Debit Card,Smartphone,Postpaid,Yes,No
CUST00779,54,Female,Ahmedabad,32,One Year,Fiber Optic,836.77,25094.64,36.75,139,56,3,1,Credit Card,Smartphone,Prepaid,Yes,No
CUST00780,58,Male,Delhi,21,Month-to-Month,Fiber Optic,812.94,17646.42,41.76,480,18,4,1,Net Banking,Smartphone,Prepaid,No,Yes
CUST00781,53,Male,Mumbai,17,Month-to-Month,Fiber Optic,727.47,12469.38,36.43,211,46,3,1,Cash,Smartphone,Prepaid,No,No
CUST00782,44,Female,Chennai,37,Two Year,Fiber Optic,877.61,32717.68,58.1,150,73,3,1,UPI,Smartphone,Prepaid,No,No
CUST00783,34,Male,Pune,26,One Year,No Internet,367.03,9026.36,8.2,270,95,1,0,Cash,Router Only,Prepaid,Yes,No
CUST00784,26,Male,Kolkata,18,Month-to-Month,Fiber Optic,913.77,15772.33,59.75,319,45,1,0,UPI,Tablet,Postpaid,No,Yes
CUST00785,50,Female,Mumbai,19,One Year,DSL,498.42,9562.1,15.03,298,26,1,0,Credit Card,Smartphone,Prepaid,Yes,No
CUST00786,37,Female,Delhi,9,Month-to-Month,DSL,621.52,5339.28,26.79,395,57,2,1,Credit Card,Router Only,Prepaid,Yes,Yes
CUST00787,30,Male,Lucknow,10,Month-to-Month,DSL,574.91,5564.76,27.55,384,4,0,0,Credit Card,Router Only,Prepaid,No,Yes
CUST00788,45,Male,Delhi,39,Two Year,DSL,450.08,17269.44,27.5,248,40,2,1,UPI,Smartphone,Prepaid,No,No
CUST00789,65,Male,Delhi,23,Month-to-Month,DSL,436.1,9476.12,19.82,260,0,1,0,Debit Card,Smartphone,Prepaid,No,No
CUST00790,46,Male,Hyderabad,45,Month-to-Month,No Internet,383.44,17504.9,3.76,265,1,2,1,UPI,Feature Phone,Postpaid,Yes,No
CUST00791,30,Female,Kolkata,4,Month-to-Month,DSL,663.28,2497.09,47.55,11,49,0,0,UPI,Router Only,Prepaid,No,Yes
CUST00792,63,Male,Kolkata,37,Two Year,Fiber Optic,912.88,30666.92,42.57,536,40,3,1,Debit Card,Tablet,Postpaid,No,No
CUST00793,52,Male,Jaipur,14,One Year,Fiber Optic,915.23,13044.08,43.23,407,20,3,1,Credit Card,Smartphone,Postpaid,No,No
CUST00794,23,Female,Delhi,0,Month-to-Month,No Internet,381.38,381.38,0.5,273,25,4,2,Credit Card,Smartphone,Postpaid,No,Yes
CUST00795,35,Female,Bangalore,7,One Year,DSL,477.86,3434.95,11.99,237,24,1,0,Net Banking,Smartphone,Prepaid,Yes,No
CUST00796,68,Male,Mumbai,3,Month-to-Month,No Internet,265.08,790.11,25.97,263,15,2,1,Net Banking,Smartphone,Prepaid,No,Yes
CUST00797,22,Female,Ahmedabad,0,Month-to-Month,Fiber Optic,791.67,791.67,63.83,213,72,5,1,UPI,Smartphone,Prepaid,No,Yes
CUST00798,64,Male,Hyderabad,14,One Year,Fiber Optic,917.11,12290.32,25.77,453,6,2,1,Credit Card,Smartphone,Postpaid,Yes,No
CUST00799,42,Female,Delhi,4,Month-to-Month,DSL,508.36,2000.76,22.24,103,67,1,0,Debit Card,Smartphone,Prepaid,No,No
CUST00800,19,Male,Pune,46,Two Year,Fiber Optic,1002.37,41585.7,70.93,247,58,4,1,Cash,Smartphone,Postpaid,Yes,No
CUST00801,27,Male,Bangalore,19,One Year,DSL,789.19,14073.32,33.8,400,0,2,1,Debit Card,Router Only,Postpaid,No,No
CUST00802,47,Male,Hyderabad,1,Month-to-Month,No Internet,377.79,389.57,0.5,339,27,3,1,Credit Card,Smartphone,Postpaid,Yes,Yes
CUST00803,67,Male,Jaipur,29,One Year,DSL,534.56,,,232,79,1,0,,Smartphone,Prepaid,No,No
CUST00804,62,Male,Mumbai,5,Month-to-Month,Fiber Optic,799.39,3978.49,46.45,430,86,6,3,Debit Card,Smartphone,Prepaid,No,Yes
CUST00805,22,Female,Mumbai,31,One Year,DSL,620.12,18108.44,44.8,334,52,0,0,Cash,Smartphone,Postpaid,Yes,Yes
CUST00806,50,Female,Mumbai,33,Month-to-Month,DSL,390.53,13246.86,31.07,324,21,1,0,UPI,Feature Phone,Prepaid,No,No
CUST00807,18,Male,Bangalore,14,Month-to-Month,DSL,617.32,8547.67,31.61,261,76,1,0,Cash,Router Only,Prepaid,No,No
CUST00808,35,Male,Delhi,26,One Year,DSL,490.96,13226.97,18.23,250,93,0,0,Net Banking,Smartphone,Prepaid,No,No
CUST00809,49,Male,Pune,36,Two Year,DSL,697.03,23500.61,26.26,336,61,1,1,Net Banking,Tablet,Postpaid,No,No
CUST00810,64,Female,Mumbai,4,Month-to-Month,DSL,608.21,2454.99,18.78,333,2,3,1,Net Banking,Smartphone,Prepaid,Yes,No
CUST00811,66,Female,Jaipur,7,Month-to-Month,DSL,450.62,2848.6,21.81,517,10,0,0,UPI,Smartphone,Prepaid,Yes,No
CUST00812,28,Female,Mumbai,11,Month-to-Month,DSL,569.51,6199.89,30.22,298,38,1,0,Credit Card,Smartphone,Postpaid,Yes,No
CUST00813,38,Female,Mumbai,6,Month-to-Month,Fiber Optic,981.99,5569.17,44.47,469,45,1,0,Debit Card,Router Only,Postpaid,No,No
CUST00814,43,Male,Mumbai,16,Month-to-Month,DSL,672.6,9884.31,26.69,482,20,2,1,Credit Card,Smartphone,Postpaid,Yes,No
CUST00815,42,Male,Kolkata,17,One Year,DSL,629.06,10629.98,23.97,321,22,1,1,UPI,Smartphone,Postpaid,Yes,No
CUST00816,39,Female,Bangalore,7,Month-to-Month,Fiber Optic,807.65,5112.88,44.6,68,46,3,2,UPI,Smartphone,Prepaid,No,No
CUST00817,44,Female,Kolkata,40,Two Year,No Internet,238.59,8812.96,1.83,221,53,2,1,Credit Card,Smartphone,Prepaid,No,No
CUST00818,66,Male,Kolkata,21,Month-to-Month,Fiber Optic,853.66,17131.11,39.01,179,41,1,0,Credit Card,Feature Phone,Prepaid,Yes,Yes
CUST00819,30,Male,Jaipur,29,Two Year,Fiber Optic,950.71,26661.39,54.19,98,27,2,1,Credit Card,Smartphone,Postpaid,No,No
CUST00820,50,Female,Kolkata,18,Month-to-Month,DSL,433.15,8079.25,32.19,187,42,1,0,Net Banking,Smartphone,Prepaid,Yes,No
CUST00821,51,Male,Delhi,67,Two Year,Fiber Optic,750.59,47788.16,29.36,262,42,1,0,Net Banking,Feature Phone,Prepaid,Yes,No
CUST00822,58,Male,Ahmedabad,15,Month-to-Month,DSL,553.15,7531.18,1.28,425,35,3,1,Net Banking,Smartphone,Prepaid,No,Yes
CUST00823,52,Female,Jaipur,42,One Year,DSL,565.71,24813.38,22.14,156,29,3,1,Debit Card,Router Only,Prepaid,Yes,Yes
CUST00824,18,Male,Lucknow,15,Month-to-Month,Fiber Optic,835.87,12846.74,57.54,139,75,1,0,Debit Card,Smartphone,Prepaid,Yes,Yes
CUST00825,38,Male,Delhi,35,Month-to-Month,No Internet,254.32,8314.75,7.14,274,32,1,0,Credit Card,Smartphone,Prepaid,No,Yes
CUST00826,65,Female,Chennai,7,Month-to-Month,Fiber Optic,850.67,5819.6,42.84,149,16,2,1,UPI,Smartphone,Prepaid,Yes,No
CUST00827,23,Female,Mumbai,22,Month-to-Month,DSL,832.92,16918.87,27.1,320,0,2,1,Debit Card,Router Only,Postpaid,Yes,No
CUST00828,45,Other,Mumbai,26,One Year,No Internet,354.95,9628.75,12.02,369,9,0,0,Net Banking,Smartphone,Postpaid,No,No
CUST00829,34,Male,Kolkata,15,One Year,DSL,666.9,9777.76,17.54,44,59,1,0,UPI,Router Only,Prepaid,Yes,No
CUST00830,22,Male,Lucknow,30,One Year,No Internet,339.97,9900.81,9.0,266,56,0,0,Credit Card,Feature Phone,Postpaid,No,No
CUST00831,48,Female,Chennai,4,Month-to-Month,No Internet,300.37,1230.71,0.5,121,51,1,0,Cash,Tablet,Prepaid,Yes,Yes
CUST00832,22,Female,Ahmedabad,40,Month-to-Month,No Internet,321.28,11814.73,3.0,196,109,1,0,Net Banking,Router Only,Prepaid,Yes,No
CUST00833,55,Male,Delhi,26,Two Year,Fiber Optic,669.8,16363.83,35.21,251,63,3,1,Net Banking,Smartphone,Prepaid,Yes,No
CUST00834,20,Female,Delhi,4,One Year,DSL,621.55,2510.81,34.61,158,87,2,1,Credit Card,Smartphone,Prepaid,No,No
CUST00835,40,Male,Chennai,12,Month-to-Month,No Internet,392.5,4672.76,5.04,365,10,1,0,Cash,Smartphone,Postpaid,No,Yes
CUST00836,54,Male,Bangalore,33,One Year,No Internet,293.8,8957.14,19.2,220,35,1,0,UPI,Tablet,Prepaid,Yes,No
CUST00837,54,Male,Jaipur,20,Two Year,No Internet,384.04,7155.44,14.62,433,0,0,0,Debit Card,Smartphone,Postpaid,No,No
CUST00838,27,Male,Mumbai,41,Two Year,No Internet,300.85,12729.28,0.5,203,88,1,1,UPI,Tablet,Prepaid,No,No
CUST00839,27,Male,Bangalore,11,Month-to-Month,DSL,604.83,6809.87,33.32,275,62,2,1,Credit Card,Feature Phone,Postpaid,No,Yes
CUST00840,36,Female,Hyderabad,12,Two Year,Fiber Optic,770.97,8347.13,47.83,256,61,0,0,Cash,Smartphone,Prepaid,No,No
CUST00841,34,Female,Mumbai,22,Month-to-Month,Fiber Optic,985.43,22605.73,66.37,229,39,0,0,Net Banking,Smartphone,Postpaid,No,Yes
CUST00842,38,Female,Jaipur,26,One Year,Fiber Optic,792.57,20344.1,54.97,249,84,2,1,UPI,Tablet,Prepaid,No,No
CUST00843,31,Male,Hyderabad,4,Month-to-Month,Fiber Optic,891.96,3463.25,56.38,476,31,3,1,Credit Card,Smartphone,Postpaid,Yes,No
CUST00844,26,Male,Bangalore,30,One Year,Fiber Optic,925.1,26458.0,75.15,185,39,2,1,UPI,Router Only,Prepaid,No,No
CUST00845,63,Male,Ahmedabad,46,One Year,Fiber Optic,820.17,36081.78,44.75,156,46,2,1,Credit Card,Smartphone,Prepaid,Yes,No
CUST00846,18,Male,Mumbai,4,Month-to-Month,Fiber Optic,939.68,3661.7,64.59,280,86,3,1,Debit Card,Feature Phone,Postpaid,Yes,No
CUST00847,68,Female,Kolkata,39,Month-to-Month,No Internet,210.33,7641.68,1.12,295,0,2,1,UPI,Smartphone,Prepaid,Yes,Yes
CUST00848,62,Female,Delhi,8,One Year,Fiber Optic,792.83,5833.46,42.56,110,7,3,1,Credit Card,Feature Phone,Prepaid,No,No
CUST00849,30,Female,Mumbai,1,Month-to-Month,Fiber Optic,998.59,998.59,57.66,395,62,3,1,Net Banking,Smartphone,Postpaid,Yes,Yes
CUST00850,21,Male,Lucknow,25,Month-to-Month,DSL,477.95,11566.08,23.9,267,103,2,1,Credit Card,Smartphone,Prepaid,Yes,Yes
CUST00851,18,Male,Ahmedabad,7,Month-to-Month,No Internet,151.36,1061.16,1.18,253,84,1,0,Net Banking,Smartphone,Prepaid,No,Yes
CUST00852,66,Male,Bangalore,22,One Year,Fiber Optic,1037.87,22237.23,38.85,343,9,1,0,Credit Card,Router Only,Postpaid,Yes,No
CUST00853,57,Male,Chennai,47,Two Year,Fiber Optic,946.28,42645.59,38.56,477,6,1,0,UPI,Smartphone,Postpaid,No,No
CUST00854,49,Female,Lucknow,31,One Year,Fiber Optic,910.28,26851.01,28.91,405,61,2,1,Net Banking,Router Only,Prepaid,Yes,No
CUST00855,51,Other,Mumbai,16,Month-to-Month,Fiber Optic,958.88,15136.59,36.8,356,24,2,1,Debit Card,Smartphone,Postpaid,Yes,No
CUST00856,45,Male,Delhi,0,Month-to-Month,Fiber Optic,837.72,837.72,38.53,312,45,1,0,UPI,Smartphone,Prepaid,Yes,Yes
CUST00857,48,Female,Hyderabad,13,Month-to-Month,DSL,641.8,8532.42,32.41,333,13,1,0,Net Banking,Smartphone,Postpaid,Yes,No
CUST00858,25,Female,Delhi,50,Two Year,No Internet,239.46,12200.97,4.79,249,59,3,1,UPI,Feature Phone,Prepaid,No,No
CUST00859,56,Male,Mumbai,31,Month-to-Month,DSL,664.36,20524.88,21.53,339,35,3,1,Debit Card,Feature Phone,Postpaid,Yes,No
CUST00860,43,Female,Jaipur,25,Month-to-Month,Fiber Optic,696.54,16679.67,40.73,239,44,1,0,Net Banking,Smartphone,Prepaid,Yes,No
CUST00861,51,Male,Delhi,20,One Year,Fiber Optic,1023.61,20274.14,45.23,488,34,7,3,UPI,Router Only,Postpaid,No,Yes
CUST00862,20,Male,Kolkata,49,Two Year,Fiber Optic,774.37,37689.09,61.2,199,106,3,1,UPI,Smartphone,Prepaid,Yes,No
CUST00863,67,Female,Hyderabad,8,Month-to-Month,Fiber Optic,936.27,7502.28,35.28,459,10,1,0,Net Banking,Smartphone,Postpaid,Yes,Yes
CUST00864,29,Female,Hyderabad,23,Month-to-Month,DSL,579.7,12762.73,20.16,372,83,1,0,Debit Card,Smartphone,Postpaid,No,No
CUST00865,18,Male,Pune,32,One Year,No Internet,405.55,12493.04,7.17,357,44,2,1,Debit Card,Smartphone,Postpaid,Yes,No
CUST00866,61,Male,Bangalore,14,One Year,Fiber Optic,932.45,13532.2,15.04,373,0,5,2,Debit Card,Smartphone,Postpaid,No,No
CUST00867,22,Female,Delhi,9,Month-to-Month,No Internet,311.77,2571.9,26.44,159,75,0,0,Credit Card,Smartphone,Postpaid,Yes,No
CUST00868,47,Female,Delhi,30,One Year,No Internet,465.59,12846.68,10.15,287,6,2,1,Debit Card,Router Only,Postpaid,No,No
CUST00869,47,Female,Kolkata,4,Month-to-Month,Fiber Optic,802.63,3366.53,40.9,231,42,4,2,Debit Card,Smartphone,Prepaid,Yes,No
CUST00870,34,Male,Mumbai,19,Two Year,Fiber Optic,1014.85,19156.86,65.11,505,1,3,2,UPI,Feature Phone,Postpaid,Yes,No
CUST00871,65,Female,Delhi,15,Month-to-Month,Fiber Optic,1040.27,15117.23,41.26,306,0,1,0,Debit Card,Smartphone,Postpaid,Yes,Yes
CUST00872,64,Male,Lucknow,11,Month-to-Month,DSL,641.36,6476.46,12.36,337,0,1,0,Cash,Smartphone,Postpaid,No,No
CUST00873,40,Female,Lucknow,28,One Year,Fiber Optic,867.41,24204.66,46.32,373,38,1,0,Debit Card,Smartphone,Prepaid,No,No
CUST00874,32,Male,Bangalore,37,One Year,Fiber Optic,958.73,36052.67,45.29,199,70,4,2,Net Banking,Router Only,Prepaid,Yes,No
CUST00875,54,Female,Delhi,45,One Year,No Internet,431.82,19037.01,0.5,343,17,1,0,UPI,Smartphone,Postpaid,No,No
CUST00876,38,Male,Pune,14,One Year,Fiber Optic,897.95,11407.1,47.1,361,80,1,0,UPI,Smartphone,Postpaid,No,No
CUST00877,31,Male,Ahmedabad,1,Month-to-Month,Fiber Optic,836.65,836.65,54.2,139,45,0,0,Credit Card,Smartphone,Prepaid,Yes,Yes
CUST00878,19,Male,Delhi,42,Month-to-Month,DSL,459.1,17795.54,26.13,121,64,0,0,UPI,Smartphone,Prepaid,Yes,No
CUST00879,28,Male,Delhi,12,Month-to-Month,No Internet,549.68,6364.44,5.9,367,76,2,1,Cash,Router Only,Postpaid,No,Yes
CUST00880,68,Female,Ahmedabad,34,Two Year,Fiber Optic,887.34,28476.97,31.41,285,0,4,2,UPI,Router Only,Prepaid,No,No
CUST00881,56,Female,Jaipur,1,Month-to-Month,Fiber Optic,940.47,940.47,27.73,477,23,0,0,Net Banking,Smartphone,Postpaid,Yes,Yes
CUST00882,55,Female,Kolkata,9,Month-to-Month,DSL,685.28,5594.66,20.63,354,21,1,1,Debit Card,Smartphone,Postpaid,No,No
CUST00883,51,Male,Mumbai,4,Month-to-Month,DSL,745.38,2951.19,21.24,467,16,3,1,Net Banking,Tablet,Postpaid,Yes,No
CUST00884,55,Female,Bangalore,25,Two Year,No Internet,426.86,10521.16,0.5,398,0,2,1,Debit Card,Smartphone,Postpaid,No,No
CUST00885,67,Female,Chennai,30,Two Year,Fiber Optic,911.1,25254.23,35.71,437,59,1,0,UPI,Tablet,Prepaid,Yes,No
CUST00886,51,Male,Delhi,35,Two Year,DSL,447.99,16270.34,24.52,348,15,0,0,Credit Card,Smartphone,Prepaid,Yes,No
CUST00887,35,Male,Mumbai,20,Month-to-Month,Fiber Optic,769.33,15866.21,45.16,276,34,0,0,UPI,Smartphone,Prepaid,No,No
CUST00888,47,Female,Mumbai,20,One Year,No Internet,385.48,7249.8,1.67,405,0,1,0,UPI,Smartphone,Postpaid,No,No
CUST00889,32,Female,Hyderabad,19,Month-to-Month,Fiber Optic,868.24,16094.47,45.44,152,35,3,2,UPI,Router Only,Prepaid,Yes,No
CUST00890,44,Female,Hyderabad,1,Month-to-Month,Fiber Optic,849.59,849.59,64.95,161,77,3,1,Net Banking,Smartphone,Prepaid,No,Yes
CUST00891,68,Male,Kolkata,1,Month-to-Month,Fiber Optic,915.64,915.64,45.78,400,46,4,2,Debit Card,Smartphone,Postpaid,No,Yes
CUST00892,51,Female,Kolkata,1,Month-to-Month,Fiber Optic,765.17,765.17,32.58,313,48,1,1,Cash,Smartphone,Prepaid,No,Yes
CUST00893,69,Male,Jaipur,23,One Year,Fiber Optic,864.83,19804.77,40.61,441,0,1,0,Net Banking,Smartphone,Postpaid,Yes,Yes
CUST00894,55,Female,Ahmedabad,36,Two Year,Fiber Optic,798.42,28026.84,33.69,349,5,6,2,Debit Card,Smartphone,Prepaid,No,No
CUST00895,50,Female,Mumbai,42,Month-to-Month,Fiber Optic,866.64,34841.02,40.19,262,62,0,0,Debit Card,Smartphone,Prepaid,Yes,Yes
CUST00896,41,Male,Bangalore,33,Two Year,Fiber Optic,1083.33,34527.95,57.26,336,6,4,2,Credit Card,Router Only,Postpaid,Yes,No
CUST00897,32,Female,Hyderabad,32,Month-to-Month,No Internet,371.59,11848.99,11.78,186,15,2,1,Debit Card,Smartphone,Prepaid,No,No
CUST00898,47,Male,Delhi,5,Month-to-Month,Fiber Optic,1014.79,5267.41,39.43,398,0,1,0,Net Banking,Smartphone,Postpaid,No,Yes
CUST00899,59,Other,Jaipur,22,Month-to-Month,DSL,817.25,18656.74,10.61,424,21,1,1,Debit Card,Router Only,Postpaid,No,Yes
CUST00900,68,Male,Delhi,24,Month-to-Month,DSL,614.43,15139.59,25.44,198,0,3,1,Credit Card,Tablet,Prepaid,No,No
CUST00901,34,Male,Mumbai,2,Month-to-Month,Fiber Optic,987.42,1910.34,49.88,339,29,4,1,Credit Card,Feature Phone,Postpaid,Yes,No
CUST00902,22,Male,Chennai,29,One Year,Fiber Optic,878.68,26721.0,80.25,333,95,0,0,Debit Card,Feature Phone,Postpaid,Yes,No
CUST00903,46,Male,Hyderabad,11,One Year,No Internet,286.05,2906.87,18.86,182,54,1,0,Credit Card,Tablet,Prepaid,No,Yes
CUST00904,21,Male,Pune,39,Two Year,Fiber Optic,830.34,31388.67,68.65,166,72,2,1,Credit Card,Smartphone,Prepaid,No,No
CUST00905,27,Female,Hyderabad,3,Month-to-Month,Fiber Optic,938.23,2761.29,56.21,367,0,3,2,Cash,Feature Phone,Postpaid,No,Yes
CUST00906,34,Female,Mumbai,21,One Year,Fiber Optic,754.73,16578.74,35.64,253,79,3,1,Debit Card,Smartphone,Prepaid,No,No
CUST00907,27,Female,Mumbai,28,One Year,Fiber Optic,838.82,22833.07,57.43,182,124,3,1,Credit Card,Smartphone,Prepaid,Yes,Yes
CUST00908,34,Male,Jaipur,48,Two Year,Fiber Optic,786.7,37682.39,43.03,125,40,1,0,Cash,Smartphone,Prepaid,Yes,No
CUST00909,37,Female,Mumbai,9,Month-to-Month,No Internet,377.55,3177.63,1.92,290,45,1,0,UPI,Feature Phone,Postpaid,Yes,No
CUST00910,41,Male,Mumbai,32,Two Year,No Internet,474.66,14862.31,8.92,313,67,3,1,Credit Card,Router Only,Prepaid,Yes,No
CUST00911,22,Female,Bangalore,33,One Year,No Internet,329.64,10863.05,4.22,217,45,1,0,Credit Card,Feature Phone,Prepaid,No,No
CUST00912,51,Male,Delhi,18,One Year,Fiber Optic,712.49,11981.22,41.91,162,0,0,0,Credit Card,Smartphone,Prepaid,Yes,No
CUST00913,23,Female,Hyderabad,2,Month-to-Month,No Internet,404.59,791.6,0.5,125,56,1,0,UPI,Smartphone,Prepaid,Yes,Yes
CUST00914,19,Female,Pune,6,Month-to-Month,DSL,516.36,3094.11,23.7,280,106,1,0,Credit Card,Feature Phone,Prepaid,Yes,No
CUST00915,30,Female,Kolkata,16,Month-to-Month,No Internet,295.9,4457.76,13.52,115,49,1,0,UPI,Smartphone,Prepaid,Yes,No
CUST00916,60,Male,Pune,3,Month-to-Month,DSL,711.58,2070.36,10.05,720,25,2,1,UPI,Smartphone,Postpaid,No,Yes
CUST00917,60,Male,Delhi,2,Month-to-Month,Fiber Optic,875.88,1790.55,24.26,326,65,1,0,Credit Card,Smartphone,Prepaid,Yes,Yes
CUST00918,65,Male,Bangalore,36,Two Year,No Internet,305.1,10771.93,4.41,322,0,3,1,UPI,Smartphone,Prepaid,Yes,No
CUST00919,28,Female,Delhi,4,Month-to-Month,DSL,609.24,2271.96,21.57,429,0,1,0,Cash,Smartphone,Postpaid,Yes,Yes
CUST00920,68,Female,Delhi,4,Month-to-Month,No Internet,287.67,1072.59,4.67,252,49,0,0,Net Banking,Smartphone,Prepaid,No,Yes
CUST00921,64,Male,Bangalore,7,Month-to-Month,Fiber Optic,1014.76,7145.89,39.09,548,0,1,0,Net Banking,Tablet,Postpaid,Yes,Yes
CUST00922,40,Female,Mumbai,6,Month-to-Month,No Internet,324.24,1833.3,7.85,286,8,4,1,UPI,Smartphone,Prepaid,Yes,Yes
CUST00923,33,Female,Pune,1,Month-to-Month,Fiber Optic,888.14,888.14,52.53,397,45,6,3,Debit Card,Smartphone,Postpaid,No,Yes
CUST00924,48,Female,Pune,12,One Year,Fiber Optic,947.82,11690.72,41.18,288,37,2,1,UPI,Router Only,Prepaid,Yes,Yes
CUST00925,28,Male,Jaipur,28,Month-to-Month,DSL,705.16,17825.36,23.9,516,56,0,0,Net Banking,Tablet,Postpaid,No,No
CUST00926,33,Male,Kolkata,25,One Year,DSL,603.65,14825.08,33.43,461,28,1,0,UPI,Smartphone,Postpaid,No,No
CUST00927,25,Male,Delhi,27,Month-to-Month,DSL,540.13,13612.48,27.17,117,44,2,1,Net Banking,Smartphone,Prepaid,Yes,No
CUST00928,21,Female,Bangalore,35,Two Year,DSL,487.14,17332.35,19.77,112,58,3,2,Cash,Smartphone,Prepaid,Yes,No
CUST00929,57,Male,Mumbai,27,Two Year,Fiber Optic,913.73,22717.6,32.7,518,34,5,2,UPI,Smartphone,Postpaid,No,No
CUST00930,21,Male,Bangalore,9,Month-to-Month,DSL,447.26,4139.01,33.33,170,96,0,0,UPI,Tablet,Prepaid,No,No
CUST00931,42,Female,Delhi,28,Two Year,Fiber Optic,784.17,21640.49,43.54,248,33,1,1,Debit Card,Smartphone,Prepaid,No,No
CUST00932,20,Female,Delhi,20,Month-to-Month,DSL,697.15,12902.44,27.61,302,27,3,1,Credit Card,Feature Phone,Postpaid,Yes,No
CUST00933,49,Female,Hyderabad,3,Month-to-Month,Fiber Optic,756.73,2264.02,45.05,211,42,5,2,Debit Card,Router Only,Prepaid,Yes,Yes
CUST00934,20,Male,Pune,15,Month-to-Month,Fiber Optic,727.92,9874.88,71.79,213,60,1,1,UPI,Smartphone,Prepaid,Yes,No
CUST00935,44,Male,Pune,1,Month-to-Month,No Internet,220.17,220.17,0.5,247,69,1,0,Credit Card,Smartphone,Prepaid,Yes,Yes
CUST00936,46,Female,Bangalore,67,Two Year,Fiber Optic,870.52,59008.16,53.92,129,50,1,0,UPI,Tablet,Prepaid,Yes,No
CUST00937,49,Male,Hyderabad,0,Month-to-Month,DSL,494.85,494.85,15.2,195,37,1,0,Net Banking,Feature Phone,Prepaid,Yes,No
CUST00938,67,Male,Hyderabad,0,Month-to-Month,Fiber Optic,875.4,875.4,36.59,395,60,3,2,Cash,Smartphone,Prepaid,No,Yes
CUST00939,68,Male,Pune,9,Month-to-Month,Fiber Optic,774.17,6477.12,39.24,276,0,0,0,Net Banking,Smartphone,Prepaid,Yes,No
CUST00940,36,Male,Delhi,26,One Year,DSL,406.91,9753.83,32.14,198,61,1,0,Credit Card,Tablet,Prepaid,Yes,Yes
CUST00941,38,Male,Pune,58,Two Year,Fiber Optic,713.7,39764.64,45.02,326,70,0,0,Credit Card,Smartphone,Prepaid,Yes,No
CUST00942,22,Female,Chennai,22,One Year,DSL,464.89,9476.71,32.61,198,20,3,1,Debit Card,Smartphone,Prepaid,Yes,No
CUST00943,35,Female,Mumbai,1,Month-to-Month,No Internet,151.47,151.47,0.5,207,44,3,1,Debit Card,Smartphone,Prepaid,No,Yes
CUST00944,45,Female,Delhi,47,Month-to-Month,No Internet,354.91,15355.37,0.5,98,45,1,0,UPI,Router Only,Prepaid,No,No
CUST00945,59,Male,Delhi,6,Month-to-Month,No Internet,363.52,2021.05,4.73,319,0,1,0,Credit Card,Smartphone,Prepaid,No,Yes
CUST00946,39,Male,Hyderabad,9,Month-to-Month,DSL,569.09,5327.54,17.3,287,65,1,0,UPI,Smartphone,Postpaid,No,No
CUST00947,38,Male,Kolkata,5,Month-to-Month,DSL,546.86,,29.53,266,95,2,1,Debit Card,Smartphone,Prepaid,Yes,No
CUST00948,23,Female,Bangalore,8,Month-to-Month,DSL,686.55,5374.07,28.1,0,61,1,0,UPI,Router Only,Prepaid,Yes,No
CUST00949,18,Male,Bangalore,30,Two Year,DSL,475.1,13748.96,31.88,50,53,3,1,Net Banking,Smartphone,Prepaid,Yes,No
CUST00950,22,Female,Jaipur,44,Month-to-Month,DSL,632.68,26228.27,31.42,352,2,3,2,Cash,Feature Phone,Postpaid,Yes,Yes
CUST00951,58,Female,Mumbai,50,Two Year,Fiber Optic,722.79,36851.48,30.06,388,34,1,0,Cash,Smartphone,Prepaid,No,No
CUST00952,29,Male,Delhi,24,Two Year,Fiber Optic,867.96,19432.72,60.93,154,36,0,0,Debit Card,Tablet,Postpaid,Yes,No
CUST00953,43,Male,Bangalore,27,Two Year,Fiber Optic,810.62,22626.07,67.57,255,82,4,2,Net Banking,Tablet,Prepaid,Yes,No
CUST00954,63,Female,Kolkata,18,Month-to-Month,Fiber Optic,936.7,16900.98,47.61,321,77,3,1,UPI,Smartphone,Prepaid,Yes,No
CUST00955,51,Female,Chennai,46,Two Year,Fiber Optic,765.06,35178.24,34.35,352,35,1,0,UPI,Smartphone,Prepaid,No,No
CUST00956,66,Male,Bangalore,8,One Year,DSL,686.82,5738.49,0.5,520,0,0,0,Net Banking,Smartphone,Postpaid,Yes,No
CUST00957,31,Male,Lucknow,31,One Year,Fiber Optic,743.69,23742.0,41.75,139,17,0,0,Credit Card,Smartphone,Prepaid,Yes,No
CUST00958,43,Female,Pune,10,Month-to-Month,DSL,610.64,5942.21,6.04,291,0,0,0,Cash,Tablet,Postpaid,Yes,Yes
CUST00959,62,Male,Delhi,12,Month-to-Month,DSL,586.39,,,361,6,2,1,,Smartphone,Postpaid,No,No
CUST00960,44,Male,Kolkata,59,Two Year,Fiber Optic,754.91,45269.09,41.65,52,35,4,1,Debit Card,Feature Phone,Prepaid,Yes,No
CUST00961,26,Male,Delhi,18,Month-to-Month,Fiber Optic,955.97,16017.09,55.9,238,52,1,0,Debit Card,Smartphone,Postpaid,Yes,No
CUST00962,43,Female,Pune,8,Month-to-Month,Fiber Optic,697.23,5560.32,28.39,396,81,3,1,Net Banking,Smartphone,Prepaid,Yes,Yes
CUST00963,64,Male,Mumbai,5,Month-to-Month,DSL,491.06,2310.14,15.07,506,21,2,1,UPI,Smartphone,Prepaid,Yes,No
CUST00964,39,Male,Pune,40,Two Year,DSL,522.13,19014.9,32.68,297,63,0,0,Net Banking,Smartphone,Postpaid,No,No
CUST00965,64,Male,Mumbai,62,Month-to-Month,DSL,620.15,40270.16,30.25,432,42,1,0,Debit Card,Smartphone,Postpaid,Yes,No
CUST00966,47,Female,Ahmedabad,37,Two Year,Fiber Optic,724.53,26952.56,46.99,362,32,2,1,Credit Card,Smartphone,Prepaid,No,No
CUST00967,60,Other,Bangalore,31,Month-to-Month,DSL,583.51,18192.58,16.23,227,29,1,0,Net Banking,Smartphone,Prepaid,No,No
CUST00968,65,Female,Chennai,1,Month-to-Month,DSL,510.14,510.14,6.97,494,29,3,1,Debit Card,Tablet,Prepaid,No,Yes
CUST00969,34,Female,Mumbai,0,Month-to-Month,Fiber Optic,886.84,886.84,60.05,322,93,1,1,Debit Card,Router Only,Prepaid,No,Yes
CUST00970,43,Female,Jaipur,31,One Year,DSL,415.99,13318.02,6.55,245,67,1,0,Credit Card,Tablet,Prepaid,No,No
CUST00971,53,Male,Kolkata,4,Month-to-Month,DSL,596.56,2373.4,10.93,283,51,1,0,Credit Card,Router Only,Prepaid,No,Yes
CUST00972,18,Male,Mumbai,0,Month-to-Month,Fiber Optic,881.81,881.81,55.8,269,117,2,1,UPI,Router Only,Prepaid,Yes,Yes
CUST00973,25,Female,Lucknow,16,Month-to-Month,DSL,513.15,7591.23,34.69,176,87,2,1,Debit Card,Smartphone,Prepaid,Yes,No
CUST00974,66,Male,Bangalore,36,Month-to-Month,Fiber Optic,935.3,34051.07,40.66,318,64,1,0,Net Banking,Smartphone,Postpaid,No,Yes
CUST00975,52,Male,Pune,31,One Year,Fiber Optic,752.07,21602.13,31.87,236,34,1,0,UPI,Smartphone,Prepaid,Yes,No
CUST00976,69,Female,Kolkata,8,Month-to-Month,Fiber Optic,797.5,5950.22,34.42,433,11,1,0,Net Banking,Smartphone,Prepaid,No,No
CUST00977,32,Male,Delhi,4,Month-to-Month,Fiber Optic,810.4,2966.87,64.67,172,25,4,2,Debit Card,Router Only,Prepaid,No,Yes
CUST00978,64,Male,Lucknow,35,Month-to-Month,Fiber Optic,632.3,22413.53,28.64,347,34,2,1,UPI,Smartphone,Prepaid,Yes,Yes
CUST00979,39,Other,Bangalore,44,Month-to-Month,DSL,592.36,25925.88,18.38,356,54,2,1,UPI,Feature Phone,Postpaid,No,No
CUST00980,31,Female,Mumbai,20,Two Year,No Internet,163.21,3145.46,12.96,301,48,2,1,Credit Card,Smartphone,Prepaid,No,Yes
CUST00981,43,Male,Ahmedabad,2,Month-to-Month,DSL,818.47,1516.49,22.9,417,17,1,0,Credit Card,Router Only,Postpaid,Yes,Yes
CUST00982,45,Other,Pune,20,Month-to-Month,Fiber Optic,1025.18,20159.62,50.74,501,40,1,0,UPI,Feature Phone,Postpaid,Yes,Yes
CUST00983,40,Female,Delhi,2,Month-to-Month,No Internet,441.58,880.44,3.96,376,0,1,0,Credit Card,Smartphone,Postpaid,No,No
CUST00984,31,Female,Delhi,0,One Year,Fiber Optic,941.35,941.35,65.97,434,5,2,1,Credit Card,Smartphone,Postpaid,No,No
CUST00985,41,Male,Pune,20,One Year,Fiber Optic,988.08,18730.87,51.09,331,80,3,1,UPI,Router Only,Postpaid,Yes,Yes
CUST00986,19,Male,Delhi,3,Month-to-Month,DSL,596.73,1668.6,28.05,214,29,3,2,Net Banking,Router Only,Prepaid,No,Yes
CUST00987,62,Female,Jaipur,30,One Year,DSL,590.63,16894.99,18.25,520,60,1,0,Net Banking,Tablet,Postpaid,Yes,No
CUST00988,43,Female,Kolkata,26,One Year,Fiber Optic,751.39,18300.19,55.9,348,46,3,1,Net Banking,Feature Phone,Prepaid,Yes,No
CUST00989,31,Female,Bangalore,21,Month-to-Month,DSL,450.43,9203.2,25.26,174,87,2,1,Credit Card,Smartphone,Prepaid,No,Yes
CUST00990,68,Male,Bangalore,17,Month-to-Month,Fiber Optic,848.47,15010.35,44.0,294,28,0,0,Cash,Smartphone,Prepaid,No,No
CUST00991,24,Male,Hyderabad,0,Month-to-Month,DSL,580.2,580.2,29.02,44,31,0,0,Net Banking,Router Only,Prepaid,No,Yes
CUST00992,20,Female,Bangalore,21,One Year,DSL,492.47,9950.07,28.89,422,56,0,0,Credit Card,Smartphone,Postpaid,No,Yes
CUST00993,64,Male,Kolkata,25,Two Year,No Internet,346.97,8291.34,8.71,324,0,3,2,Net Banking,Smartphone,Postpaid,Yes,No
CUST00994,40,Female,Lucknow,11,Month-to-Month,No Internet,240.4,2458.61,0.5,0,40,1,0,UPI,Smartphone,Prepaid,Yes,Yes
CUST00995,63,Male,Chennai,13,One Year,DSL,506.0,6880.53,28.76,293,1,1,0,Credit Card,Feature Phone,Prepaid,Yes,No
CUST00996,60,Male,Bangalore,0,Month-to-Month,Fiber Optic,706.49,706.49,44.9,228,0,4,1,Credit Card,Smartphone,Prepaid,Yes,No
CUST00997,64,Female,Mumbai,56,Two Year,DSL,536.5,29753.12,8.36,381,0,2,1,UPI,Smartphone,Prepaid,No,No
CUST00998,62,Female,Pune,30,One Year,Fiber Optic,858.68,23883.86,43.42,372,54,1,0,UPI,Smartphone,Prepaid,Yes,No
CUST00999,35,Male,Pune,4,One Year,No Internet,273.35,1116.4,10.69,23,67,0,0,Cash,Smartphone,Prepaid,No,Yes
CUST01000,55,Male,Pune,2,Month-to-Month,No Internet,401.27,827.56,1.4,508,12,0,0,Credit Card,Tablet,Postpaid,Yes,Yes
CUST01001,52,Female,Delhi,8,Month-to-Month,Fiber Optic,930.75,7270.22,39.79,160,35,3,1,UPI,Router Only,Prepaid,Yes,Yes
CUST01002,68,Male,Jaipur,29,One Year,DSL,521.6,14335.46,6.01,333,53,1,0,Debit Card,Smartphone,Prepaid,Yes,No
CUST01003,32,Female,Bangalore,30,Month-to-Month,Fiber Optic,890.53,25071.35,65.65,532,61,2,1,UPI,Smartphone,Postpaid,No,No
CUST01004,42,Female,Kolkata,3,Month-to-Month,Fiber Optic,856.98,2348.16,41.69,205,25,2,1,Cash,Feature Phone,Prepaid,No,Yes
CUST01005,54,Male,Kolkata,18,Month-to-Month,DSL,714.44,12384.06,1.73,484,31,0,0,UPI,Smartphone,Postpaid,Yes,Yes
CUST01006,45,Female,Pune,11,Month-to-Month,Fiber Optic,693.69,,,259,109,0,0,UPI,Smartphone,Prepaid,Yes,Yes
CUST01007,27,Male,Bangalore,29,One Year,No Internet,309.36,8706.63,0.5,309,22,2,1,Net Banking,Smartphone,Postpaid,No,No
CUST01008,56,Female,Chennai,4,Month-to-Month,Fiber Optic,812.69,3180.95,37.69,252,83,4,2,Credit Card,Feature Phone,Prepaid,No,Yes
CUST01009,34,Male,Delhi,0,Month-to-Month,No Internet,417.16,417.16,15.22,277,39,7,2,Cash,Smartphone,Postpaid,No,Yes
CUST01010,56,Female,Kolkata,3,Month-to-Month,DSL,802.81,2265.21,20.05,398,63,3,1,UPI,Router Only,Postpaid,Yes,No
CUST01011,39,Male,Delhi,50,Two Year,No Internet,304.48,15037.36,9.6,325,89,1,0,UPI,Smartphone,Prepaid,Yes,No
CUST01012,43,Male,Bangalore,64,Two Year,Fiber Optic,830.3,49042.55,64.68,279,77,2,1,Net Banking,Smartphone,Prepaid,Yes,No
CUST01013,61,Other,Delhi,1,Month-to-Month,DSL,495.27,495.27,15.49,324,35,2,1,UPI,Smartphone,Prepaid,Yes,Yes
CUST01014,42,Female,Ahmedabad,1,One Year,No Internet,341.93,341.93,0.5,552,31,3,1,UPI,Feature Phone,Postpaid,No,No
CUST01015,34,Female,Hyderabad,0,Month-to-Month,DSL,652.61,652.61,19.19,326,43,1,0,Net Banking,Router Only,Prepaid,No,Yes
CUST01016,30,Male,Pune,33,Month-to-Month,Fiber Optic,989.94,30180.8,60.95,355,2,4,1,Credit Card,Smartphone,Postpaid,Yes,Yes
CUST01017,37,Female,Pune,33,One Year,DSL,553.77,18160.48,18.02,88,2,0,0,Debit Card,Smartphone,Prepaid,No,No
CUST01018,42,Male,Ahmedabad,4,Month-to-Month,No Internet,171.67,688.48,9.75,175,79,2,1,Cash,Smartphone,Prepaid,Yes,Yes
CUST01019,21,Male,Delhi,11,Month-to-Month,DSL,717.4,7114.97,23.28,177,23,0,0,Debit Card,Smartphone,Postpaid,Yes,Yes
CUST01020,27,Female,Pune,21,One Year,DSL,713.65,15348.04,20.6,320,50,0,0,UPI,Smartphone,Postpaid,Yes,No
CUST01021,20,Male,Chennai,72,Two Year,No Internet,341.89,25107.81,0.5,465,39,1,0,Credit Card,Feature Phone,Postpaid,Yes,No
CUST01022,58,Female,Delhi,30,Two Year,Fiber Optic,960.74,26878.51,54.51,322,26,0,0,Debit Card,Smartphone,Postpaid,Yes,No
CUST01023,62,Female,Mumbai,7,One Year,No Internet,525.55,3360.29,0.73,495,17,1,0,UPI,Router Only,Postpaid,Yes,No
CUST01024,35,Female,Mumbai,4,Month-to-Month,DSL,705.53,2786.44,23.68,294,0,2,1,UPI,Feature Phone,Postpaid,Yes,Yes
CUST01025,64,Female,Delhi,7,Month-to-Month,Fiber Optic,788.56,5687.3,42.82,270,0,0,0,Debit Card,Smartphone,Prepaid,No,No
CUST01026,53,Female,Bangalore,41,Two Year,Fiber Optic,782.41,30559.5,43.0,334,0,1,0,Cash,Smartphone,Prepaid,No,No
CUST01027,64,Male,Delhi,14,Month-to-Month,Fiber Optic,797.18,11660.28,47.74,136,40,0,0,Net Banking,Smartphone,Prepaid,Yes,No
CUST01028,39,Female,Hyderabad,11,One Year,DSL,592.67,6820.3,39.96,437,80,1,0,Debit Card,Smartphone,Postpaid,No,No
CUST01029,51,Male,Mumbai,34,Month-to-Month,DSL,500.22,15344.32,28.97,249,23,1,0,UPI,Smartphone,Prepaid,No,No
CUST01030,64,Male,Mumbai,4,Month-to-Month,No Internet,431.23,1722.04,6.45,428,41,2,1,Net Banking,Feature Phone,Postpaid,No,Yes
CUST01031,25,Female,Jaipur,7,Month-to-Month,No Internet,287.63,1918.08,0.62,138,23,1,1,Credit Card,Smartphone,Prepaid,Yes,No
CUST01032,57,Female,Hyderabad,42,Two Year,Fiber Optic,782.4,30267.19,43.63,292,0,2,1,UPI,Smartphone,Prepaid,Yes,No
CUST01033,66,Female,Mumbai,6,Month-to-Month,DSL,688.73,4178.29,27.92,537,0,2,1,Debit Card,Tablet,Postpaid,No,Yes
CUST01034,61,Male,Chennai,22,One Year,DSL,509.48,11291.27,14.8,263,29,1,0,Credit Card,Tablet,Prepaid,No,No
CUST01035,36,Female,Mumbai,26,Two Year,Fiber Optic,900.12,21241.86,51.41,249,83,0,0,Cash,Router Only,Prepaid,No,No
CUST01036,59,Male,Delhi,16,Two Year,DSL,866.33,12764.7,27.26,566,9,1,0,Net Banking,Router Only,Postpaid,No,No
CUST01037,58,Female,Delhi,5,Month-to-Month,Fiber Optic,815.4,3716.11,13.59,262,10,2,1,Credit Card,Smartphone,Prepaid,Yes,Yes
CUST01038,54,Female,Lucknow,1,Month-to-Month,Fiber Optic,941.2,941.2,41.81,300,10,2,1,Net Banking,Smartphone,Postpaid,No,Yes
CUST01039,23,Female,Pune,51,Two Year,Fiber Optic,907.59,43646.82,58.87,237,92,1,0,Credit Card,Router Only,Prepaid,Yes,No
CUST01040,69,Male,Kolkata,2,Month-to-Month,DSL,749.78,1475.98,11.42,634,0,3,1,UPI,Router Only,Postpaid,No,Yes
CUST01041,43,Male,Lucknow,25,Month-to-Month,DSL,636.58,15958.12,16.72,418,28,4,2,Net Banking,Smartphone,Postpaid,Yes,No
CUST01042,51,Male,Jaipur,18,Month-to-Month,DSL,691.83,11860.13,6.12,382,4,0,0,UPI,Smartphone,Postpaid,No,No
CUST01043,62,Female,Pune,11,Month-to-Month,DSL,654.88,6859.89,15.32,410,2,1,0,Net Banking,Smartphone,Postpaid,Yes,No
CUST01044,23,Female,Pune,18,Month-to-Month,Fiber Optic,862.5,15715.44,71.16,116,77,3,1,UPI,Tablet,Prepaid,Yes,Yes
CUST01045,54,Male,Bangalore,4,One Year,Fiber Optic,941.02,3587.29,30.13,378,5,7,3,UPI,Feature Phone,Postpaid,Yes,No
CUST01046,50,Female,Delhi,11,One Year,Fiber Optic,900.51,9435.13,41.53,196,0,1,0,Cash,Tablet,Prepaid,Yes,No
CUST01047,39,Female,Chennai,25,Month-to-Month,Fiber Optic,948.43,23481.22,40.74,469,20,1,0,Credit Card,Smartphone,Postpaid,No,No
CUST01048,38,Female,Chennai,29,Two Year,No Internet,401.74,10608.02,0.5,413,13,0,0,UPI,Smartphone,Postpaid,Yes,No
CUST01049,23,Female,Lucknow,23,Month-to-Month,DSL,617.95,13520.51,6.1,174,38,1,0,UPI,Smartphone,Postpaid,Yes,No
CUST01050,23,Female,Bangalore,18,Month-to-Month,Fiber Optic,820.28,13578.79,66.7,210,66,2,1,Net Banking,Smartphone,Prepaid,Yes,Yes
CUST01051,65,Male,Pune,26,Two Year,Fiber Optic,1020.68,27390.33,43.42,181,85,1,0,UPI,Router Only,Prepaid,Yes,No
CUST01052,21,Male,Chennai,6,Month-to-Month,DSL,502.28,2861.49,35.97,180,62,2,1,Net Banking,Smartphone,Prepaid,Yes,Yes
CUST01053,47,Male,Delhi,9,One Year,DSL,548.42,4788.58,10.43,275,64,2,1,UPI,Smartphone,Prepaid,Yes,No
CUST01054,28,Female,Chennai,27,One Year,DSL,488.09,12032.94,42.0,262,52,1,0,Debit Card,Tablet,Prepaid,Yes,No
CUST01055,47,Female,Hyderabad,15,One Year,Fiber Optic,650.86,9511.04,48.99,309,58,2,1,Cash,Smartphone,Prepaid,No,No
CUST01056,48,Female,Hyderabad,2,Month-to-Month,DSL,697.24,1392.67,29.25,296,40,3,1,UPI,Router Only,Prepaid,Yes,No
CUST01057,41,Male,Hyderabad,3,Month-to-Month,Fiber Optic,980.23,2666.3,56.74,472,14,4,2,UPI,Smartphone,Postpaid,No,Yes
CUST01058,26,Male,Delhi,0,Month-to-Month,No Internet,554.73,554.73,9.55,385,54,2,1,Net Banking,Tablet,Postpaid,No,Yes
CUST01059,20,Male,Hyderabad,15,Month-to-Month,Fiber Optic,956.71,14113.92,64.26,324,51,0,0,UPI,Tablet,Postpaid,Yes,No
CUST01060,68,Male,Chennai,37,Month-to-Month,Fiber Optic,788.26,30607.82,29.41,243,66,1,0,UPI,Smartphone,Prepaid,No,No
CUST01061,48,Female,Hyderabad,51,Two Year,DSL,498.1,25782.42,24.64,200,36,0,0,Net Banking,Smartphone,Prepaid,No,No
CUST01062,57,Female,Hyderabad,25,Month-to-Month,Fiber Optic,841.45,20721.42,31.17,221,29,2,1,Net Banking,Smartphone,Prepaid,Yes,Yes
CUST01063,54,Female,Delhi,37,Two Year,DSL,638.39,21998.3,19.78,409,0,0,0,UPI,Smartphone,Postpaid,Yes,No
CUST01064,53,Female,Mumbai,22,Month-to-Month,Fiber Optic,922.73,21220.07,38.04,528,11,3,1,Debit Card,Smartphone,Postpaid,Yes,Yes
CUST01065,41,Male,Mumbai,17,One Year,Fiber Optic,1004.47,15884.9,44.33,435,33,0,0,Cash,Router Only,Postpaid,Yes,No
CUST01066,48,Male,Bangalore,22,Two Year,No Internet,251.25,5103.04,4.62,177,49,2,1,UPI,Smartphone,Prepaid,No,No
CUST01067,23,Male,Chennai,20,Two Year,Fiber Optic,1004.45,19362.99,68.03,358,66,5,2,Credit Card,Smartphone,Postpaid,No,No
CUST01068,19,Female,Ahmedabad,17,Month-to-Month,Fiber Optic,819.14,14078.73,64.99,220,63,1,0,UPI,Smartphone,Prepaid,No,Yes
CUST01069,37,Female,Delhi,56,Two Year,Fiber Optic,809.66,41428.89,33.66,191,26,3,1,Credit Card,Feature Phone,Prepaid,Yes,No
CUST01070,45,Male,Delhi,4,Month-to-Month,No Internet,342.77,1271.9,2.15,274,28,2,1,Net Banking,Router Only,Prepaid,Yes,Yes
CUST01071,28,Male,Bangalore,6,Month-to-Month,DSL,437.96,2611.23,25.04,100,34,0,0,Credit Card,Smartphone,Prepaid,Yes,No
CUST01072,21,Male,Bangalore,16,One Year,No Internet,425.42,6150.68,0.5,309,27,1,1,Credit Card,Smartphone,Postpaid,Yes,No
CUST01073,32,Male,Hyderabad,42,Two Year,No Internet,362.48,15209.3,18.57,341,53,1,0,Cash,Smartphone,Postpaid,Yes,No
CUST01074,23,Male,Ahmedabad,47,Two Year,DSL,511.34,21861.88,25.31,105,39,0,0,Net Banking,Smartphone,Prepaid,Yes,No
CUST01075,66,Male,Kolkata,8,Month-to-Month,DSL,573.2,4380.81,27.91,398,23,1,0,Debit Card,Smartphone,Prepaid,No,Yes
CUST01076,47,Male,Delhi,31,One Year,No Internet,235.94,7038.3,2.96,313,71,0,0,Debit Card,Smartphone,Prepaid,No,No
CUST01077,55,Female,Jaipur,50,Two Year,Fiber Optic,991.49,49399.61,34.78,456,0,2,1,Net Banking,Router Only,Postpaid,Yes,No
CUST01078,68,Female,Delhi,17,Month-to-Month,No Internet,286.67,4627.47,7.0,209,37,0,0,Cash,Smartphone,Prepaid,No,Yes
CUST01079,19,Male,Chennai,20,One Year,DSL,783.45,14323.73,46.77,442,36,1,0,UPI,Router Only,Postpaid,No,No
CUST01080,32,Male,Pune,13,Month-to-Month,DSL,445.46,5333.17,27.79,206,63,2,1,UPI,Smartphone,Prepaid,No,Yes
CUST01081,28,Male,Pune,27,Month-to-Month,Fiber Optic,996.02,25985.18,56.24,344,29,2,1,Debit Card,Router Only,Postpaid,Yes,Yes
CUST01082,25,Male,Mumbai,9,One Year,DSL,773.61,6864.31,35.53,494,8,4,2,UPI,Router Only,Postpaid,Yes,No
CUST01083,43,Male,Bangalore,3,Month-to-Month,DSL,815.12,2544.11,31.23,435,0,4,2,Debit Card,Router Only,Postpaid,Yes,Yes
CUST01084,68,Female,Hyderabad,10,Month-to-Month,DSL,689.53,6779.68,21.74,433,3,3,1,Net Banking,Tablet,Postpaid,No,No
CUST01085,62,Female,Mumbai,62,Month-to-Month,No Internet,218.71,13629.19,9.41,239,29,4,2,Debit Card,Smartphone,Prepaid,No,No
CUST01086,61,Female,Delhi,12,One Year,DSL,734.45,8183.21,26.1,378,5,1,1,UPI,Smartphone,Postpaid,Yes,No
CUST01087,22,Male,Chennai,36,Month-to-Month,Fiber Optic,923.67,34870.1,74.49,355,56,0,0,Credit Card,Feature Phone,Postpaid,No,Yes
CUST01088,23,Female,Hyderabad,8,Month-to-Month,DSL,821.22,6056.61,31.42,510,49,1,0,Credit Card,Router Only,Postpaid,Yes,No
CUST01089,43,Male,Pune,20,One Year,DSL,574.25,11306.43,33.93,226,16,2,1,Credit Card,Smartphone,Prepaid,No,Yes
CUST01090,21,Male,Delhi,0,Month-to-Month,No Internet,391.12,391.12,2.1,76,101,1,0,Debit Card,Router Only,Prepaid,No,Yes
CUST01091,36,Female,Ahmedabad,52,Two Year,DSL,604.61,30497.35,36.89,303,28,1,0,Credit Card,Smartphone,Postpaid,No,No
CUST01092,37,Female,Delhi,40,Month-to-Month,Fiber Optic,873.1,36162.37,65.11,163,12,1,0,Cash,Smartphone,Prepaid,Yes,Yes
CUST01093,50,Female,Jaipur,0,Month-to-Month,Fiber Optic,1065.9,1065.9,47.57,478,18,3,1,Net Banking,Smartphone,Postpaid,Yes,Yes
CUST01094,37,Female,Bangalore,0,Month-to-Month,Fiber Optic,871.65,871.65,60.66,256,6,4,1,UPI,Smartphone,Prepaid,Yes,Yes
CUST01095,66,Female,Hyderabad,46,Month-to-Month,Fiber Optic,736.69,34124.81,44.07,304,24,2,1,Net Banking,Smartphone,Prepaid,Yes,No
CUST01096,29,Female,Jaipur,41,Two Year,DSL,576.91,23374.28,29.75,432,101,0,0,Debit Card,Feature Phone,Postpaid,No,No
CUST01097,64,Female,Mumbai,40,Month-to-Month,Fiber Optic,975.84,35807.98,40.74,546,47,2,1,Net Banking,Smartphone,Postpaid,No,Yes
CUST01098,18,Female,Mumbai,7,One Year,Fiber Optic,878.57,5803.53,79.63,288,42,1,0,Cash,Smartphone,Postpaid,No,Yes
CUST01099,43,Female,Bangalore,39,Month-to-Month,DSL,661.91,23701.64,14.94,358,77,4,2,Debit Card,Feature Phone,Postpaid,Yes,No
CUST01100,31,Female,Mumbai,22,One Year,Fiber Optic,898.19,19408.58,67.97,281,76,0,0,Cash,Router Only,Prepaid,Yes,No
CUST01101,55,Female,Hyderabad,19,Two Year,Fiber Optic,751.45,13787.81,16.93,357,51,0,0,Debit Card,Smartphone,Prepaid,Yes,No
CUST01102,54,Male,Mumbai,0,Month-to-Month,DSL,553.24,553.24,13.66,242,50,1,0,Credit Card,Smartphone,Prepaid,No,Yes
CUST01103,28,Female,Ahmedabad,10,One Year,Fiber Optic,843.58,7950.11,61.55,0,116,4,1,Debit Card,Router Only,Prepaid,Yes,Yes
CUST01104,53,Male,Chennai,34,Two Year,DSL,544.19,18920.86,18.0,345,75,1,0,Cash,Smartphone,Prepaid,Yes,No
CUST01105,30,Male,Delhi,11,One Year,DSL,491.54,5210.97,36.83,171,53,2,1,UPI,Smartphone,Prepaid,Yes,No
CUST01106,60,Male,Kolkata,54,Month-to-Month,No Internet,351.92,17903.06,0.5,176,85,3,1,UPI,Router Only,Prepaid,Yes,No
CUST01107,20,Female,Bangalore,15,Month-to-Month,Fiber Optic,943.16,13293.07,71.29,402,45,2,1,Debit Card,Smartphone,Postpaid,No,Yes
CUST01108,50,Female,Mumbai,6,Month-to-Month,Fiber Optic,944.58,5362.26,33.82,510,42,1,0,Credit Card,Smartphone,Postpaid,Yes,No
CUST01109,23,Male,Bangalore,44,Two Year,DSL,593.74,26760.66,39.06,232,101,0,0,Net Banking,Smartphone,Prepaid,No,No
CUST01110,67,Male,Chennai,29,One Year,Fiber Optic,672.91,18636.01,26.98,371,1,1,0,Debit Card,Smartphone,Prepaid,Yes,No
CUST01111,27,Male,Bangalore,35,Two Year,DSL,583.26,19119.2,32.94,274,56,1,0,Credit Card,Feature Phone,Prepaid,Yes,No
CUST01112,22,Female,Chennai,31,Month-to-Month,Fiber Optic,677.03,21688.6,76.87,128,111,2,1,Debit Card,Smartphone,Prepaid,Yes,No
CUST01113,40,Male,Delhi,41,Month-to-Month,DSL,565.98,24001.05,18.67,321,27,0,0,Credit Card,Smartphone,Prepaid,No,No
CUST01114,27,Male,Lucknow,8,Month-to-Month,No Internet,242.27,1942.39,3.96,152,82,0,0,UPI,Tablet,Prepaid,Yes,No
CUST01115,61,Male,Pune,26,Month-to-Month,No Internet,281.58,7496.04,1.47,190,58,1,1,Net Banking,Feature Phone,Prepaid,Yes,No
CUST01116,19,Female,Mumbai,9,Month-to-Month,No Internet,389.49,3592.14,1.6,359,10,0,0,UPI,Smartphone,Postpaid,No,No
CUST01117,30,Male,Pune,14,Month-to-Month,Fiber Optic,794.53,11173.73,57.8,125,1,4,2,Credit Card,Smartphone,Prepaid,No,No
CUST01118,57,Female,Chennai,72,Two Year,DSL,504.38,35218.28,5.09,265,30,1,0,Credit Card,Smartphone,Prepaid,Yes,No
CUST01119,19,Male,Delhi,9,Month-to-Month,DSL,511.92,4799.99,36.54,58,84,0,0,Debit Card,Smartphone,Prepaid,Yes,No
CUST01120,37,Female,Delhi,2,Month-to-Month,No Internet,205.14,389.46,1.4,155,22,1,0,Net Banking,Smartphone,Prepaid,No,Yes
CUST01121,18,Male,Delhi,40,Two Year,No Internet,172.94,7047.26,3.33,205,71,0,0,Debit Card,Smartphone,Prepaid,Yes,No
CUST01122,54,Male,Kolkata,47,Two Year,No Internet,149.0,6541.53,9.69,331,77,0,0,Debit Card,Smartphone,Prepaid,Yes,No
CUST01123,26,Male,Hyderabad,16,Month-to-Month,No Internet,346.99,5539.18,0.5,184,88,2,1,Credit Card,Router Only,Prepaid,No,Yes
CUST01124,34,Female,Mumbai,38,Two Year,DSL,643.77,25062.33,27.31,138,119,2,1,UPI,Smartphone,Prepaid,No,No
CUST01125,26,Female,Delhi,1,Month-to-Month,DSL,398.44,401.83,10.33,248,35,3,2,UPI,Smartphone,Prepaid,Yes,Yes
CUST01126,28,Female,Hyderabad,3,Month-to-Month,No Internet,350.29,1057.38,20.37,313,107,3,1,Credit Card,Smartphone,Prepaid,Yes,Yes
CUST01127,32,Female,Hyderabad,28,Two Year,DSL,663.74,18024.58,38.15,270,11,2,1,UPI,Smartphone,Postpaid,Yes,No
CUST01128,41,Male,Pune,27,One Year,No Internet,247.39,6913.31,0.5,196,0,3,1,UPI,Smartphone,Prepaid,No,Yes
CUST01129,55,Female,Lucknow,20,Two Year,No Internet,441.16,8355.48,17.68,395,24,2,1,UPI,Smartphone,Postpaid,Yes,No
CUST01130,52,Female,Bangalore,36,Two Year,DSL,482.64,17999.76,22.27,163,34,0,0,Net Banking,Tablet,Prepaid,No,No
CUST01131,47,Male,Bangalore,0,Month-to-Month,Fiber Optic,759.0,759.0,25.74,173,65,3,2,Debit Card,Smartphone,Prepaid,No,Yes
CUST01132,48,Female,Bangalore,25,One Year,Fiber Optic,706.9,17496.02,35.78,243,68,1,0,Cash,Smartphone,Prepaid,Yes,No
CUST01133,66,Male,Ahmedabad,26,Month-to-Month,Fiber Optic,898.8,23214.51,40.32,327,35,2,1,UPI,Router Only,Prepaid,No,No
CUST01134,22,Male,Delhi,11,Month-to-Month,DSL,637.57,6588.34,27.99,480,38,2,1,Credit Card,Smartphone,Postpaid,Yes,Yes
CUST01135,61,Male,Bangalore,5,Month-to-Month,DSL,578.17,2928.82,13.61,209,38,4,2,Net Banking,Router Only,Prepaid,Yes,Yes
CUST01136,67,Male,Pune,34,Month-to-Month,DSL,555.2,17532.94,20.91,190,67,0,0,UPI,Smartphone,Prepaid,Yes,No
CUST01137,31,Female,Delhi,24,Two Year,DSL,629.13,14524.88,35.75,185,42,1,0,Cash,Smartphone,Postpaid,Yes,No
CUST01138,28,Male,Mumbai,19,Two Year,No Internet,298.44,5868.23,0.5,222,62,2,1,Debit Card,Smartphone,Prepaid,No,No
CUST01139,26,Male,Chennai,22,One Year,Fiber Optic,721.98,15234.51,77.67,248,38,2,1,UPI,Smartphone,Prepaid,Yes,No
CUST01140,51,Male,Mumbai,10,Month-to-Month,No Internet,458.03,4689.99,1.43,374,21,3,1,Cash,Smartphone,Postpaid,Yes,Yes
CUST01141,29,Female,Mumbai,36,One Year,Fiber Optic,876.66,28871.8,59.11,187,62,2,1,Debit Card,Smartphone,Prepaid,Yes,No
CUST01142,52,Female,Hyderabad,30,One Year,DSL,652.49,17952.96,18.09,332,0,1,0,UPI,Smartphone,Postpaid,Yes,No
CUST01143,52,Male,Bangalore,39,Two Year,DSL,501.37,18120.37,8.77,233,14,2,1,Net Banking,Smartphone,Prepaid,Yes,No
CUST01144,18,Male,Delhi,20,Month-to-Month,DSL,695.6,12865.08,26.79,344,52,1,0,UPI,Smartphone,Postpaid,No,Yes
CUST01145,57,Male,Jaipur,29,Month-to-Month,DSL,683.36,20744.38,5.84,643,18,1,0,Net Banking,Smartphone,Postpaid,No,No
CUST01146,39,Female,Delhi,22,Two Year,Fiber Optic,919.88,,,275,69,2,1,UPI,Smartphone,Postpaid,Yes,No
CUST01147,46,Female,Kolkata,23,Two Year,Fiber Optic,957.1,20305.58,35.9,291,13,4,2,Debit Card,Smartphone,Postpaid,Yes,No
CUST01148,25,Male,Delhi,1,Month-to-Month,Fiber Optic,935.89,935.89,59.79,72,67,3,1,UPI,Smartphone,Prepaid,No,No
CUST01149,28,Male,Hyderabad,27,Month-to-Month,Fiber Optic,766.89,20494.23,53.2,159,34,3,2,Debit Card,Smartphone,Prepaid,Yes,Yes
CUST01150,58,Female,Delhi,36,Two Year,DSL,682.8,23938.86,13.45,567,0,1,1,Credit Card,Feature Phone,Postpaid,No,No
CUST01151,54,Female,Delhi,3,One Year,DSL,528.96,1600.35,18.81,241,5,2,1,UPI,Smartphone,Prepaid,No,Yes
CUST01152,31,Male,Delhi,3,One Year,No Internet,404.26,1153.9,0.5,379,68,2,1,Credit Card,Smartphone,Postpaid,Yes,Yes
CUST01153,47,Male,Bangalore,10,Month-to-Month,No Internet,572.08,5183.75,2.49,270,71,1,0,Credit Card,Router Only,Postpaid,No,No
CUST01154,52,Male,Hyderabad,2,Month-to-Month,DSL,750.39,1428.61,31.86,299,31,3,1,Credit Card,Smartphone,Postpaid,Yes,No
CUST01155,38,Female,Delhi,18,Month-to-Month,Fiber Optic,991.1,18126.94,46.83,189,60,5,3,UPI,Router Only,Prepaid,Yes,No
CUST01156,54,Female,Lucknow,29,One Year,DSL,549.97,16302.75,15.65,485,77,0,0,Debit Card,Smartphone,Prepaid,Yes,No
CUST01157,22,Female,Mumbai,0,Month-to-Month,DSL,732.66,732.66,35.04,180,21,1,1,UPI,Smartphone,Postpaid,Yes,Yes
CUST01158,36,Female,Bangalore,4,Month-to-Month,DSL,587.25,2256.44,33.54,476,3,3,1,Debit Card,Smartphone,Postpaid,Yes,Yes
CUST01159,31,Male,Mumbai,0,Month-to-Month,DSL,547.97,547.97,24.42,324,47,1,0,Debit Card,Smartphone,Postpaid,Yes,Yes
CUST01160,43,Female,Hyderabad,5,Month-to-Month,DSL,490.26,2258.9,16.46,263,39,2,1,Debit Card,Feature Phone,Postpaid,No,No
CUST01161,21,Female,Kolkata,1,Month-to-Month,No Internet,467.31,467.31,9.98,203,43,3,1,Credit Card,Router Only,Postpaid,Yes,No
CUST01162,42,Male,Hyderabad,1,Month-to-Month,No Internet,347.73,347.73,9.2,369,44,2,1,UPI,Smartphone,Prepaid,Yes,Yes
CUST01163,62,Female,Mumbai,15,Two Year,No Internet,415.34,5677.58,0.5,408,0,1,1,Credit Card,Smartphone,Postpaid,Yes,No
CUST01164,59,Male,Mumbai,26,Month-to-Month,No Internet,199.69,5404.49,4.56,275,43,2,1,UPI,Smartphone,Prepaid,Yes,No
CUST01165,42,Male,Kolkata,6,Month-to-Month,No Internet,394.56,2283.87,12.93,337,33,3,2,UPI,Smartphone,Prepaid,Yes,No
CUST01166,35,Female,Delhi,24,Month-to-Month,Fiber Optic,898.13,22225.53,66.79,377,89,0,0,Debit Card,Feature Phone,Postpaid,Yes,Yes
CUST01167,57,Female,Bangalore,38,Two Year,No Internet,346.39,12284.46,11.77,509,28,1,0,Credit Card,Smartphone,Postpaid,No,No
CUST01168,25,Female,Delhi,11,Month-to-Month,Fiber Optic,761.33,8501.75,66.19,167,33,1,0,UPI,Smartphone,Prepaid,No,No
CUST01169,56,Male,Mumbai,14,Month-to-Month,DSL,549.47,7851.15,14.54,211,15,1,0,UPI,Smartphone,Prepaid,Yes,No
CUST01170,57,Female,Delhi,14,Month-to-Month,Fiber Optic,873.78,11018.03,33.89,376,0,2,1,Net Banking,Smartphone,Postpaid,Yes,No
CUST01171,31,Female,Jaipur,31,One Year,Fiber Optic,979.65,27487.55,56.58,465,89,2,1,Debit Card,Smartphone,Postpaid,Yes,Yes
CUST01172,49,Male,Pune,46,One Year,Fiber Optic,729.27,34826.42,42.04,283,18,1,0,Net Banking,Smartphone,Prepaid,Yes,Yes
CUST01173,68,Other,Chennai,8,Month-to-Month,Fiber Optic,979.7,7722.56,42.27,471,26,2,1,Debit Card,Feature Phone,Postpaid,Yes,No
CUST01174,55,Female,Mumbai,34,Month-to-Month,Fiber Optic,837.69,26848.9,33.85,116,37,2,1,Credit Card,Smartphone,Prepaid,No,Yes
CUST01175,50,Male,Hyderabad,17,Month-to-Month,Fiber Optic,766.26,12087.29,38.29,323,38,1,0,Credit Card,Smartphone,Prepaid,Yes,No
CUST01176,40,Female,Hyderabad,29,One Year,No Internet,383.45,11372.25,9.51,579,47,1,0,Debit Card,Smartphone,Postpaid,No,No
CUST01177,32,Male,Chennai,10,One Year,No Internet,149.0,1384.27,0.5,244,63,3,1,UPI,Feature Phone,Prepaid,No,No
CUST01178,50,Male,Delhi,8,Month-to-Month,DSL,668.02,5486.11,23.29,377,16,1,0,Debit Card,Smartphone,Postpaid,Yes,No
CUST01179,42,Male,Lucknow,9,One Year,No Internet,391.8,3502.73,3.63,442,0,0,0,UPI,Smartphone,Postpaid,No,No
CUST01180,34,Other,Hyderabad,0,Month-to-Month,DSL,584.79,584.79,26.12,475,13,2,1,Debit Card,Tablet,Postpaid,No,Yes
CUST01181,50,Male,Jaipur,21,One Year,No Internet,341.26,6920.08,0.5,117,44,0,0,Debit Card,Smartphone,Prepaid,Yes,No
CUST01182,64,Female,Delhi,24,One Year,DSL,607.6,13203.09,14.57,193,48,1,0,Net Banking,Router Only,Prepaid,Yes,No
CUST01183,19,Male,Mumbai,30,Two Year,DSL,740.56,21843.77,36.35,267,43,1,1,UPI,Router Only,Postpaid,No,No
CUST01184,31,Female,Delhi,13,Month-to-Month,No Internet,331.61,4341.4,3.89,225,42,0,0,UPI,Feature Phone,Prepaid,No,No
CUST01185,57,Female,Kolkata,6,Month-to-Month,Fiber Optic,833.58,4503.63,43.05,349,6,2,1,Credit Card,Feature Phone,Postpaid,No,Yes
CUST01186,57,Female,Mumbai,30,Month-to-Month,Fiber Optic,746.96,,,281,92,0,0,,Feature Phone,Prepaid,No,Yes
CUST01187,68,Male,Ahmedabad,37,Month-to-Month,DSL,475.66,18234.05,8.15,101,0,1,0,Debit Card,Smartphone,Prepaid,Yes,No
CUST01188,56,Female,Ahmedabad,13,Month-to-Month,Fiber Optic,831.87,10836.5,18.42,428,6,2,1,Net Banking,Smartphone,Postpaid,Yes,Yes
CUST01189,68,Other,Pune,0,Month-to-Month,DSL,476.64,476.64,18.74,384,61,2,1,Debit Card,Tablet,Prepaid,Yes,Yes
CUST01190,23,Female,Pune,8,Month-to-Month,Fiber Optic,827.26,5982.59,62.12,345,37,4,2,UPI,Tablet,Postpaid,Yes,Yes
CUST01191,23,Female,Pune,44,Two Year,No Internet,427.17,18045.62,2.51,449,21,0,0,Net Banking,Router Only,Postpaid,Yes,No
CUST01192,20,Female,Pune,22,One Year,No Internet,515.62,11480.55,4.3,308,62,1,0,Cash,Router Only,Postpaid,No,No
CUST01193,24,Male,Bangalore,9,Month-to-Month,Fiber Optic,784.6,6452.19,57.55,229,89,0,0,Cash,Smartphone,Prepaid,Yes,No
CUST01194,68,Female,Pune,7,Month-to-Month,Fiber Optic,960.07,6238.34,37.58,463,33,3,1,Net Banking,Feature Phone,Postpaid,No,Yes
CUST01195,25,Female,Jaipur,5,Month-to-Month,Fiber Optic,879.59,4293.84,65.31,500,53,3,1,Credit Card,Feature Phone,Postpaid,Yes,No
CUST01196,59,Male,Bangalore,12,Month-to-Month,DSL,579.17,7186.38,13.4,255,65,2,1,Net Banking,Router Only,Prepaid,Yes,No
CUST01197,69,Male,Lucknow,2,Month-to-Month,Fiber Optic,775.13,1471.7,38.23,102,44,1,0,Net Banking,Smartphone,Prepaid,No,Yes
CUST01198,32,Male,Delhi,0,Month-to-Month,DSL,386.79,386.79,18.73,106,37,1,0,UPI,Feature Phone,Prepaid,Yes,Yes
CUST01199,64,Female,Bangalore,32,Two Year,Fiber Optic,840.66,24248.11,33.48,368,31,1,0,Credit Card,Smartphone,Prepaid,No,No
CUST01200,46,Female,Delhi,28,One Year,Fiber Optic,1030.54,26757.49,41.37,475,24,0,0,UPI,Smartphone,Postpaid,No,No
CUST01201,50,Male,Delhi,12,Month-to-Month,Fiber Optic,1017.83,11524.46,51.63,370,44,1,1,Credit Card,Smartphone,Postpaid,Yes,Yes
CUST01202,69,Male,Kolkata,47,Two Year,DSL,493.59,23346.45,19.62,183,16,4,1,UPI,Router Only,Prepaid,No,No
CUST01203,47,Male,Jaipur,24,Month-to-Month,Fiber Optic,848.91,20106.81,51.99,279,61,2,1,Net Banking,Feature Phone,Prepaid,Yes,No
CUST01204,56,Male,Kolkata,10,Month-to-Month,DSL,468.97,4406.71,17.8,217,74,1,1,UPI,Smartphone,Prepaid,Yes,No
CUST01205,44,Male,Lucknow,0,Month-to-Month,Fiber Optic,908.18,908.18,40.9,249,14,2,1,Net Banking,Smartphone,Prepaid,Yes,Yes
CUST01206,53,Female,Mumbai,20,One Year,Fiber Optic,940.53,19440.08,36.65,406,0,1,0,UPI,Feature Phone,Postpaid,No,No
CUST01207,46,Male,Delhi,27,Month-to-Month,Fiber Optic,1115.88,29237.23,36.92,389,41,4,2,UPI,Router Only,Postpaid,Yes,No
CUST01208,55,Female,Hyderabad,3,Month-to-Month,DSL,578.09,1741.92,16.11,479,12,1,0,Cash,Smartphone,Postpaid,No,Yes
CUST01209,50,Female,Ahmedabad,21,Two Year,DSL,750.61,15003.44,30.37,230,57,0,0,UPI,Router Only,Postpaid,Yes,No
CUST01210,54,Male,Delhi,0,Month-to-Month,No Internet,405.82,405.82,7.62,285,119,2,1,Net Banking,Smartphone,Prepaid,No,Yes
CUST01211,44,Female,Lucknow,15,One Year,Fiber Optic,816.25,12611.73,50.97,234,84,1,1,UPI,Router Only,Prepaid,No,No
CUST01212,50,Female,Chennai,36,Two Year,Fiber Optic,960.1,34045.26,46.85,495,0,1,0,UPI,Smartphone,Postpaid,Yes,No
CUST01213,21,Female,Lucknow,11,Month-to-Month,Fiber Optic,843.26,8885.57,65.87,151,117,0,0,Cash,Smartphone,Prepaid,No,Yes
CUST01214,39,Male,Bangalore,40,Two Year,Fiber Optic,922.05,37366.55,50.23,416,45,0,0,Debit Card,Smartphone,Postpaid,Yes,Yes
CUST01215,19,Male,Bangalore,26,One Year,Fiber Optic,901.35,24452.6,65.73,339,62,2,1,UPI,Smartphone,Postpaid,No,Yes
CUST01216,27,Male,Kolkata,40,Two Year,Fiber Optic,1026.03,37356.67,67.38,287,6,3,1,Debit Card,Smartphone,Postpaid,Yes,No
CUST01217,22,Male,Kolkata,4,Month-to-Month,Fiber Optic,819.41,3203.76,64.11,135,55,2,1,Net Banking,Smartphone,Prepaid,Yes,Yes
CUST01218,27,Male,Mumbai,23,Two Year,DSL,761.34,16237.8,21.67,420,41,1,0,Net Banking,Smartphone,Postpaid,Yes,No
CUST01219,50,Male,Jaipur,20,Month-to-Month,DSL,731.09,13760.62,15.57,332,18,4,2,Debit Card,Router Only,Postpaid,No,No
CUST01220,55,Male,Ahmedabad,22,One Year,Fiber Optic,970.23,21247.33,54.88,452,21,1,0,Credit Card,Tablet,Postpaid,No,No
CUST01221,30,Male,Delhi,7,Month-to-Month,DSL,688.59,5032.07,36.42,315,24,0,0,UPI,Router Only,Postpaid,Yes,No
CUST01222,48,Male,Delhi,5,Month-to-Month,DSL,707.15,3634.59,16.15,406,51,1,0,Cash,Feature Phone,Postpaid,Yes,Yes
CUST01223,64,Male,Hyderabad,0,Month-to-Month,Fiber Optic,748.25,748.25,20.74,311,70,3,1,Credit Card,Smartphone,Prepaid,No,No
CUST01224,53,Other,Hyderabad,11,Month-to-Month,DSL,534.06,5308.49,22.63,154,13,1,0,UPI,Smartphone,Prepaid,Yes,No
CUST01225,62,Male,Pune,9,Month-to-Month,No Internet,382.51,3407.82,8.22,579,0,1,0,Debit Card,Smartphone,Postpaid,No,No
CUST01226,41,Female,Delhi,3,Month-to-Month,No Internet,396.86,1166.86,13.89,423,0,4,2,Cash,Feature Phone,Postpaid,Yes,Yes
CUST01227,69,Male,Chennai,10,Month-to-Month,DSL,605.21,5864.74,18.18,299,0,1,1,UPI,Router Only,Prepaid,Yes,No
CUST01228,32,Female,Chennai,8,Month-to-Month,DSL,653.46,5077.56,25.68,312,10,0,0,UPI,Smartphone,Postpaid,No,No
CUST01229,46,Male,Mumbai,4,Month-to-Month,DSL,654.88,2590.07,28.87,526,47,2,1,Credit Card,Smartphone,Postpaid,No,Yes
CUST01230,25,Female,Hyderabad,19,Month-to-Month,Fiber Optic,720.85,13142.24,69.06,419,48,0,0,UPI,Smartphone,Prepaid,Yes,Yes
CUST01231,22,Female,Mumbai,57,Two Year,DSL,523.91,27643.68,38.98,83,81,0,0,Debit Card,Smartphone,Prepaid,No,No
CUST01232,46,Male,Delhi,18,One Year,Fiber Optic,767.79,12975.43,34.19,235,64,2,1,UPI,Smartphone,Prepaid,Yes,No
CUST01233,64,Female,Chennai,10,Month-to-Month,No Internet,430.16,3912.65,12.69,466,8,0,0,UPI,Smartphone,Postpaid,No,No
CUST01234,21,Female,Lucknow,23,Month-to-Month,Fiber Optic,984.05,20560.12,68.42,315,32,3,1,UPI,Tablet,Postpaid,Yes,No
CUST01235,29,Male,Mumbai,6,One Year,Fiber Optic,901.6,5572.48,58.64,395,40,0,0,Net Banking,Tablet,Postpaid,No,No
CUST01236,62,Female,Bangalore,7,Month-to-Month,DSL,576.48,3707.72,13.74,392,0,2,1,Debit Card,Smartphone,Postpaid,Yes,No
CUST01237,19,Female,Mumbai,3,Month-to-Month,DSL,625.44,1708.09,42.68,197,100,3,1,Debit Card,Router Only,Prepaid,No,Yes
CUST01238,44,Male,Mumbai,0,Month-to-Month,Fiber Optic,796.84,796.84,35.48,173,35,1,0,Net Banking,Tablet,Prepaid,Yes,Yes
CUST01239,48,Male,Bangalore,49,Two Year,DSL,658.34,33646.8,6.15,361,66,1,0,UPI,Feature Phone,Postpaid,Yes,No
CUST01240,68,Female,Pune,24,Month-to-Month,Fiber Optic,774.33,17299.04,24.8,238,42,1,0,Debit Card,Smartphone,Prepaid,No,Yes
CUST01241,68,Female,Delhi,13,One Year,DSL,631.17,8316.75,26.57,482,38,3,2,Credit Card,Smartphone,Postpaid,Yes,No
CUST01242,53,Female,Lucknow,12,Month-to-Month,Fiber Optic,902.86,10015.05,34.37,526,17,3,2,UPI,Smartphone,Postpaid,Yes,Yes
CUST01243,53,Female,Delhi,22,One Year,Fiber Optic,806.01,17769.68,17.89,178,26,0,0,Credit Card,Smartphone,Prepaid,Yes,No
CUST01244,43,Male,Jaipur,9,Month-to-Month,Fiber Optic,766.71,6913.92,43.51,189,102,2,1,Cash,Smartphone,Prepaid,Yes,Yes
CUST01245,60,Female,Jaipur,25,Month-to-Month,Fiber Optic,684.48,16502.74,45.19,204,16,3,1,UPI,Smartphone,Prepaid,No,No
CUST01246,44,Male,Hyderabad,2,Month-to-Month,DSL,751.36,1551.26,12.86,643,13,8,3,Net Banking,Router Only,Postpaid,Yes,Yes
CUST01247,22,Male,Delhi,47,Two Year,Fiber Optic,954.48,41189.06,67.16,387,16,4,2,Net Banking,Smartphone,Postpaid,Yes,No
CUST01248,37,Female,Chennai,0,Month-to-Month,No Internet,360.79,360.79,0.5,90,32,3,1,UPI,Smartphone,Prepaid,No,Yes
CUST01249,28,Female,Chennai,29,Month-to-Month,Fiber Optic,893.58,25661.45,75.93,394,40,2,1,UPI,Smartphone,Postpaid,No,Yes
CUST01250,27,Male,Ahmedabad,38,One Year,Fiber Optic,947.28,36495.44,56.5,510,23,2,1,UPI,Feature Phone,Postpaid,Yes,Yes
CUST01251,57,Female,Hyderabad,24,One Year,DSL,562.79,12445.35,6.48,163,50,3,1,Net Banking,Smartphone,Prepaid,Yes,No
CUST01252,55,Male,Bangalore,13,Month-to-Month,Fiber Optic,811.65,10342.95,37.12,338,57,3,2,UPI,Smartphone,Prepaid,Yes,No
CUST01253,23,Male,Ahmedabad,15,Month-to-Month,Fiber Optic,841.44,12220.79,61.58,124,28,4,2,Credit Card,Smartphone,Prepaid,No,Yes
CUST01254,25,Female,Lucknow,12,Month-to-Month,Fiber Optic,812.01,9378.35,56.9,122,86,0,0,UPI,Smartphone,Prepaid,No,Yes
CUST01255,40,Male,Chennai,18,Month-to-Month,Fiber Optic,951.42,16336.09,54.58,376,0,2,1,Debit Card,Smartphone,Postpaid,No,Yes
CUST01256,64,Male,Ahmedabad,33,Two Year,DSL,498.8,17275.83,17.16,360,38,1,0,Credit Card,Smartphone,Prepaid,Yes,No
CUST01257,43,Male,Chennai,9,Month-to-Month,DSL,670.37,5583.94,17.76,301,23,1,1,Debit Card,Smartphone,Postpaid,No,Yes
CUST01258,63,Female,Pune,31,Two Year,Fiber Optic,858.06,26944.26,30.02,376,13,1,0,Debit Card,Smartphone,Prepaid,Yes,No
CUST01259,60,Male,Pune,17,Month-to-Month,DSL,743.1,12083.64,9.87,505,5,4,2,Net Banking,Feature Phone,Postpaid,Yes,No
CUST01260,29,Male,Pune,5,Month-to-Month,No Internet,161.21,803.92,3.53,223,105,1,1,Credit Card,Smartphone,Prepaid,No,No
CUST01261,43,Female,Mumbai,23,Month-to-Month,No Internet,196.9,4747.19,1.26,303,85,0,0,Debit Card,Smartphone,Prepaid,No,No
CUST01262,30,Female,Chennai,18,One Year,Fiber Optic,1024.82,17924.0,54.54,364,84,3,1,UPI,Smartphone,Postpaid,No,No
CUST01263,57,Male,Chennai,0,Month-to-Month,Fiber Optic,857.77,857.77,34.19,411,51,5,1,Net Banking,Smartphone,Prepaid,Yes,Yes
CUST01264,35,Female,Mumbai,23,One Year,DSL,655.17,13733.67,17.59,236,25,2,1,Debit Card,Tablet,Postpaid,No,No
CUST01265,42,Male,Bangalore,20,One Year,Fiber Optic,956.86,18815.52,49.34,320,48,4,1,UPI,Smartphone,Postpaid,Yes,Yes
CUST01266,50,Female,Kolkata,4,Month-to-Month,Fiber Optic,1079.09,4132.15,33.17,369,43,1,1,Debit Card,Router Only,Postpaid,Yes,Yes
CUST01267,64,Male,Chennai,31,Month-to-Month,Fiber Optic,824.95,25698.12,56.7,274,0,4,1,Credit Card,Smartphone,Prepaid,Yes,No
CUST01268,57,Male,Delhi,5,Month-to-Month,Fiber Optic,915.01,4142.85,34.35,322,14,1,0,Debit Card,Smartphone,Postpaid,Yes,Yes
CUST01269,60,Male,Ahmedabad,23,One Year,DSL,415.45,9241.53,15.36,266,0,2,1,UPI,Tablet,Prepaid,Yes,No
CUST01270,29,Male,Jaipur,10,Month-to-Month,DSL,702.37,6842.38,34.85,378,27,1,0,UPI,Router Only,Postpaid,Yes,No
CUST01271,61,Female,Hyderabad,22,One Year,Fiber Optic,941.18,21258.89,40.15,433,32,0,0,Debit Card,Smartphone,Postpaid,No,No
CUST01272,53,Male,Mumbai,17,Month-to-Month,DSL,499.23,8127.92,5.55,179,12,2,1,Credit Card,Smartphone,Prepaid,Yes,No
CUST01273,65,Male,Lucknow,17,One Year,DSL,612.44,9871.04,23.92,422,61,1,0,Credit Card,Smartphone,Postpaid,No,No
CUST01274,21,Female,Jaipur,35,One Year,DSL,611.61,20515.05,25.34,123,66,2,1,Net Banking,Smartphone,Prepaid,No,No
CUST01275,22,Female,Mumbai,20,Month-to-Month,No Internet,446.07,8615.14,0.61,348,45,0,0,UPI,Router Only,Postpaid,No,No
CUST01276,54,Male,Delhi,41,Two Year,No Internet,193.36,7437.67,0.5,325,51,1,0,Net Banking,Smartphone,Prepaid,No,No
CUST01277,25,Male,Bangalore,43,One Year,DSL,489.02,19067.82,29.25,37,88,3,1,UPI,Smartphone,Prepaid,No,No
CUST01278,59,Male,Pune,4,Month-to-Month,No Internet,189.0,792.7,11.23,287,55,5,3,UPI,Feature Phone,Prepaid,Yes,Yes
CUST01279,66,Male,Delhi,18,One Year,Fiber Optic,878.15,16040.98,28.66,200,51,0,0,Credit Card,Smartphone,Prepaid,Yes,No
CUST01280,45,Male,Hyderabad,34,One Year,DSL,497.59,17727.04,17.36,244,30,1,0,Credit Card,Smartphone,Prepaid,Yes,No
CUST01281,48,Female,Bangalore,15,Month-to-Month,DSL,617.22,9252.86,19.99,447,39,1,0,Credit Card,Smartphone,Prepaid,Yes,No
CUST01282,26,Female,Jaipur,1,Month-to-Month,DSL,737.98,761.92,33.82,270,52,4,1,Cash,Smartphone,Postpaid,No,Yes
CUST01283,68,Male,Bangalore,23,Month-to-Month,Fiber Optic,882.74,19644.12,38.34,251,24,0,0,Net Banking,Router Only,Prepaid,No,Yes
CUST01284,46,Male,Hyderabad,16,Two Year,Fiber Optic,905.15,13792.65,43.59,422,35,0,0,UPI,Smartphone,Postpaid,No,No
CUST01285,31,Male,Lucknow,7,One Year,Fiber Optic,921.81,6769.29,50.98,281,55,4,2,Credit Card,Router Only,Prepaid,Yes,No
CUST01286,57,Male,Mumbai,3,Month-to-Month,DSL,729.28,2024.68,18.38,497,16,1,0,Debit Card,Smartphone,Postpaid,No,Yes
CUST01287,58,Male,Mumbai,12,Month-to-Month,No Internet,333.92,3736.61,18.25,564,0,0,0,Debit Card,Tablet,Postpaid,No,Yes
CUST01288,39,Female,Kolkata,16,Month-to-Month,Fiber Optic,831.35,13304.6,44.6,275,55,2,1,UPI,Smartphone,Postpaid,Yes,Yes
CUST01289,28,Female,Mumbai,36,Month-to-Month,No Internet,322.44,10891.58,13.3,146,63,2,1,UPI,Router Only,Prepaid,Yes,No
CUST01290,40,Other,Ahmedabad,2,Month-to-Month,Fiber Optic,752.52,1451.8,51.39,197,77,3,1,Cash,Smartphone,Prepaid,No,Yes
CUST01291,18,Female,Delhi,9,Month-to-Month,No Internet,308.19,2884.19,7.91,192,71,1,0,Net Banking,Smartphone,Prepaid,No,No
CUST01292,63,Male,Delhi,53,Two Year,No Internet,335.82,16728.19,0.5,374,31,2,1,Credit Card,Smartphone,Postpaid,Yes,No
CUST01293,54,Female,Jaipur,72,Two Year,Fiber Optic,1077.89,75792.15,22.69,515,16,1,0,Debit Card,Router Only,Postpaid,Yes,No
CUST01294,38,Male,Hyderabad,34,Month-to-Month,Fiber Optic,761.15,26150.86,57.41,216,81,2,1,Credit Card,Feature Phone,Prepaid,No,Yes
CUST01295,43,Male,Pune,0,Month-to-Month,Fiber Optic,902.17,902.17,34.75,389,63,1,0,Debit Card,Smartphone,Postpaid,Yes,Yes
CUST01296,63,Female,Mumbai,21,Two Year,No Internet,427.09,8169.0,3.71,364,0,0,0,Cash,Feature Phone,Postpaid,Yes,No
CUST01297,53,Male,Delhi,52,Month-to-Month,Fiber Optic,872.87,45928.75,29.74,509,49,1,1,UPI,Smartphone,Postpaid,No,No
CUST01298,40,Female,Ahmedabad,9,One Year,DSL,570.06,5325.55,34.03,248,33,1,0,Credit Card,Tablet,Prepaid,No,No
CUST01299,18,Male,Bangalore,19,Two Year,Fiber Optic,814.7,15305.53,61.56,36,37,3,1,Debit Card,Smartphone,Prepaid,Yes,No
CUST01300,68,Female,Bangalore,30,One Year,No Internet,348.74,9475.88,4.09,484,0,0,0,UPI,Smartphone,Postpaid,Yes,No
CUST01301,57,Female,Delhi,3,Month-to-Month,Fiber Optic,1077.21,3127.49,22.15,452,24,2,1,UPI,Smartphone,Postpaid,Yes,Yes
CUST01302,32,Female,Bangalore,43,Two Year,Fiber Optic,895.82,38831.08,45.96,286,3,2,1,UPI,Smartphone,Prepaid,Yes,No
CUST01303,38,Female,Kolkata,8,Two Year,Fiber Optic,784.62,6244.12,44.18,220,49,2,1,Credit Card,Router Only,Prepaid,Yes,No
CUST01304,64,Male,Ahmedabad,12,One Year,DSL,477.01,5321.87,19.33,339,68,0,0,UPI,Smartphone,Prepaid,No,No
CUST01305,26,Female,Pune,20,Month-to-Month,Fiber Optic,922.73,16756.2,68.41,310,58,2,1,Credit Card,Tablet,Postpaid,No,Yes
CUST01306,26,Female,Pune,18,One Year,DSL,452.08,8409.2,27.6,81,36,1,0,UPI,Smartphone,Prepaid,Yes,No
CUST01307,27,Female,Hyderabad,5,Month-to-Month,Fiber Optic,1021.74,4770.92,49.9,301,54,3,1,Debit Card,Smartphone,Postpaid,Yes,Yes
CUST01308,69,Female,Hyderabad,6,Month-to-Month,DSL,597.88,,,563,18,3,1,,Tablet,Postpaid,Yes,Yes
CUST01309,43,Female,Kolkata,24,Month-to-Month,DSL,635.85,13998.56,24.32,488,73,0,0,Debit Card,Smartphone,Postpaid,No,No
CUST01310,58,Female,Mumbai,35,Two Year,Fiber Optic,783.41,25147.74,42.9,176,47,1,0,Credit Card,Smartphone,Prepaid,No,No
CUST01311,52,Female,Mumbai,56,Two Year,Fiber Optic,659.77,36955.23,44.01,115,19,2,1,Debit Card,Smartphone,Prepaid,No,No
CUST01312,69,Female,Lucknow,48,One Year,DSL,548.11,24744.41,16.59,250,19,1,0,Net Banking,Smartphone,Prepaid,No,Yes
CUST01313,42,Female,Delhi,12,Month-to-Month,Fiber Optic,1045.08,13119.84,56.09,262,43,4,2,Debit Card,Smartphone,Postpaid,Yes,Yes
CUST01314,43,Male,Delhi,11,Month-to-Month,Fiber Optic,751.43,7733.03,56.61,511,20,1,0,UPI,Smartphone,Prepaid,Yes,No
CUST01315,28,Male,Chennai,46,Two Year,DSL,527.31,24099.61,34.74,233,68,0,0,UPI,Feature Phone,Prepaid,Yes,No
CUST01316,55,Male,Pune,24,One Year,Fiber Optic,958.96,22116.6,20.82,506,19,0,0,Credit Card,Smartphone,Postpaid,Yes,No
CUST01317,19,Male,Hyderabad,37,Two Year,DSL,543.84,18382.41,13.44,245,22,2,1,UPI,Smartphone,Prepaid,Yes,No
CUST01318,24,Male,Bangalore,26,Month-to-Month,Fiber Optic,1040.48,27220.18,58.14,278,10,1,1,Net Banking,Smartphone,Postpaid,Yes,No
CUST01319,35,Female,Lucknow,32,One Year,Fiber Optic,943.34,30747.27,43.47,213,20,4,2,Credit Card,Tablet,Postpaid,Yes,No
CUST01320,44,Male,Pune,42,Two Year,DSL,670.43,28833.43,36.99,485,86,1,0,Cash,Router Only,Postpaid,No,No
CUST01321,51,Male,Ahmedabad,0,Month-to-Month,Fiber Optic,934.78,934.78,41.07,209,63,1,0,Net Banking,Smartphone,Prepaid,Yes,Yes
CUST01322,44,Female,Delhi,15,Month-to-Month,Fiber Optic,796.23,12497.45,40.22,336,65,2,1,Net Banking,Smartphone,Prepaid,No,No
CUST01323,34,Female,Mumbai,5,Month-to-Month,DSL,439.93,2243.57,31.19,31,22,1,0,Credit Card,Smartphone,Prepaid,Yes,No
CUST01324,60,Female,Bangalore,43,Two Year,Fiber Optic,776.69,32262.76,23.0,227,45,1,0,UPI,Smartphone,Prepaid,Yes,No
CUST01325,61,Other,Mumbai,18,One Year,DSL,491.07,8087.2,26.77,265,26,1,0,UPI,Smartphone,Prepaid,No,No
CUST01326,68,Female,Delhi,28,One Year,No Internet,332.94,8745.8,12.78,493,19,1,0,Credit Card,Smartphone,Postpaid,No,No
CUST01327,41,Male,Mumbai,35,Month-to-Month,DSL,595.33,21166.21,19.43,343,27,2,1,UPI,Smartphone,Postpaid,Yes,Yes
CUST01328,42,Female,Hyderabad,37,One Year,Fiber Optic,858.75,32788.88,46.54,242,90,1,0,Net Banking,Feature Phone,Prepaid,Yes,No
CUST01329,24,Female,Pune,34,One Year,DSL,666.21,22636.76,26.63,299,10,0,0,Cash,Smartphone,Postpaid,No,No
CUST01330,69,Male,Kolkata,30,Month-to-Month,Fiber Optic,845.01,24290.36,38.49,485,34,2,1,Debit Card,Smartphone,Prepaid,Yes,No
CUST01331,23,Male,Delhi,41,Two Year,Fiber Optic,835.52,32659.9,61.1,224,96,2,1,Debit Card,Smartphone,Prepaid,No,No
CUST01332,41,Female,Bangalore,1,Month-to-Month,No Internet,335.44,335.44,4.35,553,33,2,1,Debit Card,Smartphone,Postpaid,No,Yes
CUST01333,50,Male,Delhi,10,Month-to-Month,Fiber Optic,947.36,9224.64,42.35,450,0,4,2,Credit Card,Tablet,Postpaid,Yes,Yes
CUST01334,66,Female,Bangalore,5,Month-to-Month,Fiber Optic,1031.56,5203.56,25.59,516,0,4,2,UPI,Smartphone,Postpaid,Yes,Yes
CUST01335,46,Male,Bangalore,6,Month-to-Month,Fiber Optic,952.71,5284.52,57.52,308,17,3,1,Net Banking,Smartphone,Postpaid,Yes,No
CUST01336,60,Female,Hyderabad,17,One Year,No Internet,302.22,4640.07,9.99,333,0,1,1,UPI,Smartphone,Prepaid,No,No
CUST01337,39,Female,Jaipur,3,Month-to-Month,Fiber Optic,984.18,2691.15,49.29,361,18,3,2,Cash,Smartphone,Postpaid,Yes,Yes
CUST01338,43,Male,Kolkata,46,Two Year,Fiber Optic,746.12,34317.31,39.04,421,10,4,1,Debit Card,Smartphone,Prepaid,No,No
CUST01339,45,Male,Chennai,42,Month-to-Month,DSL,565.51,24399.98,23.89,213,16,0,0,UPI,Smartphone,Prepaid,No,No
CUST01340,67,Female,Jaipur,6,Month-to-Month,DSL,582.78,3360.26,27.33,436,30,0,0,Net Banking,Feature Phone,Prepaid,No,No
CUST01341,38,Female,Pune,39,One Year,Fiber Optic,1053.59,39062.2,36.6,134,40,0,0,Net Banking,Router Only,Postpaid,Yes,Yes
CUST01342,66,Female,Kolkata,10,One Year,No Internet,561.43,5069.7,0.5,452,24,2,1,Net Banking,Router Only,Postpaid,Yes,No
CUST01343,24,Male,Chennai,13,Month-to-Month,Fiber Optic,1055.15,,,336,47,1,0,,Router Only,Postpaid,No,No
CUST01344,34,Female,Hyderabad,32,Two Year,Fiber Optic,801.76,25995.29,66.86,223,63,4,2,Cash,Smartphone,Prepaid,No,No
CUST01345,37,Male,Pune,24,One Year,Fiber Optic,780.17,17103.32,52.47,214,80,0,0,UPI,Smartphone,Prepaid,Yes,No
CUST01346,58,Male,Delhi,5,Month-to-Month,DSL,438.89,2247.68,15.71,423,38,2,1,Cash,Smartphone,Prepaid,Yes,Yes
CUST01347,66,Male,Pune,6,Month-to-Month,Fiber Optic,758.21,4627.34,38.48,364,43,1,0,Net Banking,Smartphone,Prepaid,No,Yes
CUST01348,37,Female,Jaipur,1,Month-to-Month,No Internet,183.89,188.1,11.79,217,57,2,1,Debit Card,Smartphone,Prepaid,No,Yes
CUST01349,39,Male,Pune,45,Two Year,No Internet,321.9,14527.36,4.55,282,89,2,1,Cash,Smartphone,Prepaid,Yes,No
CUST01350,45,Male,Delhi,3,Month-to-Month,Fiber Optic,801.23,2170.91,39.35,174,39,4,2,Debit Card,Smartphone,Prepaid,No,Yes
CUST01351,57,Female,Bangalore,6,Month-to-Month,No Internet,321.43,1864.0,9.12,243,17,2,1,Cash,Smartphone,Prepaid,Yes,No
CUST01352,66,Female,Kolkata,8,Month-to-Month,Fiber Optic,673.32,4974.9,43.04,285,22,2,1,UPI,Smartphone,Prepaid,Yes,No
CUST01353,24,Male,Lucknow,8,Month-to-Month,Fiber Optic,735.47,5593.78,76.8,219,75,2,1,UPI,Smartphone,Prepaid,No,No
CUST01354,18,Male,Bangalore,20,One Year,DSL,619.34,12183.79,34.68,96,64,1,0,Credit Card,Smartphone,Postpaid,Yes,No
CUST01355,49,Male,Ahmedabad,31,One Year,DSL,703.18,22012.01,17.5,442,34,4,2,Credit Card,Smartphone,Postpaid,Yes,No
CUST01356,30,Male,Ahmedabad,44,Month-to-Month,DSL,660.25,27157.64,24.21,298,38,0,0,Cash,Smartphone,Postpaid,No,No
CUST01357,47,Female,Delhi,1,Month-to-Month,DSL,648.78,648.78,15.79,480,24,3,1,Debit Card,Tablet,Postpaid,Yes,No
CUST01358,40,Male,Ahmedabad,3,Month-to-Month,No Internet,249.53,697.31,0.5,303,38,4,2,Net Banking,Router Only,Prepaid,Yes,No
CUST01359,68,Female,Mumbai,30,One Year,DSL,546.53,17176.94,19.45,302,14,1,0,UPI,Smartphone,Prepaid,No,No
CUST01360,36,Female,Chennai,34,Two Year,Fiber Optic,797.44,28180.58,71.19,26,54,0,0,UPI,Smartphone,Prepaid,Yes,No
CUST01361,49,Male,Hyderabad,1,Month-to-Month,No Internet,362.78,362.78,22.56,225,38,1,1,UPI,Smartphone,Prepaid,No,Yes
CUST01362,47,Female,Pune,6,Month-to-Month,No Internet,363.14,2230.53,0.5,288,4,0,0,Credit Card,Router Only,Postpaid,Yes,Yes
CUST01363,46,Male,Kolkata,1,Month-to-Month,Fiber Optic,941.25,948.62,47.63,392,64,2,1,Debit Card,Smartphone,Postpaid,No,No
CUST01364,66,Male,Bangalore,27,Two Year,DSL,431.88,11978.98,16.85,312,18,1,0,UPI,Tablet,Prepaid,Yes,No
CUST01365,62,Male,Jaipur,7,Month-to-Month,No Internet,179.34,1306.09,0.5,275,39,1,1,Net Banking,Feature Phone,Prepaid,Yes,No
CUST01366,46,Male,Kolkata,23,Month-to-Month,No Internet,359.41,8593.51,5.21,373,61,2,1,UPI,Tablet,Postpaid,Yes,Yes
CUST01367,47,Male,Kolkata,2,Month-to-Month,Fiber Optic,992.86,1958.29,56.98,240,37,3,1,Debit Card,Router Only,Prepaid,No,Yes
CUST01368,33,Male,Bangalore,41,Month-to-Month,DSL,652.01,27927.32,33.26,335,9,0,0,Cash,Smartphone,Postpaid,No,No
CUST01369,57,Female,Delhi,31,One Year,No Internet,382.28,11390.09,8.72,553,5,1,0,UPI,Smartphone,Postpaid,No,No
CUST01370,36,Female,Hyderabad,7,Month-to-Month,Fiber Optic,783.92,5097.94,43.03,285,52,1,0,UPI,Tablet,Prepaid,No,No
CUST01371,35,Female,Jaipur,5,Month-to-Month,DSL,669.22,3127.67,29.98,306,51,4,1,Net Banking,Tablet,Postpaid,No,Yes
CUST01372,18,Male,Mumbai,20,One Year,DSL,470.13,9109.07,32.24,15,55,0,0,UPI,Feature Phone,Prepaid,Yes,No
CUST01373,31,Female,Lucknow,55,Month-to-Month,Fiber Optic,816.48,42120.78,68.02,328,34,1,0,UPI,Tablet,Prepaid,Yes,Yes
CUST01374,68,Female,Kolkata,8,One Year,Fiber Optic,961.96,7072.84,27.13,502,0,2,1,UPI,Feature Phone,Postpaid,No,Yes
CUST01375,64,Female,Pune,9,Month-to-Month,DSL,742.82,6414.72,6.64,373,31,1,0,Credit Card,Router Only,Postpaid,Yes,Yes
CUST01376,67,Female,Pune,19,One Year,Fiber Optic,972.41,18239.01,41.6,310,18,2,1,UPI,Smartphone,Postpaid,Yes,No
CUST01377,19,Female,Chennai,4,Month-to-Month,Fiber Optic,753.3,3149.39,74.51,139,100,2,1,Debit Card,Smartphone,Prepaid,Yes,Yes
CUST01378,45,Male,Pune,37,Two Year,DSL,636.26,23378.75,25.39,396,38,1,1,UPI,Feature Phone,Postpaid,Yes,No
CUST01379,66,Female,Bangalore,3,Month-to-Month,DSL,418.73,1276.4,32.63,331,19,4,2,Credit Card,Smartphone,Prepaid,Yes,Yes
CUST01380,67,Male,Ahmedabad,0,Month-to-Month,Fiber Optic,842.99,842.99,29.42,555,24,0,0,Debit Card,Smartphone,Postpaid,Yes,No
CUST01381,47,Other,Pune,22,Two Year,DSL,728.25,15343.8,18.6,380,45,1,0,Net Banking,Tablet,Postpaid,Yes,No
CUST01382,55,Male,Kolkata,35,Two Year,DSL,694.03,22550.91,2.88,366,29,2,1,Debit Card,Smartphone,Postpaid,Yes,No
CUST01383,68,Male,Kolkata,9,Month-to-Month,Fiber Optic,879.28,7457.22,31.87,372,41,3,1,UPI,Smartphone,Prepaid,No,No
CUST01384,21,Male,Delhi,17,Two Year,DSL,706.27,12384.56,27.58,289,87,3,1,UPI,Smartphone,Postpaid,No,No
CUST01385,18,Female,Delhi,22,Month-to-Month,DSL,606.12,12312.6,35.08,358,17,1,0,Debit Card,Smartphone,Postpaid,No,No
CUST01386,25,Male,Kolkata,19,One Year,Fiber Optic,669.79,11639.65,67.73,140,52,2,1,UPI,Feature Phone,Prepaid,Yes,No
CUST01387,46,Male,Mumbai,36,Month-to-Month,No Internet,204.07,7552.11,0.5,271,33,2,1,Net Banking,Smartphone,Prepaid,No,No
CUST01388,56,Female,Chennai,2,Month-to-Month,DSL,526.32,1033.94,26.66,197,17,1,0,Debit Card,Tablet,Prepaid,No,Yes
CUST01389,20,Female,Bangalore,1,Month-to-Month,Fiber Optic,804.19,806.1,67.0,210,114,1,0,UPI,Smartphone,Prepaid,Yes,Yes
CUST01390,49,Male,Delhi,33,One Year,Fiber Optic,951.44,32147.12,64.42,476,0,4,1,Credit Card,Smartphone,Postpaid,No,No
CUST01391,27,Male,Delhi,13,Month-to-Month,DSL,476.03,5885.19,28.31,244,72,2,1,Debit Card,Smartphone,Prepaid,No,Yes
CUST01392,27,Female,Ahmedabad,13,Month-to-Month,Fiber Optic,728.43,9588.13,68.39,177,62,2,1,Net Banking,Smartphone,Prepaid,Yes,No
CUST01393,36,Female,Chennai,15,Two Year,Fiber Optic,897.29,13387.31,39.76,222,89,0,0,Net Banking,Tablet,Prepaid,No,No
CUST01394,63,Female,Hyderabad,12,Month-to-Month,Fiber Optic,835.66,9062.45,49.52,277,61,0,0,Debit Card,Smartphone,Prepaid,No,Yes
CUST01395,51,Female,Lucknow,6,Month-to-Month,DSL,530.14,3206.45,17.09,226,0,0,0,Credit Card,Smartphone,Prepaid,No,Yes
CUST01396,50,Male,Delhi,8,One Year,Fiber Optic,707.69,5387.75,54.61,109,12,1,0,Debit Card,Smartphone,Prepaid,No,No
CUST01397,40,Female,Mumbai,11,Month-to-Month,No Internet,387.91,3973.42,0.5,217,6,0,0,Net Banking,Tablet,Postpaid,Yes,No
CUST01398,45,Female,Kolkata,19,Month-to-Month,DSL,532.86,10571.44,18.99,206,37,0,0,Credit Card,Smartphone,Prepaid,No,Yes
CUST01399,49,Female,Kolkata,24,Month-to-Month,DSL,766.64,18683.31,24.16,331,13,0,0,Net Banking,Tablet,Postpaid,No,No
CUST01400,67,Male,Bangalore,17,Month-to-Month,DSL,564.47,8671.65,19.07,172,6,2,1,UPI,Smartphone,Prepaid,No,No
CUST01401,24,Female,Lucknow,44,Two Year,DSL,628.71,28049.85,18.44,326,39,1,0,Credit Card,Smartphone,Postpaid,Yes,No
CUST01402,46,Female,Jaipur,30,Month-to-Month,DSL,540.56,16663.63,5.0,406,100,0,0,UPI,Smartphone,Prepaid,Yes,No
CUST01403,25,Male,Delhi,42,Month-to-Month,DSL,771.36,30888.91,37.47,235,85,2,1,Debit Card,Router Only,Postpaid,No,No
CUST01404,18,Female,Delhi,9,Month-to-Month,Fiber Optic,847.08,7234.66,70.09,301,95,3,1,Credit Card,Feature Phone,Prepaid,No,Yes
CUST01405,20,Female,Ahmedabad,10,Month-to-Month,Fiber Optic,780.22,7517.83,71.62,102,152,3,2,Debit Card,Smartphone,Prepaid,Yes,Yes
CUST01406,41,Female,Bangalore,5,Month-to-Month,No Internet,258.39,1253.11,10.35,282,49,4,1,Credit Card,Smartphone,Prepaid,No,Yes
CUST01407,40,Female,Delhi,32,One Year,DSL,448.36,13731.84,18.36,110,63,2,1,Net Banking,Smartphone,Prepaid,Yes,No
CUST01408,25,Female,Kolkata,39,One Year,Fiber Optic,779.98,29686.96,58.71,295,74,2,1,Net Banking,Smartphone,Prepaid,Yes,No
CUST01409,64,Female,Bangalore,45,Two Year,Fiber Optic,871.42,41013.24,25.14,271,98,3,1,Cash,Smartphone,Prepaid,Yes,No
CUST01410,54,Male,Hyderabad,22,Month-to-Month,DSL,512.21,10195.98,15.64,372,59,1,0,UPI,Smartphone,Prepaid,Yes,Yes
CUST01411,20,Male,Mumbai,2,Month-to-Month,Fiber Optic,864.52,1810.97,73.67,324,32,3,1,Credit Card,Smartphone,Postpaid,Yes,No
CUST01412,68,Male,Pune,25,Two Year,No Internet,221.29,5683.92,0.5,239,2,1,0,Debit Card,Smartphone,Prepaid,No,No
CUST01413,50,Female,Hyderabad,2,Month-to-Month,DSL,688.35,1403.69,19.86,266,0,3,1,Net Banking,Tablet,Postpaid,No,Yes
CUST01414,45,Female,Mumbai,26,Two Year,Fiber Optic,793.95,19972.72,48.96,321,88,2,1,Debit Card,Router Only,Prepaid,Yes,No
CUST01415,64,Female,Bangalore,42,Two Year,Fiber Optic,994.08,38046.4,28.4,463,0,1,0,UPI,Smartphone,Postpaid,Yes,No
CUST01416,25,Female,Chennai,45,Two Year,Fiber Optic,1012.53,45236.81,58.75,316,56,1,0,Debit Card,Smartphone,Postpaid,No,No
CUST01417,51,Female,Jaipur,0,Month-to-Month,Fiber Optic,817.86,817.86,46.23,123,36,4,1,Debit Card,Smartphone,Prepaid,Yes,Yes
CUST01418,52,Other,Jaipur,20,Month-to-Month,No Internet,362.42,6985.69,0.5,434,7,0,0,Credit Card,Smartphone,Postpaid,Yes,No
CUST01419,49,Male,Mumbai,33,One Year,No Internet,301.42,9055.58,2.65,425,24,0,0,Credit Card,Smartphone,Postpaid,Yes,No
CUST01420,41,Female,Pune,7,One Year,No Internet,185.67,1170.77,8.68,102,94,1,0,Debit Card,Smartphone,Prepaid,No,No
CUST01421,31,Male,Kolkata,5,Month-to-Month,DSL,743.56,3412.61,31.2,453,42,2,1,Debit Card,Tablet,Postpaid,No,Yes
CUST01422,49,Female,Kolkata,58,One Year,DSL,640.43,36806.61,24.18,307,0,1,1,UPI,Smartphone,Postpaid,No,No
CUST01423,63,Female,Chennai,4,Month-to-Month,No Internet,323.42,1356.6,0.5,252,18,3,1,UPI,Smartphone,Prepaid,Yes,No
CUST01424,60,Female,Delhi,9,Month-to-Month,No Internet,229.71,2081.48,0.5,88,22,2,1,UPI,Smartphone,Prepaid,No,Yes
CUST01425,33,Male,Kolkata,47,Two Year,No Internet,356.38,15469.71,8.17,353,12,2,1,Credit Card,Smartphone,Postpaid,No,No
CUST01426,21,Male,Delhi,12,Month-to-Month,No Internet,396.28,4895.17,7.53,260,6,1,0,UPI,Smartphone,Postpaid,No,No
CUST01427,69,Female,Delhi,4,Month-to-Month,DSL,724.37,2894.7,22.26,564,4,1,1,Debit Card,Smartphone,Postpaid,Yes,No
CUST01428,54,Female,Chennai,15,Month-to-Month,Fiber Optic,833.99,11824.73,26.38,190,64,1,0,Net Banking,Smartphone,Prepaid,No,No
CUST01429,38,Male,Lucknow,1,Month-to-Month,Fiber Optic,985.28,985.28,42.41,334,43,6,2,UPI,Router Only,Postpaid,Yes,No
CUST01430,31,Female,Mumbai,4,Month-to-Month,DSL,456.8,1754.94,23.69,324,55,5,2,Credit Card,Smartphone,Prepaid,No,Yes
CUST01431,48,Male,Chennai,0,Month-to-Month,DSL,416.54,416.54,17.99,280,28,3,2,Credit Card,Smartphone,Prepaid,Yes,No
CUST01432,65,Female,Mumbai,27,Month-to-Month,No Internet,477.44,13445.15,5.16,417,1,0,0,UPI,Tablet,Postpaid,Yes,No
CUST01433,35,Female,Jaipur,49,Two Year,No Internet,260.25,11713.62,0.5,78,70,1,0,Debit Card,Smartphone,Prepaid,Yes,No
CUST01434,24,Female,Chennai,35,Two Year,DSL,666.11,21498.07,30.54,336,44,2,1,Debit Card,Smartphone,Postpaid,No,No
CUST01435,27,Female,Mumbai,8,Month-to-Month,Fiber Optic,974.87,7115.53,67.47,281,49,2,1,UPI,Smartphone,Postpaid,Yes,No
CUST01436,24,Female,Mumbai,36,Month-to-Month,Fiber Optic,796.89,27454.59,63.09,147,25,1,0,Credit Card,Smartphone,Prepaid,Yes,Yes
CUST01437,50,Female,Bangalore,15,Month-to-Month,Fiber Optic,906.62,14220.22,48.3,407,19,2,1,Debit Card,Smartphone,Postpaid,No,Yes
CUST01438,40,Male,Delhi,34,One Year,Fiber Optic,679.99,24231.63,48.46,394,47,3,1,Debit Card,Smartphone,Prepaid,No,No
CUST01439,38,Male,Delhi,12,One Year,DSL,509.62,6050.57,30.2,145,103,1,0,Net Banking,Smartphone,Prepaid,No,No
CUST01440,36,Male,Pune,57,Two Year,Fiber Optic,930.45,51419.47,70.87,218,65,3,1,Credit Card,Smartphone,Prepaid,No,No
CUST01441,65,Female,Bangalore,4,Month-to-Month,Fiber Optic,991.72,3750.12,46.73,359,0,5,1,Net Banking,Router Only,Postpaid,Yes,Yes
CUST01442,36,Male,Pune,26,One Year,Fiber Optic,790.58,18501.08,38.81,301,66,3,1,UPI,Router Only,Prepaid,No,No
CUST01443,53,Male,Delhi,5,Month-to-Month,DSL,630.8,2962.95,25.66,396,36,3,1,Credit Card,Smartphone,Postpaid,Yes,Yes
CUST01444,46,Male,Chennai,36,Two Year,Fiber Optic,820.93,27246.7,52.25,132,74,3,1,Cash,Smartphone,Prepaid,No,No
CUST01445,35,Male,Bangalore,24,One Year,No Internet,188.26,4067.76,11.95,172,93,1,0,Net Banking,Smartphone,Prepaid,Yes,No
CUST01446,19,Male,Delhi,40,Month-to-Month,Fiber Optic,762.26,31539.24,56.89,247,41,2,1,Debit Card,Smartphone,Prepaid,Yes,No
CUST01447,18,Female,Hyderabad,24,One Year,Fiber Optic,724.33,15865.44,70.31,29,104,4,1,UPI,Smartphone,Prepaid,No,No
CUST01448,64,Female,Delhi,49,Two Year,DSL,501.69,24737.57,12.24,380,0,2,1,Net Banking,Feature Phone,Prepaid,Yes,No
CUST01449,22,Female,Ahmedabad,18,Month-to-Month,No Internet,420.66,7864.75,2.29,251,73,3,1,Cash,Smartphone,Postpaid,Yes,No
CUST01450,37,Female,Chennai,28,Month-to-Month,DSL,627.69,16152.8,29.97,386,54,1,0,Net Banking,Smartphone,Postpaid,No,No
CUST01451,28,Male,Hyderabad,18,Month-to-Month,DSL,444.29,7485.99,20.78,300,5,0,0,Net Banking,Feature Phone,Prepaid,Yes,No
CUST01452,59,Female,Delhi,8,Month-to-Month,No Internet,434.66,3252.15,5.57,460,23,3,1,Debit Card,Smartphone,Postpaid,No,No
CUST01453,19,Male,Mumbai,35,Month-to-Month,DSL,543.27,17358.62,25.26,172,59,0,0,Cash,Smartphone,Prepaid,No,No
CUST01454,20,Male,Hyderabad,37,Two Year,Fiber Optic,936.97,35931.81,47.95,304,102,2,1,Debit Card,Smartphone,Postpaid,Yes,No
CUST01455,40,Female,Chennai,27,One Year,DSL,670.71,18604.61,33.26,258,27,1,0,Credit Card,Smartphone,Postpaid,Yes,No
CUST01456,29,Male,Mumbai,33,One Year,No Internet,401.0,12665.49,0.5,208,43,3,1,Cash,Router Only,Prepaid,No,Yes
CUST01457,37,Female,Delhi,12,One Year,DSL,598.51,7292.85,24.53,400,16,0,0,Credit Card,Smartphone,Postpaid,Yes,No
CUST01458,22,Male,Bangalore,37,Two Year,No Internet,162.93,5886.21,25.75,144,62,0,0,UPI,Smartphone,Prepaid,No,No
CUST01459,54,Female,Hyderabad,33,Two Year,DSL,695.41,22991.26,23.65,259,20,1,0,UPI,Smartphone,Postpaid,Yes,No
CUST01460,55,Female,Mumbai,34,One Year,Fiber Optic,916.61,31269.82,43.6,247,17,2,1,Net Banking,Smartphone,Prepaid,Yes,No
CUST01461,47,Male,Hyderabad,6,Month-to-Month,DSL,378.76,2309.6,21.47,188,44,3,1,Debit Card,Smartphone,Prepaid,No,No
CUST01462,26,Female,Bangalore,3,Month-to-Month,DSL,844.13,2620.71,22.62,206,72,2,1,UPI,Router Only,Postpaid,Yes,Yes
CUST01463,51,Male,Bangalore,10,Month-to-Month,No Internet,395.24,4024.98,7.0,401,34,3,1,Credit Card,Feature Phone,Postpaid,Yes,No
CUST01464,61,Female,Bangalore,24,Month-to-Month,No Internet,457.29,11040.59,11.82,357,16,2,1,Credit Card,Smartphone,Postpaid,No,No
CUST01465,52,Male,Chennai,4,Month-to-Month,No Internet,169.93,675.17,7.24,251,46,3,1,Net Banking,Smartphone,Prepaid,Yes,Yes
CUST01466,69,Female,Delhi,20,One Year,No Internet,365.93,6816.27,15.91,439,10,0,0,UPI,Smartphone,Postpaid,Yes,No
CUST01467,39,Female,Delhi,29,One Year,Fiber Optic,1105.09,30203.93,50.61,321,26,0,0,Debit Card,Router Only,Postpaid,Yes,No
CUST01468,61,Male,Bangalore,48,Month-to-Month,No Internet,455.9,19942.24,8.69,330,31,1,0,Debit Card,Smartphone,Postpaid,Yes,No
CUST01469,41,Female,Bangalore,22,Two Year,Fiber Optic,1031.13,21293.52,56.69,514,24,2,1,Debit Card,Router Only,Postpaid,Yes,No
CUST01470,34,Female,Bangalore,57,Month-to-Month,Fiber Optic,943.33,52779.98,56.26,452,6,0,0,UPI,Feature Phone,Postpaid,No,No
CUST01471,27,Female,Kolkata,36,One Year,DSL,621.51,23337.63,21.06,262,57,2,1,Credit Card,Smartphone,Postpaid,Yes,No
CUST01472,47,Female,Jaipur,36,One Year,DSL,419.69,13885.34,37.4,251,15,0,0,Debit Card,Smartphone,Prepaid,Yes,No
CUST01473,63,Male,Mumbai,26,One Year,No Internet,256.05,6433.74,1.45,323,20,0,0,Debit Card,Smartphone,Prepaid,Yes,No
CUST01474,40,Female,Ahmedabad,8,Month-to-Month,DSL,490.75,3975.57,24.81,262,67,1,0,Cash,Smartphone,Prepaid,Yes,Yes
CUST01475,49,Male,Bangalore,27,One Year,No Internet,225.28,6198.42,0.6,278,49,1,1,UPI,Smartphone,Prepaid,Yes,No
CUST01476,34,Male,Mumbai,33,Month-to-Month,Fiber Optic,869.51,26646.78,52.15,381,15,1,1,UPI,Smartphone,Postpaid,No,Yes
CUST01477,67,Other,Lucknow,19,One Year,No Internet,384.16,6764.36,7.92,544,28,1,0,Credit Card,Smartphone,Postpaid,Yes,No
CUST01478,68,Female,Ahmedabad,1,Month-to-Month,DSL,660.68,660.68,7.6,297,50,1,0,UPI,Smartphone,Postpaid,No,Yes
CUST01479,34,Male,Lucknow,24,One Year,DSL,533.95,13290.32,14.24,176,48,0,0,Cash,Smartphone,Prepaid,No,No
CUST01480,31,Male,Delhi,0,Month-to-Month,Fiber Optic,958.49,958.49,59.17,484,38,2,1,UPI,Tablet,Postpaid,No,Yes
CUST01481,26,Female,Delhi,12,One Year,DSL,554.51,6372.39,34.0,233,41,2,1,Credit Card,Tablet,Postpaid,No,No
CUST01482,57,Male,Hyderabad,7,Month-to-Month,DSL,732.38,5120.27,10.95,440,63,1,0,Cash,Router Only,Postpaid,No,Yes
CUST01483,19,Male,Chennai,18,Two Year,DSL,705.86,11920.6,25.45,185,32,0,0,UPI,Smartphone,Postpaid,Yes,No
CUST01484,62,Male,Delhi,39,Two Year,DSL,615.24,23292.79,13.05,448,0,1,0,Debit Card,Smartphone,Postpaid,No,No
CUST01485,42,Female,Ahmedabad,20,Month-to-Month,Fiber Optic,829.18,16257.26,61.07,248,26,0,0,UPI,Smartphone,Postpaid,No,Yes
CUST01486,56,Female,Hyderabad,7,Month-to-Month,Fiber Optic,769.09,5360.27,40.56,213,4,0,0,Debit Card,Feature Phone,Prepaid,Yes,No
CUST01487,26,Male,Bangalore,7,One Year,Fiber Optic,763.03,5127.85,52.75,125,77,1,1,Credit Card,Smartphone,Prepaid,No,Yes
CUST01488,39,Female,Chennai,30,Month-to-Month,No Internet,464.64,12612.22,0.76,446,26,3,1,Net Banking,Smartphone,Postpaid,No,No
CUST01489,60,Male,Chennai,0,Month-to-Month,DSL,539.5,539.5,11.05,227,30,1,0,UPI,Feature Phone,Prepaid,Yes,No
CUST01490,63,Female,Delhi,0,Month-to-Month,No Internet,363.27,363.27,0.5,300,43,3,1,Net Banking,Tablet,Prepaid,No,No
CUST01491,21,Other,Lucknow,17,One Year,DSL,516.5,8807.27,33.25,134,79,1,0,Cash,Smartphone,Prepaid,Yes,No
CUST01492,43,Female,Bangalore,72,Month-to-Month,No Internet,401.36,27162.76,11.43,372,48,1,0,UPI,Smartphone,Prepaid,No,No
CUST01493,46,Female,Delhi,0,Month-to-Month,Fiber Optic,923.35,923.35,45.1,101,54,3,1,UPI,Smartphone,Prepaid,Yes,Yes
CUST01494,62,Female,Ahmedabad,37,One Year,Fiber Optic,1085.53,37811.59,25.08,268,8,1,1,Cash,Router Only,Postpaid,Yes,No
CUST01495,51,Male,Lucknow,9,Month-to-Month,DSL,705.99,6384.57,29.64,363,31,2,1,UPI,Smartphone,Postpaid,No,No
CUST01496,40,Female,Kolkata,2,Month-to-Month,DSL,656.8,1253.23,15.97,374,17,3,1,Debit Card,Router Only,Prepaid,Yes,Yes
CUST01497,54,Female,Ahmedabad,57,Two Year,DSL,793.05,44463.28,18.49,341,3,2,1,Cash,Router Only,Postpaid,No,No
CUST01498,28,Male,Chennai,36,One Year,Fiber Optic,895.95,29313.96,49.23,432,46,0,0,Credit Card,Tablet,Postpaid,No,No
CUST01499,23,Male,Jaipur,9,Month-to-Month,Fiber Optic,937.99,8859.18,82.2,330,53,1,0,Credit Card,Tablet,Postpaid,No,Yes
CUST01500,35,Female,Delhi,18,Month-to-Month,DSL,735.77,13234.89,28.04,417,48,1,1,Debit Card,Router Only,Postpaid,No,No
CUST01501,38,Female,Kolkata,13,One Year,DSL,713.39,9654.37,17.01,527,45,0,0,Net Banking,Smartphone,Postpaid,No,Yes
CUST01502,59,Male,Pune,0,Month-to-Month,DSL,532.35,532.35,19.37,343,25,0,0,Cash,Smartphone,Prepaid,No,Yes
CUST01503,53,Male,Delhi,52,Two Year,Fiber Optic,810.04,41460.04,34.92,394,48,3,1,UPI,Tablet,Prepaid,Yes,No
CUST01504,58,Female,Hyderabad,39,One Year,DSL,575.68,22686.5,32.74,613,13,1,0,Debit Card,Smartphone,Postpaid,No,No
CUST01505,55,Female,Hyderabad,57,Two Year,Fiber Optic,917.99,50776.31,32.84,424,30,2,1,Debit Card,Smartphone,Postpaid,Yes,No
CUST01506,51,Female,Pune,64,Two Year,DSL,465.09,31072.31,9.47,246,34,0,0,UPI,Smartphone,Prepaid,No,No
CUST01507,34,Female,Delhi,1,Month-to-Month,DSL,771.36,783.82,19.71,453,5,2,1,Credit Card,Smartphone,Postpaid,No,Yes
CUST01508,54,Female,Kolkata,23,One Year,Fiber Optic,786.32,16605.18,20.44,169,103,1,0,UPI,Smartphone,Prepaid,No,No
CUST01509,42,Female,Delhi,42,Two Year,Fiber Optic,747.8,32745.52,47.8,209,36,2,1,UPI,Smartphone,Prepaid,No,No
CUST01510,55,Female,Bangalore,33,One Year,Fiber Optic,808.32,26310.85,32.46,365,28,3,1,UPI,Smartphone,Prepaid,No,No
CUST01511,29,Female,Jaipur,18,Month-to-Month,No Internet,415.92,7243.77,5.37,500,10,0,0,UPI,Smartphone,Postpaid,No,No
CUST01512,40,Female,Chennai,11,Month-to-Month,DSL,590.72,6620.27,27.04,327,41,1,0,Credit Card,Router Only,Prepaid,Yes,Yes
CUST01513,59,Male,Bangalore,10,Month-to-Month,DSL,587.6,5489.96,9.52,275,14,0,0,UPI,Smartphone,Prepaid,Yes,No
CUST01514,39,Male,Delhi,22,One Year,DSL,570.52,13100.32,19.28,276,40,0,0,Credit Card,Smartphone,Prepaid,Yes,No
CUST01515,38,Female,Pune,39,One Year,No Internet,209.28,7549.37,20.0,157,44,0,0,Debit Card,Smartphone,Prepaid,Yes,No
CUST01516,44,Male,Lucknow,20,Two Year,DSL,552.16,10428.67,13.14,282,39,0,0,Debit Card,Router Only,Prepaid,No,No
CUST01517,48,Male,Jaipur,22,One Year,Fiber Optic,862.01,19596.79,55.34,298,0,1,0,Credit Card,Smartphone,Postpaid,No,No
CUST01518,23,Female,Pune,38,Two Year,Fiber Optic,1017.09,38311.24,70.9,374,72,2,1,Credit Card,Smartphone,Prepaid,Yes,No
CUST01519,44,Female,Delhi,4,Month-to-Month,DSL,610.8,2512.04,47.27,506,31,1,0,Credit Card,Smartphone,Postpaid,Yes,Yes
CUST01520,57,Male,Mumbai,5,Month-to-Month,Fiber Optic,799.61,3717.79,43.85,305,48,4,2,UPI,Smartphone,Prepaid,Yes,Yes
CUST01521,51,Male,Mumbai,30,Two Year,Fiber Optic,771.42,23618.59,40.21,213,48,1,0,Debit Card,Smartphone,Prepaid,Yes,No
CUST01522,29,Male,Bangalore,29,One Year,No Internet,323.3,8689.01,8.3,458,36,3,2,Credit Card,Tablet,Postpaid,No,No
CUST01523,62,Female,Mumbai,30,One Year,No Internet,479.32,14544.72,6.66,307,8,2,1,Debit Card,Smartphone,Postpaid,No,No
CUST01524,24,Male,Mumbai,10,Month-to-Month,No Internet,278.29,2569.12,11.63,64,87,4,1,UPI,Smartphone,Prepaid,Yes,Yes
CUST01525,27,Male,Chennai,18,One Year,Fiber Optic,933.94,15994.68,57.35,244,81,2,1,Net Banking,Smartphone,Postpaid,Yes,No
CUST01526,62,Male,Mumbai,27,Two Year,Fiber Optic,839.0,22005.84,25.34,631,4,0,0,Debit Card,Smartphone,Postpaid,No,No
CUST01527,34,Female,Pune,17,Month-to-Month,Fiber Optic,791.65,13967.1,41.97,85,80,3,2,UPI,Smartphone,Prepaid,No,Yes
CUST01528,43,Male,Lucknow,5,One Year,No Internet,279.4,1410.63,0.5,125,50,3,1,UPI,Smartphone,Prepaid,Yes,No
CUST01529,38,Male,Chennai,2,Month-to-Month,DSL,437.89,825.22,35.06,357,70,5,1,Net Banking,Feature Phone,Prepaid,Yes,Yes
CUST01530,45,Female,Kolkata,45,Month-to-Month,No Internet,305.03,13272.94,1.0,152,67,0,0,Credit Card,Smartphone,Prepaid,No,No
CUST01531,63,Female,Kolkata,37,One Year,No Internet,471.05,16601.08,13.81,431,0,1,0,UPI,Feature Phone,Postpaid,Yes,No
CUST01532,19,Female,Bangalore,16,Month-to-Month,DSL,678.13,11294.7,22.46,404,24,1,1,UPI,Smartphone,Postpaid,Yes,No
CUST01533,60,Other,Delhi,15,Month-to-Month,Fiber Optic,741.33,,,188,47,3,1,,Feature Phone,Prepaid,No,No
CUST01534,18,Female,Delhi,21,One Year,Fiber Optic,910.83,19841.9,59.66,384,41,3,1,UPI,Smartphone,Postpaid,Yes,No
CUST01535,68,Male,Mumbai,16,One Year,Fiber Optic,977.46,16017.51,45.72,444,0,1,0,Cash,Smartphone,Postpaid,Yes,No
CUST01536,53,Female,Pune,18,Month-to-Month,Fiber Optic,1117.95,18499.24,34.71,184,0,1,0,Cash,Router Only,Postpaid,Yes,No
CUST01537,68,Male,Jaipur,36,Two Year,Fiber Optic,920.44,31179.87,43.92,445,28,1,0,UPI,Smartphone,Postpaid,Yes,No
CUST01538,43,Female,Lucknow,43,Month-to-Month,DSL,643.73,27862.07,16.87,563,13,3,1,UPI,Smartphone,Postpaid,No,No
CUST01539,46,Male,Delhi,46,Two Year,Fiber Optic,1008.41,46669.5,38.14,260,39,2,1,Net Banking,Router Only,Postpaid,Yes,No
CUST01540,38,Male,Lucknow,22,One Year,DSL,628.92,12937.62,41.08,565,3,3,1,UPI,Smartphone,Postpaid,No,No
CUST01541,28,Female,Mumbai,10,Month-to-Month,No Internet,327.03,3254.08,17.71,192,35,1,0,Cash,Feature Phone,Prepaid,Yes,No
CUST01542,57,Male,Ahmedabad,2,Month-to-Month,Fiber Optic,797.08,1599.14,25.0,205,37,2,1,UPI,Smartphone,Prepaid,Yes,Yes
CUST01543,28,Female,Mumbai,3,Month-to-Month,Fiber Optic,735.98,2011.0,52.59,156,41,6,2,Credit Card,Smartphone,Prepaid,Yes,Yes
CUST01544,53,Male,Delhi,28,Month-to-Month,Fiber Optic,716.07,19190.68,30.75,434,40,1,0,Debit Card,Smartphone,Prepaid,No,No
CUST01545,66,Male,Bangalore,9,One Year,Fiber Optic,785.28,7321.48,21.68,185,29,0,0,Net Banking,Tablet,Prepaid,No,No
CUST01546,56,Female,Ahmedabad,22,Month-to-Month,DSL,587.47,13377.66,0.5,282,89,0,0,Net Banking,Smartphone,Prepaid,No,No
CUST01547,57,Female,Mumbai,14,Month-to-Month,DSL,586.93,8211.06,32.12,387,20,1,1,Net Banking,Smartphone,Postpaid,No,Yes
CUST01548,52,Female,Delhi,40,One Year,DSL,682.53,27243.98,28.26,435,0,4,2,Cash,Smartphone,Postpaid,Yes,No
CUST01549,51,Male,Jaipur,28,Month-to-Month,Fiber Optic,842.1,,,290,50,4,2,,Smartphone,Prepaid,No,No
CUST01550,64,Female,Jaipur,22,One Year,DSL,519.48,10872.25,1.7,270,30,0,0,Credit Card,Router Only,Prepaid,No,No
CUST01551,41,Female,Delhi,49,Month-to-Month,DSL,591.28,26291.25,35.64,410,0,1,0,UPI,Smartphone,Postpaid,Yes,No
CUST01552,39,Female,Pune,23,One Year,Fiber Optic,866.06,20456.34,57.54,189,96,0,0,Credit Card,Router Only,Prepaid,No,No
CUST01553,22,Male,Mumbai,34,One Year,Fiber Optic,833.48,26831.51,70.85,129,77,3,1,Cash,Smartphone,Prepaid,No,No
CUST01554,50,Female,Bangalore,20,One Year,No Internet,149.0,2982.72,10.91,258,25,1,0,Net Banking,Smartphone,Prepaid,Yes,No
CUST01555,53,Female,Hyderabad,33,Month-to-Month,Fiber Optic,1024.9,32916.14,39.9,421,58,3,1,Cash,Smartphone,Postpaid,Yes,No
CUST01556,64,Female,Bangalore,0,Month-to-Month,No Internet,438.45,438.45,0.5,439,3,2,1,Debit Card,Router Only,Postpaid,No,No
CUST01557,37,Female,Hyderabad,28,Month-to-Month,Fiber Optic,767.07,20678.11,33.24,271,85,1,0,Credit Card,Smartphone,Prepaid,Yes,No
CUST01558,36,Female,Chennai,7,Month-to-Month,Fiber Optic,768.21,5051.47,50.0,290,93,2,1,UPI,Router Only,Prepaid,Yes,Yes
CUST01559,52,Male,Hyderabad,7,Month-to-Month,DSL,611.73,3859.21,17.15,510,0,1,0,Credit Card,Smartphone,Postpaid,No,Yes
CUST01560,69,Male,Pune,14,One Year,No Internet,496.62,6803.81,3.45,381,37,2,1,UPI,Feature Phone,Postpaid,Yes,No
CUST01561,60,Female,Pune,29,One Year,No Internet,339.15,9683.97,4.05,436,0,3,1,UPI,Feature Phone,Postpaid,No,No
CUST01562,34,Male,Bangalore,43,Two Year,Fiber Optic,886.33,36049.98,69.92,40,66,3,2,Net Banking,Smartphone,Prepaid,No,No
CUST01563,62,Male,Delhi,7,Month-to-Month,No Internet,300.29,1984.59,17.05,413,0,0,0,Debit Card,Smartphone,Postpaid,No,No
CUST01564,60,Male,Chennai,22,Month-to-Month,DSL,593.39,12624.38,10.53,416,36,2,1,Net Banking,Smartphone,Postpaid,Yes,No
CUST01565,51,Male,Kolkata,39,Two Year,Fiber Optic,949.18,36746.18,33.1,423,28,1,0,UPI,Smartphone,Postpaid,No,No
CUST01566,26,Female,Chennai,3,Month-to-Month,Fiber Optic,966.52,3030.85,60.47,369,17,6,2,Cash,Smartphone,Postpaid,Yes,Yes
CUST01567,43,Female,Chennai,26,One Year,DSL,520.06,13138.42,43.06,191,62,2,1,Credit Card,Smartphone,Prepaid,Yes,No
CUST01568,19,Female,Mumbai,45,Two Year,DSL,561.82,26294.11,28.92,289,53,0,0,Credit Card,Smartphone,Postpaid,No,No
CUST01569,26,Male,Chennai,51,Two Year,Fiber Optic,1039.65,55474.08,52.09,273,32,3,2,Net Banking,Smartphone,Postpaid,No,No
CUST01570,26,Female,Bangalore,0,Month-to-Month,No Internet,238.93,238.93,9.64,55,55,1,0,Debit Card,Smartphone,Prepaid,Yes,Yes
CUST01571,57,Female,Jaipur,20,One Year,DSL,702.84,13833.21,15.4,467,9,2,1,UPI,Smartphone,Postpaid,No,No
CUST01572,34,Female,Pune,21,Month-to-Month,No Internet,204.67,3907.11,5.08,274,63,0,0,Cash,Smartphone,Prepaid,Yes,No
CUST01573,18,Female,Mumbai,12,One Year,DSL,669.73,7502.16,28.37,188,13,0,0,UPI,Smartphone,Postpaid,No,No
CUST01574,42,Male,Hyderabad,30,Two Year,DSL,476.5,15005.8,22.72,125,60,0,0,Debit Card,Smartphone,Prepaid,No,No
CUST01575,60,Female,Ahmedabad,14,Month-to-Month,Fiber Optic,1011.02,14322.92,42.36,402,1,2,1,Credit Card,Smartphone,Postpaid,No,No
CUST01576,57,Female,Bangalore,22,Two Year,DSL,684.25,15056.46,17.36,405,0,1,1,UPI,Tablet,Postpaid,Yes,No
CUST01577,59,Female,Hyderabad,21,One Year,No Internet,367.32,,,269,20,0,0,,Router Only,Prepaid,Yes,No
CUST01578,42,Female,Pune,34,Month-to-Month,DSL,601.4,20497.11,22.56,328,35,1,0,Debit Card,Router Only,Prepaid,Yes,No
CUST01579,56,Male,Kolkata,7,One Year,Fiber Optic,697.8,,,174,11,1,0,,Smartphone,Prepaid,No,No
CUST01580,52,Female,Delhi,16,Month-to-Month,Fiber Optic,889.04,13274.88,38.79,374,12,2,1,UPI,Smartphone,Prepaid,No,Yes
CUST01581,20,Female,Chennai,7,Month-to-Month,No Internet,386.29,2751.93,1.69,17,82,0,0,Net Banking,Feature Phone,Prepaid,No,Yes
CUST01582,67,Male,Jaipur,26,Two Year,Fiber Optic,814.22,20530.22,47.91,285,43,2,1,Credit Card,Smartphone,Prepaid,Yes,No
CUST01583,54,Male,Lucknow,2,Month-to-Month,No Internet,357.57,718.88,21.55,408,26,5,1,Net Banking,Smartphone,Postpaid,No,Yes
CUST01584,61,Male,Pune,12,Month-to-Month,DSL,483.3,5521.96,14.12,410,24,1,1,Cash,Smartphone,Prepaid,No,No
CUST01585,61,Male,Lucknow,39,Two Year,Fiber Optic,1025.1,39443.76,33.4,391,10,0,0,Net Banking,Smartphone,Postpaid,Yes,No
CUST01586,68,Male,Chennai,33,Two Year,DSL,726.96,24236.16,27.12,441,0,1,0,Debit Card,Router Only,Postpaid,Yes,No
CUST01587,47,Male,Bangalore,32,Two Year,Fiber Optic,990.48,31434.39,37.93,384,42,1,0,Debit Card,Router Only,Prepaid,No,No
CUST01588,55,Female,Hyderabad,26,Month-to-Month,DSL,524.24,13562.11,21.52,322,21,1,0,Credit Card,Smartphone,Prepaid,Yes,Yes
CUST01589,51,Male,Delhi,3,Month-to-Month,Fiber Optic,889.9,2476.91,39.87,362,1,1,0,UPI,Smartphone,Postpaid,No,Yes
CUST01590,29,Male,Bangalore,3,Month-to-Month,DSL,559.27,1637.35,24.36,299,38,0,0,Credit Card,Smartphone,Prepaid,Yes,No
CUST01591,36,Female,Bangalore,17,Month-to-Month,Fiber Optic,996.66,15946.1,63.56,316,72,3,2,Net Banking,Smartphone,Postpaid,Yes,Yes
CUST01592,54,Female,Ahmedabad,46,Two Year,Fiber Optic,758.63,33345.16,32.88,171,86,2,1,Cash,Smartphone,Prepaid,No,No
CUST01593,61,Female,Kolkata,16,One Year,No Internet,513.68,8385.51,0.5,536,0,2,1,Credit Card,Router Only,Postpaid,No,No
CUST01594,66,Male,Chennai,9,Month-to-Month,Fiber Optic,724.85,5917.92,17.87,231,33,2,1,Debit Card,Tablet,Prepaid,No,No
CUST01595,34,Female,Bangalore,14,Month-to-Month,Fiber Optic,951.0,12496.76,57.9,316,7,2,1,Cash,Feature Phone,Postpaid,Yes,No
CUST01596,27,Male,Mumbai,37,Two Year,DSL,534.87,20153.86,25.8,253,47,1,1,UPI,Tablet,Prepaid,Yes,No
CUST01597,66,Female,Bangalore,42,Two Year,DSL,612.13,26402.38,10.2,546,42,0,0,UPI,Smartphone,Postpaid,Yes,No
CUST01598,64,Male,Pune,3,Month-to-Month,Fiber Optic,845.37,2363.52,21.74,191,32,1,0,Net Banking,Feature Phone,Prepaid,No,Yes
CUST01599,29,Female,Mumbai,19,One Year,No Internet,238.87,4197.18,6.81,279,14,6,2,Credit Card,Smartphone,Prepaid,No,No
CUST01600,33,Male,Bangalore,3,Month-to-Month,DSL,469.48,,30.72,130,64,1,0,Cash,Tablet,Prepaid,No,No
CUST01601,41,Female,Bangalore,24,One Year,Fiber Optic,912.32,22062.14,38.17,90,48,0,0,Net Banking,Smartphone,Prepaid,No,No
CUST01602,36,Female,Kolkata,27,One Year,DSL,709.68,18863.97,27.55,357,0,2,1,Credit Card,Tablet,Postpaid,Yes,No
CUST01603,25,Male,Jaipur,1,One Year,Fiber Optic,754.14,754.14,47.02,118,105,1,1,Credit Card,Router Only,Prepaid,No,Yes
CUST01604,48,Male,Pune,20,Month-to-Month,Fiber Optic,877.12,18091.34,56.91,269,12,1,0,Cash,Smartphone,Prepaid,No,No
CUST01605,38,Female,Bangalore,12,Month-to-Month,No Internet,253.79,2868.54,1.28,278,89,1,0,UPI,Smartphone,Prepaid,Yes,No
CUST01606,34,Female,Bangalore,5,Month-to-Month,DSL,620.31,3092.65,30.56,198,54,2,1,Credit Card,Router Only,Prepaid,No,Yes
CUST01607,40,Female,Delhi,42,Two Year,No Internet,223.47,9756.48,5.75,153,75,0,0,Credit Card,Smartphone,Prepaid,Yes,No
CUST01608,54,Male,Delhi,44,Two Year,Fiber Optic,890.86,36289.01,47.98,445,0,2,1,Credit Card,Smartphone,Postpaid,Yes,No
CUST01609,33,Male,Delhi,45,Two Year,Fiber Optic,887.25,37090.76,55.05,135,56,0,0,Cash,Smartphone,Prepaid,Yes,No
CUST01610,23,Female,Delhi,30,Two Year,Fiber Optic,783.52,21573.75,56.08,215,80,3,1,UPI,Feature Phone,Prepaid,Yes,No
CUST01611,25,Female,Delhi,15,One Year,Fiber Optic,923.74,,,450,63,2,1,,Tablet,Postpaid,No,No
CUST01612,42,Female,Mumbai,28,Month-to-Month,DSL,412.6,11383.3,34.1,274,41,1,0,Cash,Feature Phone,Prepaid,Yes,No
CUST01613,35,Female,Delhi,27,One Year,DSL,537.8,13785.93,35.92,118,76,0,0,UPI,Smartphone,Prepaid,No,No
CUST01614,42,Female,Chennai,14,Month-to-Month,DSL,689.57,9498.53,16.05,497,3,2,1,UPI,Router Only,Postpaid,No,Yes
CUST01615,29,Female,Lucknow,27,Month-to-Month,DSL,586.08,15388.24,23.88,164,0,0,0,Cash,Smartphone,Postpaid,No,Yes
CUST01616,32,Male,Ahmedabad,0,Month-to-Month,DSL,808.08,808.08,29.16,230,80,3,1,Credit Card,Router Only,Postpaid,Yes,Yes
CUST01617,43,Male,Delhi,7,Month-to-Month,No Internet,336.56,2456.73,9.28,375,7,0,0,Cash,Router Only,Postpaid,Yes,Yes
CUST01618,58,Female,Bangalore,40,One Year,Fiber Optic,872.62,32497.96,21.87,452,14,1,0,Credit Card,Smartphone,Postpaid,Yes,No
CUST01619,62,Male,Ahmedabad,9,Month-to-Month,No Internet,290.45,2615.62,4.02,303,40,0,0,UPI,Smartphone,Prepaid,No,No
CUST01620,43,Male,Delhi,35,Month-to-Month,DSL,564.78,19198.6,27.02,368,28,1,0,Debit Card,Smartphone,Prepaid,Yes,No
CUST01621,64,Male,Ahmedabad,27,One Year,DSL,566.35,15320.99,13.18,432,27,2,1,Cash,Smartphone,Postpaid,No,No
CUST01622,49,Male,Chennai,14,One Year,No Internet,482.35,6683.49,5.05,412,0,1,1,UPI,Tablet,Postpaid,Yes,No
CUST01623,27,Female,Jaipur,22,One Year,Fiber Optic,842.25,18778.66,73.56,82,22,2,1,Credit Card,Smartphone,Prepaid,No,No
CUST01624,33,Female,Ahmedabad,0,Month-to-Month,DSL,449.47,449.47,31.48,262,61,0,0,Debit Card,Smartphone,Prepaid,No,Yes
CUST01625,24,Male,Pune,15,Month-to-Month,No Internet,442.57,6673.51,0.5,206,16,1,0,UPI,Smartphone,Postpaid,Yes,Yes
CUST01626,34,Male,Pune,22,One Year,DSL,663.75,14752.79,31.87,122,27,0,0,UPI,Smartphone,Postpaid,Yes,No
CUST01627,40,Female,Mumbai,26,One Year,No Internet,381.65,9195.69,0.5,376,20,1,0,UPI,Smartphone,Postpaid,Yes,No
CUST01628,43,Male,Delhi,11,Month-to-Month,Fiber Optic,985.28,11257.9,56.21,439,21,1,1,Net Banking,Feature Phone,Postpaid,No,No
CUST01629,38,Female,Bangalore,19,Two Year,DSL,461.35,8841.8,29.18,347,76,1,1,Net Banking,Smartphone,Prepaid,Yes,No
CUST01630,39,Female,Mumbai,44,Month-to-Month,No Internet,295.29,11882.11,26.42,175,63,2,1,UPI,Tablet,Prepaid,Yes,No
CUST01631,24,Male,Delhi,2,Month-to-Month,Fiber Optic,765.02,1574.61,70.93,262,24,5,2,UPI,Feature Phone,Prepaid,No,Yes
CUST01632,31,Female,Mumbai,0,Month-to-Month,DSL,677.87,677.87,37.48,334,42,1,0,Debit Card,Feature Phone,Postpaid,Yes,Yes
CUST01633,32,Female,Ahmedabad,13,Month-to-Month,Fiber Optic,909.16,11676.73,55.36,453,36,0,0,Cash,Smartphone,Postpaid,No,Yes
CUST01634,24,Male,Delhi,55,Two Year,Fiber Optic,934.34,48663.44,60.94,340,17,3,2,Credit Card,Smartphone,Postpaid,Yes,No
CUST01635,26,Female,Mumbai,69,Month-to-Month,DSL,437.01,29742.52,27.44,286,45,1,0,Debit Card,Smartphone,Prepaid,No,No
CUST01636,68,Male,Bangalore,7,Month-to-Month,No Internet,329.38,2382.26,0.5,583,55,0,0,UPI,Smartphone,Postpaid,No,No
CUST01637,65,Male,Hyderabad,2,Month-to-Month,No Internet,472.37,976.48,19.41,440,30,3,1,Cash,Tablet,Postpaid,Yes,No
CUST01638,25,Female,Mumbai,11,Month-to-Month,DSL,706.5,7910.67,22.7,591,28,1,0,UPI,Smartphone,Postpaid,No,No
CUST01639,67,Female,Lucknow,5,Month-to-Month,No Internet,484.79,2477.78,3.81,567,0,5,1,Net Banking,Smartphone,Postpaid,No,Yes
CUST01640,40,Female,Chennai,22,Month-to-Month,DSL,526.96,11316.7,17.22,172,62,3,1,Credit Card,Smartphone,Prepaid,No,Yes
CUST01641,46,Male,Hyderabad,10,Month-to-Month,DSL,776.77,8002.73,23.51,331,22,1,0,UPI,Smartphone,Postpaid,No,Yes
CUST01642,35,Male,Delhi,14,One Year,DSL,450.63,6119.94,24.95,228,68,3,1,Debit Card,Smartphone,Prepaid,No,No
CUST01643,48,Female,Hyderabad,19,One Year,DSL,519.15,9185.71,17.54,215,4,0,0,Net Banking,Smartphone,Prepaid,No,No
CUST01644,47,Male,Ahmedabad,27,One Year,DSL,516.01,14415.62,26.46,412,0,1,0,UPI,Smartphone,Postpaid,No,No
CUST01645,69,Female,Mumbai,29,One Year,Fiber Optic,817.95,22983.62,45.04,280,0,2,1,UPI,Smartphone,Prepaid,No,No
CUST01646,56,Female,Bangalore,0,Month-to-Month,No Internet,337.71,337.71,11.15,389,40,1,0,Credit Card,Smartphone,Postpaid,Yes,Yes
CUST01647,52,Female,Delhi,41,Two Year,Fiber Optic,787.64,32098.67,39.72,255,105,1,0,UPI,Smartphone,Prepaid,Yes,No
CUST01648,35,Female,Lucknow,21,Month-to-Month,Fiber Optic,713.32,13666.6,47.02,263,62,1,0,Credit Card,Smartphone,Prepaid,Yes,Yes
CUST01649,59,Male,Delhi,2,Month-to-Month,DSL,450.58,858.89,10.81,256,18,0,0,Debit Card,Feature Phone,Prepaid,No,No
CUST01650,56,Male,Jaipur,34,One Year,No Internet,360.03,11675.72,0.5,327,29,0,0,Credit Card,Tablet,Prepaid,No,No
CUST01651,34,Male,Mumbai,13,One Year,DSL,689.84,9035.26,28.41,251,72,1,0,Debit Card,Smartphone,Postpaid,Yes,No
CUST01652,31,Female,Chennai,3,Month-to-Month,Fiber Optic,730.97,2196.38,60.58,266,76,1,0,Debit Card,Smartphone,Prepaid,Yes,No
CUST01653,48,Female,Pune,3,Month-to-Month,DSL,749.08,,,350,11,3,1,Debit Card,Router Only,Postpaid,Yes,Yes
CUST01654,41,Female,Delhi,3,Month-to-Month,No Internet,319.94,969.09,4.29,239,96,3,1,Credit Card,Smartphone,Prepaid,Yes,No
CUST01655,52,Female,Bangalore,26,Two Year,DSL,523.5,12704.63,20.06,312,0,1,0,UPI,Smartphone,Postpaid,Yes,No
CUST01656,61,Female,Mumbai,30,Month-to-Month,DSL,565.29,16142.32,11.98,140,54,1,0,UPI,Smartphone,Prepaid,No,Yes
CUST01657,62,Male,Delhi,21,One Year,DSL,489.95,9517.88,2.24,277,12,1,0,Net Banking,Smartphone,Prepaid,No,No
CUST01658,51,Male,Ahmedabad,18,Month-to-Month,Fiber Optic,1109.37,20553.76,38.63,236,30,3,2,UPI,Smartphone,Postpaid,Yes,No
CUST01659,20,Male,Delhi,10,Month-to-Month,No Internet,348.73,3581.05,14.98,320,37,0,0,Debit Card,Smartphone,Postpaid,No,Yes
CUST01660,54,Female,Pune,1,Month-to-Month,DSL,546.73,566.98,21.08,455,21,0,0,Net Banking,Smartphone,Prepaid,Yes,Yes
CUST01661,60,Male,Mumbai,1,Month-to-Month,DSL,529.45,529.45,7.53,617,0,3,1,Debit Card,Smartphone,Postpaid,No,Yes
CUST01662,57,Female,Mumbai,1,Month-to-Month,DSL,490.04,490.04,19.5,213,59,2,1,Net Banking,Smartphone,Prepaid,No,Yes
CUST01663,43,Female,Pune,0,One Year,No Internet,485.6,485.6,0.5,372,0,1,0,Debit Card,Router Only,Postpaid,No,Yes
CUST01664,40,Female,Chennai,5,Month-to-Month,Fiber Optic,751.13,3533.71,51.77,326,60,2,1,UPI,Smartphone,Prepaid,No,Yes
CUST01665,61,Female,Mumbai,24,One Year,Fiber Optic,795.79,18289.39,37.26,381,31,5,1,UPI,Tablet,Prepaid,Yes,No
CUST01666,56,Male,Hyderabad,8,Month-to-Month,Fiber Optic,985.76,7123.35,26.61,421,11,0,0,Cash,Smartphone,Postpaid,No,Yes
CUST01667,32,Male,Mumbai,22,Two Year,DSL,848.18,18411.79,25.62,355,39,0,0,Credit Card,Router Only,Postpaid,Yes,No
CUST01668,66,Female,Ahmedabad,36,Two Year,DSL,517.68,17990.46,10.92,293,24,0,0,Cash,Tablet,Prepaid,No,No
CUST01669,21,Male,Mumbai,10,Month-to-Month,DSL,646.41,6445.9,40.59,318,58,0,0,UPI,Smartphone,Postpaid,Yes,Yes
CUST01670,46,Male,Mumbai,7,Two Year,DSL,663.26,4852.64,36.04,378,0,3,1,Cash,Smartphone,Postpaid,No,No
CUST01671,39,Female,Kolkata,59,Month-to-Month,Fiber Optic,829.42,44462.67,37.39,252,29,0,0,UPI,Feature Phone,Prepaid,Yes,No
CUST01672,42,Male,Delhi,18,One Year,Fiber Optic,950.15,15627.12,46.88,239,28,0,0,UPI,Smartphone,Postpaid,Yes,No
CUST01673,30,Female,Mumbai,10,Month-to-Month,Fiber Optic,1132.59,11151.68,50.53,265,0,1,0,Net Banking,Router Only,Postpaid,No,No
CUST01674,35,Female,Bangalore,39,Month-to-Month,DSL,628.5,25729.33,20.72,358,34,1,0,Net Banking,Smartphone,Postpaid,Yes,No
CUST01675,50,Male,Jaipur,6,Month-to-Month,No Internet,308.98,1748.58,10.72,582,36,2,1,UPI,Smartphone,Postpaid,Yes,Yes
CUST01676,33,Female,Lucknow,4,Month-to-Month,DSL,480.44,1884.22,27.81,228,44,2,1,UPI,Smartphone,Prepaid,No,Yes
CUST01677,62,Male,Pune,30,One Year,Fiber Optic,958.11,26747.28,39.22,461,34,2,1,UPI,Smartphone,Postpaid,Yes,No
CUST01678,59,Female,Hyderabad,8,One Year,Fiber Optic,967.75,7582.98,39.68,525,0,1,1,Debit Card,Smartphone,Postpaid,No,Yes
CUST01679,61,Male,Chennai,12,Month-to-Month,No Internet,305.73,3402.79,0.5,312,37,1,0,Net Banking,Feature Phone,Prepaid,No,No
CUST01680,19,Female,Bangalore,19,Two Year,Fiber Optic,881.8,15523.9,52.15,105,51,2,1,Credit Card,Feature Phone,Prepaid,No,No
CUST01681,52,Male,Mumbai,41,Two Year,Fiber Optic,879.79,34296.77,43.41,463,47,1,0,Credit Card,Tablet,Postpaid,No,No
CUST01682,59,Male,Lucknow,25,Two Year,Fiber Optic,795.9,20712.16,16.98,339,52,0,0,Net Banking,Smartphone,Prepaid,No,No
CUST01683,51,Male,Delhi,23,Two Year,DSL,607.05,,5.5,250,24,1,0,UPI,Tablet,Prepaid,Yes,No
CUST01684,47,Male,Bangalore,28,Month-to-Month,Fiber Optic,870.76,23302.43,25.54,496,43,1,0,Debit Card,Smartphone,Postpaid,No,Yes
CUST01685,30,Male,Jaipur,23,Month-to-Month,Fiber Optic,754.2,17273.76,47.93,373,33,1,0,UPI,Smartphone,Prepaid,Yes,No
CUST01686,30,Female,Pune,3,Month-to-Month,DSL,669.76,1868.48,23.67,336,47,1,0,Net Banking,Smartphone,Postpaid,Yes,No
CUST01687,35,Female,Delhi,29,Two Year,Fiber Optic,774.86,22372.52,55.86,180,46,2,1,Credit Card,Router Only,Prepaid,No,No
CUST01688,49,Male,Delhi,8,Month-to-Month,Fiber Optic,855.37,7103.25,42.19,439,9,3,1,UPI,Smartphone,Postpaid,Yes,Yes
CUST01689,49,Male,Hyderabad,0,Month-to-Month,DSL,538.42,538.42,17.79,386,33,2,1,Net Banking,Smartphone,Prepaid,Yes,Yes
CUST01690,52,Female,Hyderabad,7,Month-to-Month,No Internet,288.69,1996.52,0.5,219,32,3,2,Debit Card,Smartphone,Prepaid,Yes,Yes
CUST01691,56,Female,Bangalore,3,Month-to-Month,Fiber Optic,985.49,3050.9,22.81,411,45,5,2,UPI,Smartphone,Postpaid,Yes,Yes
CUST01692,63,Male,Mumbai,4,Month-to-Month,Fiber Optic,966.99,3705.88,33.4,441,0,2,1,Credit Card,Smartphone,Postpaid,Yes,Yes
CUST01693,69,Female,Lucknow,19,One Year,Fiber Optic,894.25,17548.69,38.04,502,0,2,1,Net Banking,Smartphone,Postpaid,Yes,No
CUST01694,46,Male,Mumbai,4,Month-to-Month,DSL,644.28,2448.59,27.46,391,51,7,2,Net Banking,Smartphone,Postpaid,Yes,No
CUST01695,66,Female,Hyderabad,37,One Year,No Internet,461.96,17186.03,9.93,567,29,0,0,UPI,Smartphone,Postpaid,Yes,No
CUST01696,46,Male,Bangalore,68,Two Year,Fiber Optic,703.64,49657.91,57.08,295,66,4,2,Credit Card,Smartphone,Prepaid,No,No
CUST01697,61,Male,Delhi,12,One Year,DSL,714.01,8437.47,17.98,449,56,3,1,UPI,Smartphone,Postpaid,Yes,No
CUST01698,33,Female,Mumbai,72,Month-to-Month,Fiber Optic,862.39,58440.29,67.49,274,44,3,2,UPI,Smartphone,Postpaid,Yes,Yes
CUST01699,61,Male,Jaipur,44,Two Year,Fiber Optic,848.01,37487.44,31.61,258,39,0,0,Cash,Smartphone,Prepaid,No,No
CUST01700,64,Female,Ahmedabad,24,One Year,Fiber Optic,909.48,20013.96,20.28,483,0,2,1,Debit Card,Smartphone,Postpaid,No,No
CUST01701,27,Male,Mumbai,3,Month-to-Month,No Internet,370.12,1056.91,11.27,344,43,1,0,Credit Card,Feature Phone,Postpaid,No,Yes
CUST01702,47,Female,Ahmedabad,18,One Year,DSL,425.14,7915.63,22.07,233,89,1,0,Debit Card,Smartphone,Prepaid,Yes,No
CUST01703,42,Female,Mumbai,3,One Year,Fiber Optic,993.38,3011.59,46.74,274,57,1,1,UPI,Smartphone,Prepaid,Yes,No
CUST01704,56,Male,Chennai,5,Month-to-Month,No Internet,271.73,1233.92,2.93,290,49,1,0,Credit Card,Smartphone,Prepaid,Yes,Yes
CUST01705,37,Female,Delhi,9,Month-to-Month,Fiber Optic,1029.81,9139.16,42.96,186,24,1,0,Cash,Tablet,Postpaid,No,Yes
CUST01706,22,Female,Jaipur,15,One Year,Fiber Optic,841.87,11835.41,56.23,466,19,0,0,Debit Card,Tablet,Postpaid,No,Yes
CUST01707,18,Female,Delhi,24,One Year,No Internet,452.74,9801.23,3.32,261,32,1,0,UPI,Smartphone,Postpaid,No,No
CUST01708,47,Female,Hyderabad,4,Month-to-Month,Fiber Optic,1012.4,3807.04,47.85,397,36,3,1,UPI,Feature Phone,Postpaid,Yes,Yes
CUST01709,66,Female,Kolkata,6,One Year,No Internet,353.85,2157.28,0.58,345,68,0,0,UPI,Router Only,Prepaid,No,No
CUST01710,20,Male,Delhi,50,Month-to-Month,DSL,624.6,29991.92,14.04,431,86,3,1,Cash,Smartphone,Postpaid,No,No
CUST01711,62,Male,Bangalore,29,One Year,No Internet,444.64,12119.31,0.5,476,14,3,1,UPI,Router Only,Postpaid,No,No
CUST01712,31,Female,Delhi,8,Month-to-Month,DSL,687.62,,23.05,190,69,1,1,Debit Card,Smartphone,Postpaid,No,No
CUST01713,47,Female,Pune,0,Month-to-Month,Fiber Optic,895.06,895.06,45.05,493,22,3,1,Debit Card,Smartphone,Postpaid,No,Yes
CUST01714,67,Male,Mumbai,27,Two Year,No Internet,413.36,10416.24,1.38,520,17,3,1,Net Banking,Smartphone,Postpaid,Yes,No
CUST01715,21,Female,Hyderabad,18,One Year,Fiber Optic,865.95,,63.1,329,83,3,1,Cash,Smartphone,Prepaid,No,No
CUST01716,35,Female,Jaipur,0,Month-to-Month,DSL,690.72,690.72,16.16,223,63,4,2,Debit Card,Router Only,Prepaid,Yes,Yes
CUST01717,54,Male,Mumbai,2,Month-to-Month,DSL,528.96,1049.2,21.05,273,65,2,1,Net Banking,Smartphone,Prepaid,Yes,No
CUST01718,42,Male,Delhi,24,One Year,DSL,628.32,15560.66,37.74,478,49,0,0,UPI,Smartphone,Postpaid,Yes,No
CUST01719,65,Female,Pune,63,Two Year,DSL,536.02,34748.23,34.66,366,44,2,1,UPI,Smartphone,Prepaid,Yes,No
CUST01720,18,Male,Kolkata,33,One Year,No Internet,546.48,18772.94,0.5,275,3,1,0,Cash,Router Only,Postpaid,No,No
CUST01721,63,Female,Lucknow,6,Month-to-Month,No Internet,157.52,853.88,0.5,142,36,0,0,Debit Card,Smartphone,Prepaid,Yes,No
CUST01722,32,Female,Delhi,25,Two Year,No Internet,385.45,9483.97,0.5,440,5,1,0,Net Banking,Smartphone,Postpaid,Yes,No
CUST01723,26,Male,Bangalore,15,One Year,Fiber Optic,909.0,14146.75,49.86,314,36,1,1,UPI,Smartphone,Postpaid,Yes,No
CUST01724,32,Male,Ahmedabad,8,Month-to-Month,No Internet,438.54,3631.27,0.5,451,5,1,0,UPI,Tablet,Postpaid,Yes,Yes
CUST01725,66,Male,Kolkata,23,One Year,DSL,357.3,7730.14,17.36,293,37,0,0,Debit Card,Smartphone,Prepaid,No,Yes
CUST01726,41,Male,Chennai,21,Month-to-Month,No Internet,233.74,4787.26,0.5,301,61,2,1,UPI,Smartphone,Prepaid,No,Yes
CUST01727,21,Female,Mumbai,36,One Year,No Internet,277.85,9146.28,0.5,87,54,0,0,Debit Card,Smartphone,Prepaid,No,No
CUST01728,29,Male,Mumbai,1,Month-to-Month,Fiber Optic,723.99,723.99,58.64,301,99,4,2,UPI,Smartphone,Prepaid,Yes,Yes
CUST01729,54,Female,Delhi,23,Month-to-Month,Fiber Optic,947.89,22865.32,46.8,596,45,2,1,UPI,Smartphone,Postpaid,No,Yes
CUST01730,54,Male,Jaipur,35,Month-to-Month,No Internet,371.52,12844.1,4.83,287,62,0,0,Credit Card,Router Only,Prepaid,No,No
CUST01731,60,Male,Delhi,10,Month-to-Month,Fiber Optic,658.63,6914.38,33.46,237,25,2,1,Debit Card,Tablet,Prepaid,Yes,Yes
CUST01732,23,Male,Chennai,1,Month-to-Month,DSL,748.48,748.48,38.82,289,66,1,0,UPI,Router Only,Postpaid,Yes,No
CUST01733,56,Male,Chennai,19,One Year,No Internet,203.87,4050.56,2.66,246,62,2,1,Credit Card,Smartphone,Prepaid,Yes,No
CUST01734,63,Male,Bangalore,2,Month-to-Month,Fiber Optic,742.6,1415.53,24.79,228,0,1,0,UPI,Smartphone,Prepaid,Yes,No
CUST01735,41,Male,Bangalore,19,One Year,No Internet,458.85,7954.77,11.1,301,16,1,0,Net Banking,Smartphone,Postpaid,No,No
CUST01736,28,Female,Pune,31,One Year,No Internet,529.94,15006.05,3.22,363,67,3,2,Credit Card,Smartphone,Postpaid,No,No
CUST01737,30,Female,Bangalore,16,One Year,Fiber Optic,1091.14,16613.03,47.42,386,62,2,1,Net Banking,Router Only,Postpaid,Yes,No
CUST01738,51,Male,Mumbai,20,Month-to-Month,DSL,640.27,12434.71,20.59,209,54,1,0,UPI,Router Only,Prepaid,Yes,Yes
CUST01739,42,Male,Bangalore,6,Month-to-Month,Fiber Optic,694.98,3806.23,33.56,150,33,2,1,Debit Card,Tablet,Prepaid,Yes,No
CUST01740,24,Male,Kolkata,0,Month-to-Month,DSL,618.7,618.7,26.29,320,62,4,1,Credit Card,Smartphone,Postpaid,No,Yes
CUST01741,69,Male,Lucknow,27,Two Year,DSL,512.55,13463.8,22.6,271,52,0,0,Cash,Feature Phone,Prepaid,No,No
CUST01742,21,Female,Chennai,2,Month-to-Month,No Internet,199.98,381.86,0.5,0,102,3,1,UPI,Smartphone,Prepaid,No,No
CUST01743,25,Male,Kolkata,16,One Year,Fiber Optic,1098.03,17185.97,57.36,403,22,1,0,Credit Card,Tablet,Postpaid,No,Yes
CUST01744,37,Male,Hyderabad,30,One Year,DSL,643.06,18773.46,28.03,270,73,3,1,UPI,Smartphone,Postpaid,Yes,No
CUST01745,46,Male,Chennai,8,Month-to-Month,DSL,739.47,5415.73,20.49,451,44,1,0,UPI,Smartphone,Postpaid,Yes,Yes
CUST01746,68,Male,Lucknow,13,One Year,Fiber Optic,978.91,11548.93,50.22,523,23,2,1,Net Banking,Smartphone,Postpaid,Yes,No
CUST01747,62,Male,Bangalore,15,Month-to-Month,No Internet,277.23,4165.89,15.79,154,26,2,1,Cash,Tablet,Prepaid,No,Yes
CUST01748,63,Female,Delhi,50,Two Year,No Internet,272.47,13257.67,4.05,493,46,1,0,Credit Card,Smartphone,Prepaid,No,No
CUST01749,27,Male,Lucknow,6,Month-to-Month,DSL,764.07,4142.83,45.56,159,9,0,0,Net Banking,Smartphone,Postpaid,Yes,No
CUST01750,60,Male,Kolkata,1,Month-to-Month,DSL,590.49,590.5,6.2,291,50,2,1,Cash,Router Only,Prepaid,Yes,Yes
CUST01751,51,Female,Bangalore,17,Month-to-Month,DSL,584.21,,,597,31,1,1,,Smartphone,Postpaid,Yes,No
CUST01752,43,Female,Lucknow,18,Two Year,DSL,491.51,9249.75,23.16,157,28,1,1,UPI,Smartphone,Prepaid,Yes,No
CUST01753,58,Female,Bangalore,39,Two Year,Fiber Optic,734.45,28486.12,45.57,424,27,2,1,UPI,Smartphone,Prepaid,No,No
CUST01754,66,Female,Bangalore,5,Month-to-Month,DSL,591.32,2782.91,15.54,513,9,3,1,Debit Card,Smartphone,Postpaid,No,Yes
CUST01755,20,Male,Chennai,0,Month-to-Month,DSL,618.83,618.83,29.0,319,78,2,1,UPI,Smartphone,Postpaid,No,Yes
CUST01756,23,Female,Mumbai,31,Month-to-Month,DSL,460.05,13814.05,17.13,135,70,0,0,Cash,Smartphone,Prepaid,Yes,No
CUST01757,22,Female,Pune,27,One Year,Fiber Optic,635.35,15676.69,60.45,256,69,3,1,Credit Card,Smartphone,Prepaid,No,No
CUST01758,22,Male,Delhi,0,Month-to-Month,Fiber Optic,795.87,795.87,61.4,224,59,1,0,UPI,Smartphone,Prepaid,Yes,Yes
CUST01759,64,Female,Delhi,9,One Year,DSL,688.15,5878.59,20.57,421,13,0,0,Cash,Smartphone,Postpaid,Yes,No
CUST01760,40,Female,Hyderabad,3,Month-to-Month,Fiber Optic,932.55,2866.14,43.8,315,11,2,1,Credit Card,Smartphone,Postpaid,Yes,Yes
CUST01761,66,Male,Hyderabad,25,One Year,Fiber Optic,1153.88,28969.37,35.8,296,1,1,0,UPI,Router Only,Postpaid,No,No
CUST01762,26,Male,Delhi,0,Month-to-Month,Fiber Optic,935.92,935.92,61.24,298,89,3,1,UPI,Router Only,Prepaid,Yes,Yes
CUST01763,52,Male,Lucknow,20,One Year,DSL,544.81,10588.68,4.45,156,71,1,0,Debit Card,Smartphone,Prepaid,No,No
CUST01764,37,Male,Chennai,18,One Year,No Internet,159.89,2899.69,0.5,179,44,0,0,Credit Card,Tablet,Prepaid,No,No
CUST01765,66,Male,Delhi,29,Month-to-Month,No Internet,397.36,10670.19,7.56,394,0,1,0,Credit Card,Feature Phone,Postpaid,No,Yes
CUST01766,59,Female,Mumbai,35,One Year,Fiber Optic,997.92,36511.21,24.75,354,65,2,1,UPI,Tablet,Postpaid,Yes,Yes
CUST01767,52,Female,Kolkata,45,One Year,Fiber Optic,909.8,37410.13,38.88,359,0,0,0,Debit Card,Smartphone,Postpaid,Yes,No
CUST01768,67,Male,Hyderabad,13,Month-to-Month,No Internet,527.16,7147.69,12.78,607,29,3,2,UPI,Smartphone,Postpaid,Yes,Yes
CUST01769,35,Female,Mumbai,10,Month-to-Month,No Internet,561.47,5067.29,11.66,239,49,2,1,Credit Card,Router Only,Postpaid,No,No
CUST01770,34,Male,Delhi,29,One Year,Fiber Optic,987.95,27863.18,62.28,388,19,2,1,Debit Card,Smartphone,Postpaid,No,Yes
CUST01771,41,Male,Bangalore,32,Two Year,No Internet,389.86,11767.21,5.23,485,11,1,0,Cash,Smartphone,Postpaid,Yes,No
CUST01772,20,Female,Bangalore,60,Two Year,Fiber Optic,801.02,50231.04,70.08,524,25,2,1,Debit Card,Smartphone,Postpaid,No,No
CUST01773,49,Female,Pune,20,One Year,DSL,801.13,16476.52,13.68,302,67,0,0,Debit Card,Router Only,Postpaid,Yes,Yes
CUST01774,52,Female,Jaipur,34,Month-to-Month,Fiber Optic,911.79,32097.82,33.85,351,34,1,0,Credit Card,Smartphone,Postpaid,No,No
CUST01775,55,Female,Mumbai,0,Month-to-Month,No Internet,354.8,354.8,3.79,253,0,5,2,Debit Card,Smartphone,Postpaid,No,Yes
CUST01776,30,Female,Ahmedabad,9,Month-to-Month,DSL,628.15,5177.74,30.73,284,37,1,0,Net Banking,Smartphone,Postpaid,Yes,No
CUST01777,64,Female,Jaipur,12,Month-to-Month,Fiber Optic,816.8,9184.82,40.13,332,2,1,1,UPI,Router Only,Prepaid,No,Yes
CUST01778,42,Male,Jaipur,9,Month-to-Month,DSL,588.17,5185.74,24.47,371,29,0,0,UPI,Feature Phone,Postpaid,No,Yes
CUST01779,26,Female,Lucknow,32,Month-to-Month,Fiber Optic,993.6,30470.79,71.03,495,43,2,1,UPI,Smartphone,Postpaid,No,Yes
CUST01780,21,Other,Ahmedabad,23,Two Year,Fiber Optic,981.12,21418.31,78.03,411,14,3,1,Credit Card,Smartphone,Postpaid,No,No
CUST01781,31,Female,Chennai,25,Two Year,Fiber Optic,814.16,19243.09,60.13,156,33,2,1,Debit Card,Smartphone,Prepaid,Yes,No
CUST01782,54,Male,Bangalore,4,Two Year,DSL,549.96,2057.13,21.27,309,41,0,0,UPI,Smartphone,Postpaid,Yes,No
CUST01783,51,Female,Hyderabad,6,Month-to-Month,Fiber Optic,1026.24,6038.54,39.56,436,14,2,1,UPI,Feature Phone,Postpaid,Yes,Yes
CUST01784,28,Female,Ahmedabad,37,Two Year,DSL,681.91,25312.26,14.32,331,58,0,0,UPI,Smartphone,Postpaid,No,No
CUST01785,58,Male,Mumbai,10,Month-to-Month,DSL,549.25,5512.62,8.03,510,39,0,0,Debit Card,Smartphone,Postpaid,Yes,No
CUST01786,20,Female,Delhi,9,Month-to-Month,DSL,697.64,5692.96,38.28,312,0,0,0,Credit Card,Smartphone,Postpaid,Yes,No
CUST01787,45,Male,Delhi,11,One Year,Fiber Optic,767.67,7634.07,55.66,276,48,1,0,Net Banking,Tablet,Prepaid,Yes,No
CUST01788,46,Male,Ahmedabad,10,Month-to-Month,Fiber Optic,831.98,7596.69,50.35,238,77,1,1,Debit Card,Smartphone,Prepaid,No,Yes
CUST01789,26,Female,Kolkata,36,Two Year,Fiber Optic,848.47,27571.73,54.86,405,70,0,0,UPI,Smartphone,Postpaid,No,No
CUST01790,20,Male,Hyderabad,0,Month-to-Month,Fiber Optic,767.18,767.18,59.21,316,70,1,0,Debit Card,Smartphone,Prepaid,No,Yes
CUST01791,42,Male,Mumbai,13,Month-to-Month,DSL,502.64,,,319,0,4,1,Cash,Smartphone,Postpaid,Yes,Yes
CUST01792,51,Female,Pune,13,Month-to-Month,No Internet,243.01,3049.65,11.84,278,93,2,1,Cash,Tablet,Prepaid,No,Yes
CUST01793,29,Female,Delhi,29,Two Year,Fiber Optic,932.76,25712.01,63.15,55,68,2,1,UPI,Router Only,Prepaid,No,No
CUST01794,59,Male,Chennai,22,Month-to-Month,DSL,454.21,9081.21,25.53,361,41,2,1,UPI,Smartphone,Prepaid,Yes,No
CUST01795,26,Female,Bangalore,17,One Year,Fiber Optic,809.95,12567.25,74.32,134,80,1,0,Net Banking,Tablet,Prepaid,No,No
CUST01796,32,Female,Lucknow,3,One Year,Fiber Optic,721.45,2198.58,62.79,320,75,5,2,UPI,Smartphone,Prepaid,Yes,Yes
CUST01797,57,Female,Hyderabad,16,One Year,DSL,494.37,7978.48,19.89,241,40,0,0,Net Banking,Smartphone,Prepaid,Yes,Yes
CUST01798,42,Female,Hyderabad,5,Month-to-Month,DSL,683.23,3221.16,27.48,308,25,4,1,Debit Card,Router Only,Prepaid,No,Yes
CUST01799,22,Female,Pune,2,Month-to-Month,No Internet,388.36,714.18,5.63,330,43,0,0,Credit Card,Smartphone,Postpaid,No,Yes
CUST01800,28,Male,Hyderabad,13,One Year,DSL,556.8,6901.46,27.83,19,42,0,0,Cash,Smartphone,Prepaid,Yes,No
CUST01801,51,Male,Mumbai,33,Two Year,Fiber Optic,939.36,30149.47,35.21,192,39,2,1,Net Banking,Router Only,Prepaid,No,No
CUST01802,41,Female,Hyderabad,33,Two Year,DSL,705.52,22760.97,23.68,377,17,3,1,UPI,Smartphone,Postpaid,No,No
CUST01803,32,Female,Lucknow,11,Month-to-Month,No Internet,156.71,1557.79,4.69,146,39,0,0,Cash,Tablet,Prepaid,No,Yes
CUST01804,55,Male,Bangalore,0,Month-to-Month,DSL,699.28,699.28,36.14,548,43,2,1,Net Banking,Smartphone,Postpaid,Yes,Yes
CUST01805,25,Female,Pune,4,Month-to-Month,No Internet,485.57,1931.64,7.75,497,74,2,1,Credit Card,Smartphone,Postpaid,No,Yes
CUST01806,22,Female,Lucknow,30,One Year,Fiber Optic,1050.35,31398.38,66.17,294,28,2,1,UPI,Smartphone,Postpaid,No,No
CUST01807,65,Male,Ahmedabad,3,Month-to-Month,No Internet,196.52,586.0,4.41,308,38,1,1,UPI,Smartphone,Prepaid,No,Yes
CUST01808,43,Male,Pune,15,One Year,Fiber Optic,953.42,14923.74,47.6,253,19,1,0,Net Banking,Feature Phone,Postpaid,Yes,No
CUST01809,35,Male,Pune,50,Two Year,DSL,419.81,21126.27,28.51,198,22,1,0,Debit Card,Smartphone,Prepaid,No,No
CUST01810,23,Female,Jaipur,3,Month-to-Month,DSL,468.71,1332.36,28.41,274,54,2,1,Credit Card,Feature Phone,Prepaid,No,Yes
CUST01811,54,Male,Lucknow,0,Month-to-Month,Fiber Optic,877.14,877.14,39.34,365,0,4,1,Credit Card,Smartphone,Postpaid,Yes,Yes
CUST01812,65,Male,Lucknow,32,Two Year,No Internet,462.32,14272.83,9.27,427,0,2,1,Credit Card,Tablet,Postpaid,No,No
CUST01813,30,Female,Chennai,6,Month-to-Month,Fiber Optic,960.36,5238.16,70.62,0,64,0,0,Debit Card,Router Only,Prepaid,Yes,No
CUST01814,45,Female,Bangalore,0,Month-to-Month,Fiber Optic,835.11,835.11,46.82,187,49,1,0,Debit Card,Smartphone,Prepaid,Yes,Yes
CUST01815,22,Male,Delhi,0,Month-to-Month,No Internet,362.5,362.5,7.19,0,4,1,1,UPI,Router Only,Prepaid,Yes,No
CUST01816,30,Male,Bangalore,6,Month-to-Month,Fiber Optic,816.33,5091.69,66.58,50,62,3,2,Credit Card,Smartphone,Prepaid,Yes,No
CUST01817,34,Female,Lucknow,20,One Year,Fiber Optic,940.2,17887.61,49.76,538,0,3,1,UPI,Smartphone,Postpaid,Yes,No
CUST01818,67,Female,Jaipur,8,Month-to-Month,DSL,687.57,4987.65,29.66,410,17,1,1,UPI,Smartphone,Postpaid,No,Yes
CUST01819,57,Female,Hyderabad,5,Month-to-Month,DSL,565.58,2946.72,8.52,373,52,5,2,UPI,Smartphone,Prepaid,Yes,No
CUST01820,62,Female,Hyderabad,23,One Year,No Internet,295.5,6965.45,0.5,245,0,0,0,Debit Card,Smartphone,Prepaid,Yes,No
CUST01821,49,Male,Mumbai,26,Month-to-Month,DSL,674.3,18354.08,29.43,191,54,1,0,Debit Card,Router Only,Prepaid,No,No
CUST01822,46,Male,Bangalore,0,Month-to-Month,No Internet,560.91,560.91,6.56,460,61,5,1,UPI,Tablet,Postpaid,Yes,Yes
CUST01823,68,Male,Pune,28,One Year,No Internet,440.87,11149.21,0.5,506,0,1,0,UPI,Smartphone,Postpaid,No,No
CUST01824,20,Male,Bangalore,16,Two Year,DSL,433.19,7226.75,45.5,66,70,1,0,Credit Card,Feature Phone,Prepaid,No,No
CUST01825,57,Female,Mumbai,3,Month-to-Month,Fiber Optic,887.09,2691.47,48.15,349,8,2,1,Debit Card,Smartphone,Postpaid,Yes,Yes
CUST01826,51,Male,Hyderabad,2,Month-to-Month,DSL,432.3,889.29,7.76,162,73,0,0,Net Banking,Smartphone,Prepaid,Yes,Yes
CUST01827,57,Male,Mumbai,8,One Year,Fiber Optic,786.79,5668.62,42.25,365,34,5,3,UPI,Smartphone,Prepaid,Yes,No
CUST01828,44,Other,Lucknow,0,One Year,Fiber Optic,942.41,942.41,37.34,515,25,2,1,Cash,Smartphone,Postpaid,No,Yes
CUST01829,30,Male,Bangalore,4,Month-to-Month,DSL,650.15,2618.03,38.36,426,0,3,1,Net Banking,Smartphone,Postpaid,Yes,Yes
CUST01830,62,Male,Jaipur,20,Month-to-Month,No Internet,400.09,,,456,0,3,2,,Smartphone,Postpaid,No,Yes
CUST01831,50,Male,Mumbai,29,Month-to-Month,Fiber Optic,968.94,27284.79,44.15,382,22,1,0,Net Banking,Feature Phone,Postpaid,Yes,No
CUST01832,23,Female,Mumbai,21,One Year,Fiber Optic,809.43,15636.97,63.81,205,34,3,1,Debit Card,Tablet,Prepaid,Yes,Yes
CUST01833,41,Female,Chennai,3,Month-to-Month,DSL,584.59,1599.44,17.98,262,85,1,0,Credit Card,Smartphone,Prepaid,No,Yes
CUST01834,36,Male,Kolkata,35,Two Year,Fiber Optic,879.5,31446.71,55.14,161,36,1,0,Net Banking,Smartphone,Prepaid,Yes,No
CUST01835,33,Female,Chennai,15,One Year,Fiber Optic,786.42,12071.47,48.8,149,66,1,1,Debit Card,Smartphone,Prepaid,Yes,No
CUST01836,57,Female,Mumbai,15,One Year,DSL,515.73,7229.53,26.77,286,0,0,0,Credit Card,Smartphone,Prepaid,Yes,No
CUST01837,45,Female,Delhi,36,Two Year,Fiber Optic,904.38,33291.12,35.99,298,0,2,1,Cash,Smartphone,Prepaid,Yes,No
CUST01838,50,Female,Chennai,8,Month-to-Month,Fiber Optic,915.69,6993.05,34.92,325,22,2,1,Credit Card,Smartphone,Postpaid,Yes,No
CUST01839,65,Female,Delhi,42,Month-to-Month,No Internet,195.91,7762.05,5.53,372,39,3,1,Debit Card,Tablet,Prepaid,No,No
CUST01840,58,Female,Bangalore,6,Month-to-Month,DSL,603.74,3690.64,18.62,425,38,1,0,Credit Card,Smartphone,Postpaid,No,Yes
CUST01841,30,Male,Pune,32,Month-to-Month,Fiber Optic,866.86,27905.99,63.61,313,52,3,1,UPI,Smartphone,Postpaid,Yes,No
CUST01842,60,Male,Delhi,26,Month-to-Month,DSL,463.58,11996.06,19.08,325,51,3,2,Debit Card,Smartphone,Prepaid,Yes,Yes
CUST01843,62,Male,Delhi,8,Month-to-Month,Fiber Optic,700.76,5714.43,51.24,302,32,3,2,Net Banking,Smartphone,Prepaid,No,No
CUST01844,42,Female,Delhi,24,Two Year,No Internet,301.15,7440.63,7.53,52,29,5,2,Cash,Router Only,Prepaid,No,No
CUST01845,59,Female,Lucknow,28,One Year,Fiber Optic,1038.34,30303.16,45.12,572,25,4,2,UPI,Tablet,Postpaid,Yes,No
CUST01846,53,Female,Bangalore,40,Two Year,No Internet,151.13,6006.08,0.88,227,38,1,0,Debit Card,Smartphone,Prepaid,Yes,No
CUST01847,44,Male,Jaipur,30,Month-to-Month,No Internet,244.61,6704.58,0.5,244,21,2,1,Net Banking,Feature Phone,Prepaid,No,No
CUST01848,55,Female,Mumbai,15,One Year,DSL,450.1,6434.68,15.94,310,34,1,1,UPI,Feature Phone,Prepaid,Yes,No
CUST01849,24,Female,Kolkata,53,Month-to-Month,Fiber Optic,804.95,39238.61,62.88,159,53,6,3,UPI,Feature Phone,Prepaid,Yes,Yes
CUST01850,22,Female,Mumbai,9,Month-to-Month,No Internet,393.9,3255.24,3.31,238,17,0,0,Credit Card,Smartphone,Postpaid,Yes,No
CUST01851,60,Female,Hyderabad,5,One Year,Fiber Optic,937.26,4912.97,30.35,333,47,8,3,Credit Card,Router Only,Prepaid,No,Yes
CUST01852,62,Female,Ahmedabad,10,Month-to-Month,Fiber Optic,810.62,7520.35,26.52,292,55,1,0,UPI,Tablet,Prepaid,Yes,Yes
CUST01853,68,Female,Kolkata,23,One Year,Fiber Optic,864.66,20099.69,30.96,581,0,1,0,UPI,Smartphone,Postpaid,Yes,No
CUST01854,48,Female,Kolkata,25,Month-to-Month,DSL,652.65,16598.05,26.31,297,47,2,1,Credit Card,Smartphone,Postpaid,No,No
CUST01855,40,Female,Ahmedabad,11,Month-to-Month,Fiber Optic,675.65,7236.75,52.29,217,76,2,1,Credit Card,Smartphone,Prepaid,Yes,Yes
CUST01856,59,Male,Mumbai,72,Month-to-Month,No Internet,283.17,18363.52,1.81,416,12,0,0,Credit Card,Smartphone,Postpaid,No,No
CUST01857,27,Male,Hyderabad,59,Two Year,Fiber Optic,967.65,57614.12,67.27,404,92,2,1,Credit Card,Router Only,Prepaid,No,No
CUST01858,49,Female,Hyderabad,6,Month-to-Month,No Internet,427.01,2671.74,0.5,323,46,0,0,Credit Card,Smartphone,Postpaid,No,Yes
CUST01859,60,Male,Jaipur,41,One Year,Fiber Optic,756.37,31490.64,44.67,265,46,1,0,UPI,Smartphone,Prepaid,No,No
CUST01860,47,Female,Mumbai,0,Month-to-Month,Fiber Optic,789.39,789.39,54.16,259,22,3,1,Net Banking,Smartphone,Prepaid,No,Yes
CUST01861,56,Male,Jaipur,20,Month-to-Month,Fiber Optic,1004.31,19847.77,32.42,477,47,2,1,UPI,Smartphone,Postpaid,Yes,No
CUST01862,48,Female,Bangalore,13,One Year,No Internet,251.01,3014.36,0.5,79,62,2,1,UPI,Smartphone,Prepaid,No,Yes
CUST01863,35,Male,Pune,10,Month-to-Month,Fiber Optic,751.01,7754.35,49.93,213,87,3,2,Debit Card,Smartphone,Prepaid,Yes,Yes
CUST01864,53,Male,Mumbai,0,Month-to-Month,DSL,596.44,596.44,6.72,414,42,1,0,Credit Card,Tablet,Postpaid,No,Yes
CUST01865,19,Female,Bangalore,0,Month-to-Month,Fiber Optic,698.47,698.47,67.68,156,84,0,0,UPI,Tablet,Prepaid,No,Yes
CUST01866,31,Male,Pune,19,Two Year,No Internet,306.38,5326.8,0.5,311,77,2,1,Debit Card,Router Only,Prepaid,No,No
CUST01867,30,Male,Hyderabad,1,Month-to-Month,Fiber Optic,722.03,722.03,59.26,151,41,2,1,Cash,Smartphone,Prepaid,No,Yes
CUST01868,46,Male,Jaipur,18,Month-to-Month,Fiber Optic,1090.39,19919.99,43.92,421,66,0,0,Credit Card,Router Only,Postpaid,No,Yes
CUST01869,29,Female,Pune,2,Month-to-Month,DSL,520.2,1085.43,34.76,141,52,2,1,Net Banking,Feature Phone,Prepaid,No,Yes
CUST01870,56,Male,Chennai,10,Month-to-Month,Fiber Optic,730.01,6825.69,31.47,261,20,0,0,Debit Card,Tablet,Prepaid,No,No
CUST01871,19,Female,Jaipur,2,Month-to-Month,DSL,594.54,1125.41,38.83,328,32,2,1,Net Banking,Feature Phone,Postpaid,Yes,No
CUST01872,49,Female,Pune,4,Month-to-Month,Fiber Optic,878.16,3585.78,39.75,304,35,2,1,UPI,Router Only,Prepaid,No,Yes
CUST01873,30,Female,Chennai,0,Month-to-Month,DSL,614.5,614.5,35.06,201,70,2,1,Net Banking,Smartphone,Postpaid,Yes,Yes
CUST01874,63,Female,Mumbai,6,Month-to-Month,Fiber Optic,1017.27,5606.36,38.25,635,7,3,1,UPI,Tablet,Postpaid,No,Yes
CUST01875,44,Female,Bangalore,40,Two Year,Fiber Optic,926.03,38396.11,52.52,214,53,4,1,Debit Card,Smartphone,Prepaid,No,No
CUST01876,66,Male,Pune,25,Month-to-Month,DSL,436.69,10208.8,19.88,108,0,2,1,Cash,Smartphone,Prepaid,Yes,Yes
CUST01877,58,Female,Jaipur,29,Month-to-Month,Fiber Optic,1009.97,29734.4,33.72,607,0,2,1,Debit Card,Smartphone,Postpaid,Yes,No
CUST01878,34,Male,Mumbai,37,Month-to-Month,DSL,632.68,23354.7,31.44,378,57,3,1,Net Banking,Smartphone,Postpaid,No,No
CUST01879,57,Female,Mumbai,1,Month-to-Month,DSL,646.47,646.47,19.89,455,0,2,1,Credit Card,Smartphone,Postpaid,Yes,Yes
CUST01880,48,Male,Chennai,11,One Year,No Internet,409.62,4114.31,5.1,296,32,0,0,Credit Card,Feature Phone,Postpaid,Yes,No
CUST01881,51,Female,Delhi,10,Month-to-Month,Fiber Optic,765.16,7910.88,31.52,85,35,4,1,UPI,Smartphone,Prepaid,Yes,Yes
CUST01882,41,Male,Pune,1,Month-to-Month,DSL,449.95,449.95,30.16,323,17,5,3,UPI,Feature Phone,Prepaid,No,Yes
CUST01883,62,Male,Pune,5,Month-to-Month,Fiber Optic,864.0,3961.37,38.06,348,83,2,1,UPI,Router Only,Prepaid,Yes,Yes
CUST01884,52,Female,Bangalore,3,Month-to-Month,Fiber Optic,963.58,2808.42,31.85,451,4,3,1,Credit Card,Tablet,Postpaid,Yes,Yes
CUST01885,65,Female,Jaipur,39,Two Year,DSL,668.14,23857.47,19.16,354,30,1,0,UPI,Smartphone,Postpaid,Yes,No
CUST01886,23,Male,Hyderabad,5,Month-to-Month,Fiber Optic,919.85,4397.12,65.31,112,52,6,2,Credit Card,Smartphone,Prepaid,Yes,Yes
CUST01887,36,Female,Chennai,7,Month-to-Month,DSL,492.62,3164.69,38.25,392,35,3,1,Cash,Smartphone,Prepaid,No,Yes
CUST01888,47,Female,Mumbai,3,Month-to-Month,DSL,616.5,1737.28,15.5,284,33,1,0,Debit Card,Smartphone,Postpaid,Yes,Yes
CUST01889,24,Other,Bangalore,37,One Year,DSL,620.11,23442.11,33.1,200,28,2,1,Debit Card,Smartphone,Postpaid,Yes,No
CUST01890,27,Female,Ahmedabad,48,Month-to-Month,Fiber Optic,1027.95,46129.0,63.55,368,67,2,1,Debit Card,Router Only,Postpaid,Yes,No
CUST01891,58,Male,Mumbai,4,Month-to-Month,Fiber Optic,790.96,3150.22,24.48,302,28,2,1,Cash,Feature Phone,Prepaid,Yes,Yes
CUST01892,49,Male,Bangalore,1,Month-to-Month,Fiber Optic,815.96,815.96,37.17,232,39,2,1,UPI,Feature Phone,Prepaid,No,Yes
CUST01893,51,Female,Mumbai,11,Month-to-Month,Fiber Optic,945.48,10321.5,39.91,254,40,3,1,UPI,Smartphone,Prepaid,No,No
CUST01894,45,Female,Delhi,19,Month-to-Month,Fiber Optic,791.23,15208.19,25.62,159,47,1,0,UPI,Smartphone,Prepaid,Yes,Yes
CUST01895,32,Male,Mumbai,49,Month-to-Month,Fiber Optic,815.82,36597.03,62.53,0,33,3,1,Cash,Router Only,Prepaid,Yes,No
CUST01896,47,Male,Mumbai,10,One Year,DSL,739.45,7595.37,20.96,355,0,0,0,Debit Card,Smartphone,Postpaid,Yes,No
CUST01897,54,Female,Jaipur,44,Two Year,Fiber Optic,826.91,37732.06,40.57,183,0,1,0,Credit Card,Smartphone,Prepaid,No,No
CUST01898,46,Male,Kolkata,6,One Year,DSL,399.88,2293.36,27.66,388,27,1,1,UPI,Smartphone,Prepaid,Yes,No
CUST01899,39,Male,Mumbai,0,Month-to-Month,No Internet,410.59,410.59,0.5,454,73,2,1,UPI,Smartphone,Postpaid,Yes,Yes
CUST01900,21,Male,Kolkata,12,One Year,Fiber Optic,807.64,8891.3,52.34,161,101,1,0,Credit Card,Smartphone,Prepaid,No,Yes
CUST01901,37,Male,Delhi,34,One Year,Fiber Optic,995.3,32615.68,30.19,246,31,0,0,UPI,Smartphone,Postpaid,Yes,No
CUST01902,49,Male,Hyderabad,31,Two Year,DSL,746.08,21374.59,28.0,62,30,1,1,UPI,Router Only,Prepaid,No,No
CUST01903,53,Female,Mumbai,32,One Year,Fiber Optic,798.66,26686.41,46.52,285,67,2,1,UPI,Feature Phone,Prepaid,No,No
CUST01904,67,Male,Delhi,19,One Year,DSL,626.84,12102.24,16.07,479,0,3,1,Cash,Feature Phone,Postpaid,Yes,No
CUST01905,21,Male,Jaipur,19,Month-to-Month,Fiber Optic,954.67,18011.77,75.38,312,26,1,0,UPI,Feature Phone,Postpaid,Yes,No
CUST01906,44,Male,Mumbai,17,Month-to-Month,Fiber Optic,1026.61,15893.4,53.0,514,29,4,1,UPI,Router Only,Postpaid,Yes,No
CUST01907,34,Male,Ahmedabad,6,Month-to-Month,Fiber Optic,866.46,4808.17,61.4,266,19,1,0,Credit Card,Tablet,Postpaid,Yes,Yes
CUST01908,29,Male,Bangalore,0,Month-to-Month,Fiber Optic,991.5,,,427,34,3,1,,Smartphone,Postpaid,No,Yes
CUST01909,39,Male,Delhi,29,Month-to-Month,Fiber Optic,817.66,22151.04,44.0,373,33,2,1,Credit Card,Smartphone,Postpaid,Yes,Yes
CUST01910,34,Female,Pune,14,Month-to-Month,Fiber Optic,817.76,,,165,70,2,1,,Router Only,Prepaid,No,No
CUST01911,27,Male,Chennai,9,One Year,Fiber Optic,713.42,6711.4,55.43,159,69,2,1,Debit Card,Feature Phone,Prepaid,No,No
CUST01912,18,Male,Bangalore,64,Two Year,DSL,646.99,42245.62,38.13,321,26,1,0,Debit Card,Smartphone,Postpaid,No,No
CUST01913,39,Male,Mumbai,2,Month-to-Month,Fiber Optic,763.36,1390.08,45.95,220,8,3,1,Debit Card,Smartphone,Prepaid,Yes,Yes
CUST01914,43,Female,Delhi,3,Month-to-Month,No Internet,551.62,1503.29,11.93,330,45,4,2,Cash,Router Only,Postpaid,No,Yes
CUST01915,35,Female,Lucknow,57,Two Year,Fiber Optic,1118.46,57815.32,51.52,467,30,2,1,Cash,Router Only,Postpaid,No,No
CUST01916,67,Male,Hyderabad,29,Two Year,Fiber Optic,869.12,25404.21,48.18,579,30,1,0,Cash,Smartphone,Postpaid,Yes,No
CUST01917,31,Female,Delhi,3,Month-to-Month,Fiber Optic,970.73,2845.35,63.86,310,37,4,2,UPI,Router Only,Postpaid,Yes,Yes
CUST01918,64,Male,Ahmedabad,16,Month-to-Month,DSL,560.53,8270.72,37.87,432,0,2,1,Credit Card,Smartphone,Postpaid,Yes,No
CUST01919,46,Female,Mumbai,2,Month-to-Month,DSL,724.27,1507.85,7.44,300,19,1,0,Debit Card,Smartphone,Postpaid,Yes,Yes
CUST01920,29,Male,Mumbai,20,Month-to-Month,Fiber Optic,805.56,14985.37,61.65,376,44,1,0,Debit Card,Smartphone,Prepaid,Yes,Yes
CUST01921,53,Female,Mumbai,36,Two Year,Fiber Optic,846.96,30743.06,42.86,353,50,0,0,UPI,Router Only,Prepaid,Yes,No
CUST01922,52,Female,Chennai,31,One Year,No Internet,438.85,14281.5,0.5,353,9,3,1,UPI,Smartphone,Postpaid,Yes,No
CUST01923,69,Male,Delhi,14,Month-to-Month,No Internet,358.56,5263.71,13.47,620,0,0,0,UPI,Smartphone,Postpaid,No,No
CUST01924,29,Female,Hyderabad,41,Two Year,Fiber Optic,822.01,33463.14,48.24,63,106,2,1,Credit Card,Smartphone,Prepaid,Yes,No
CUST01925,24,Female,Jaipur,20,One Year,DSL,473.43,8739.19,25.82,147,54,3,1,Net Banking,Smartphone,Prepaid,Yes,No
CUST01926,46,Male,Mumbai,36,Two Year,Fiber Optic,724.81,27369.68,48.88,223,57,3,1,Cash,Smartphone,Prepaid,Yes,No
CUST01927,28,Male,Bangalore,0,Two Year,Fiber Optic,850.97,850.97,42.1,149,94,0,0,UPI,Smartphone,Prepaid,No,No
CUST01928,50,Male,Bangalore,4,Month-to-Month,DSL,627.19,2569.07,15.97,318,13,2,1,Net Banking,Smartphone,Postpaid,Yes,No
CUST01929,23,Female,Chennai,3,Month-to-Month,DSL,555.63,1745.57,40.52,221,61,2,1,UPI,Smartphone,Prepaid,No,Yes
CUST01930,64,Female,Jaipur,3,Month-to-Month,Fiber Optic,1157.12,3230.03,28.71,593,0,2,1,Credit Card,Router Only,Postpaid,No,Yes
CUST01931,32,Male,Bangalore,22,Two Year,No Internet,444.18,9267.04,11.06,313,70,2,1,Cash,Smartphone,Postpaid,Yes,No
CUST01932,49,Female,Delhi,36,Two Year,DSL,709.94,23944.87,26.0,200,40,1,0,Credit Card,Tablet,Postpaid,Yes,No
CUST01933,68,Female,Bangalore,6,One Year,Fiber Optic,994.17,6255.18,26.28,356,49,1,0,Credit Card,Feature Phone,Postpaid,No,No
CUST01934,28,Female,Mumbai,7,Month-to-Month,Fiber Optic,769.24,5374.82,49.2,211,66,2,1,Credit Card,Smartphone,Prepaid,Yes,Yes
CUST01935,40,Female,Pune,7,Month-to-Month,DSL,694.29,4600.44,23.31,296,44,2,1,UPI,Smartphone,Postpaid,Yes,No
CUST01936,43,Female,Delhi,7,One Year,Fiber Optic,796.79,5329.62,46.88,143,62,2,1,UPI,Smartphone,Prepaid,Yes,No
CUST01937,51,Male,Mumbai,13,One Year,DSL,643.86,8103.26,22.98,406,25,0,0,Credit Card,Router Only,Postpaid,Yes,No
CUST01938,63,Male,Hyderabad,32,Month-to-Month,Fiber Optic,829.31,25630.12,27.37,279,47,2,1,Cash,Smartphone,Prepaid,No,Yes
CUST01939,51,Female,Mumbai,0,Month-to-Month,Fiber Optic,991.75,991.75,42.83,279,12,4,1,Cash,Smartphone,Postpaid,Yes,Yes
CUST01940,46,Male,Hyderabad,8,One Year,No Internet,314.46,2587.31,10.85,267,22,1,0,Debit Card,Router Only,Prepaid,Yes,No
CUST01941,21,Female,Delhi,25,Two Year,No Internet,250.64,6365.37,2.78,130,55,2,1,UPI,Router Only,Prepaid,No,No
CUST01942,34,Male,Lucknow,5,Month-to-Month,DSL,594.82,3084.27,45.35,208,32,1,0,Net Banking,Smartphone,Prepaid,Yes,No
CUST01943,52,Male,Mumbai,1,Month-to-Month,DSL,517.69,517.69,12.94,292,11,3,1,Debit Card,Feature Phone,Prepaid,Yes,No
CUST01944,30,Female,Jaipur,11,One Year,DSL,712.48,7843.52,29.95,246,51,0,0,Debit Card,Smartphone,Postpaid,No,No
CUST01945,58,Female,Mumbai,29,Two Year,DSL,627.37,18432.01,16.16,290,0,0,0,Debit Card,Smartphone,Postpaid,Yes,No
CUST01946,56,Male,Kolkata,16,Month-to-Month,Fiber Optic,939.75,14872.77,28.89,482,9,1,1,Net Banking,Smartphone,Postpaid,No,Yes
CUST01947,32,Female,Mumbai,3,Month-to-Month,Fiber Optic,887.16,2676.44,74.68,258,36,3,2,UPI,Smartphone,Postpaid,Yes,Yes
CUST01948,46,Female,Pune,16,Month-to-Month,DSL,751.11,11778.69,20.57,434,50,2,1,UPI,Feature Phone,Postpaid,Yes,No
CUST01949,46,Female,Mumbai,49,Month-to-Month,Fiber Optic,970.61,45653.52,39.46,187,39,1,0,UPI,Smartphone,Prepaid,No,No
CUST01950,28,Male,Hyderabad,9,Month-to-Month,Fiber Optic,940.61,8867.03,51.81,409,67,2,1,Debit Card,Smartphone,Postpaid,No,Yes
CUST01951,69,Female,Pune,26,One Year,DSL,661.74,16717.14,26.19,526,20,0,0,Credit Card,Feature Phone,Postpaid,Yes,No
CUST01952,49,Female,Chennai,5,Month-to-Month,Fiber Optic,892.02,4574.66,51.96,243,51,0,0,Credit Card,Smartphone,Prepaid,Yes,No
CUST01953,19,Male,Chennai,7,One Year,Fiber Optic,682.7,4729.7,75.47,294,74,2,1,Credit Card,Feature Phone,Prepaid,No,Yes
CUST01954,64,Female,Delhi,1,Month-to-Month,Fiber Optic,1110.35,1110.35,34.08,494,0,1,0,Credit Card,Smartphone,Postpaid,No,Yes
CUST01955,31,Female,Mumbai,23,Month-to-Month,Fiber Optic,914.82,19293.11,57.17,132,93,2,1,Debit Card,Smartphone,Prepaid,No,Yes
CUST01956,37,Female,Chennai,6,Month-to-Month,No Internet,180.88,1125.71,5.52,337,93,1,0,UPI,Smartphone,Prepaid,Yes,Yes
CUST01957,39,Female,Delhi,17,Month-to-Month,DSL,438.25,7082.16,14.17,191,88,3,2,Credit Card,Smartphone,Prepaid,Yes,No
CUST01958,28,Male,Mumbai,4,Month-to-Month,No Internet,160.59,606.58,0.5,119,68,1,0,UPI,Smartphone,Prepaid,No,Yes
CUST01959,44,Male,Mumbai,16,Two Year,DSL,565.03,9149.71,38.84,384,28,1,0,Debit Card,Smartphone,Postpaid,Yes,No
CUST01960,20,Female,Mumbai,6,Month-to-Month,DSL,686.96,4108.97,41.51,276,31,1,1,UPI,Smartphone,Postpaid,Yes,No
CUST01961,34,Female,Hyderabad,30,Month-to-Month,DSL,448.26,13435.74,22.23,57,66,0,0,Net Banking,Smartphone,Prepaid,Yes,Yes
CUST01962,61,Female,Chennai,3,One Year,Fiber Optic,970.64,,,492,0,4,2,,Smartphone,Postpaid,Yes,Yes
CUST01963,45,Female,Jaipur,24,Two Year,DSL,578.07,13002.63,28.05,297,72,2,1,Debit Card,Smartphone,Prepaid,No,No
CUST01964,46,Male,Bangalore,5,Month-to-Month,DSL,703.41,3426.93,37.6,401,0,2,1,Net Banking,Smartphone,Postpaid,Yes,Yes
CUST01965,38,Male,Jaipur,31,Month-to-Month,No Internet,309.46,9884.11,2.73,284,67,1,0,UPI,Smartphone,Prepaid,No,No
CUST01966,64,Male,Pune,32,One Year,No Internet,293.0,9036.68,2.45,367,82,0,0,Credit Card,Smartphone,Prepaid,Yes,No
CUST01967,33,Male,Jaipur,4,Month-to-Month,Fiber Optic,866.2,3192.02,67.5,283,84,1,0,Net Banking,Smartphone,Prepaid,Yes,Yes
CUST01968,54,Female,Ahmedabad,19,One Year,Fiber Optic,802.11,14631.21,33.89,203,66,2,1,Debit Card,Feature Phone,Prepaid,No,No
CUST01969,37,Male,Pune,53,Month-to-Month,DSL,463.58,23187.44,27.34,238,67,0,0,Debit Card,Feature Phone,Prepaid,No,No
CUST01970,23,Female,Bangalore,20,Two Year,Fiber Optic,868.09,18215.8,65.83,276,56,2,1,Debit Card,Smartphone,Postpaid,Yes,No
CUST01971,36,Male,Mumbai,7,Month-to-Month,Fiber Optic,951.33,6368.83,42.63,88,9,0,0,UPI,Router Only,Prepaid,No,Yes
CUST01972,22,Female,Mumbai,38,Two Year,Fiber Optic,959.11,36166.92,70.35,0,70,0,0,UPI,Router Only,Prepaid,Yes,No
CUST01973,20,Female,Lucknow,16,Month-to-Month,Fiber Optic,903.32,14253.81,55.46,462,56,1,0,Net Banking,Smartphone,Postpaid,Yes,No
CUST01974,18,Male,Lucknow,57,Two Year,Fiber Optic,922.35,48657.86,63.99,309,0,1,0,Cash,Smartphone,Postpaid,No,No
CUST01975,55,Male,Pune,5,Month-to-Month,DSL,646.11,2970.55,0.5,325,18,3,1,Debit Card,Smartphone,Postpaid,Yes,Yes
CUST01976,32,Male,Jaipur,7,Month-to-Month,No Internet,386.73,2443.57,2.59,249,34,3,1,Cash,Tablet,Postpaid,No,Yes
CUST01977,51,Female,Jaipur,5,Month-to-Month,Fiber Optic,888.6,4090.28,49.67,256,49,4,1,UPI,Smartphone,Postpaid,Yes,Yes
CUST01978,52,Male,Hyderabad,72,Two Year,Fiber Optic,1045.34,75941.96,40.62,430,5,3,2,Debit Card,Smartphone,Postpaid,Yes,Yes
CUST01979,66,Female,Chennai,5,Month-to-Month,DSL,719.18,3577.55,6.84,636,0,1,0,Net Banking,Router Only,Postpaid,No,Yes
CUST01980,42,Female,Bangalore,10,Month-to-Month,Fiber Optic,827.92,7804.02,58.51,166,43,2,1,UPI,Smartphone,Prepaid,Yes,Yes
CUST01981,41,Female,Bangalore,0,Month-to-Month,No Internet,367.11,367.11,0.5,324,37,2,1,UPI,Feature Phone,Postpaid,No,Yes
CUST01982,29,Male,Delhi,9,Two Year,Fiber Optic,903.92,7360.09,54.41,214,60,2,1,Credit Card,Tablet,Postpaid,Yes,No
CUST01983,35,Female,Bangalore,8,Month-to-Month,No Internet,379.78,2863.43,14.6,417,26,1,0,UPI,Tablet,Postpaid,Yes,Yes
CUST01984,32,Male,Pune,51,Month-to-Month,Fiber Optic,740.5,35894.19,57.25,215,32,0,0,Credit Card,Smartphone,Prepaid,Yes,No
CUST01985,61,Male,Bangalore,34,Two Year,No Internet,305.06,10680.76,11.56,430,27,2,1,Debit Card,Smartphone,Postpaid,No,No
CUST01986,33,Female,Ahmedabad,46,Two Year,DSL,635.88,26385.31,27.46,395,4,1,0,Cash,Feature Phone,Postpaid,No,No
CUST01987,44,Female,Bangalore,6,Month-to-Month,No Internet,269.12,1517.17,11.48,95,2,1,0,Credit Card,Smartphone,Prepaid,No,Yes
CUST01988,25,Male,Delhi,43,Two Year,DSL,681.83,30577.62,31.04,156,31,0,0,Debit Card,Smartphone,Postpaid,Yes,No
CUST01989,63,Male,Kolkata,17,Month-to-Month,DSL,645.56,11279.48,16.77,329,31,2,1,Cash,Smartphone,Postpaid,Yes,Yes
CUST01990,42,Male,Pune,8,Month-to-Month,DSL,572.51,4727.88,37.01,128,53,1,0,Debit Card,Router Only,Prepaid,No,Yes
CUST01991,34,Female,Mumbai,19,Two Year,DSL,620.65,10618.15,31.98,209,68,0,0,Debit Card,Router Only,Prepaid,Yes,No
CUST01992,46,Male,Hyderabad,42,One Year,No Internet,342.57,13730.97,0.5,329,20,0,0,UPI,Tablet,Postpaid,Yes,No
CUST01993,25,Female,Bangalore,1,Month-to-Month,Fiber Optic,982.34,982.34,56.4,305,83,5,3,Credit Card,Router Only,Prepaid,Yes,Yes
CUST01994,32,Female,Jaipur,41,Month-to-Month,Fiber Optic,947.18,35578.56,70.3,496,72,2,1,Cash,Smartphone,Postpaid,No,Yes
CUST01995,44,Female,Chennai,17,Month-to-Month,Fiber Optic,856.54,13280.56,40.54,183,29,2,1,Debit Card,Smartphone,Prepaid,Yes,Yes
CUST01996,63,Male,Delhi,34,One Year,Fiber Optic,832.26,26983.6,39.16,275,43,1,0,Net Banking,Smartphone,Prepaid,No,No
CUST01997,67,Female,Hyderabad,66,Two Year,No Internet,390.17,26732.79,8.84,376,0,2,1,Debit Card,Feature Phone,Postpaid,Yes,No
CUST01998,69,Female,Ahmedabad,17,Month-to-Month,Fiber Optic,1059.4,17290.61,28.39,493,0,3,1,Debit Card,Router Only,Postpaid,No,Yes
CUST01999,24,Female,Pune,17,Two Year,DSL,429.65,7402.71,25.66,249,45,1,0,Credit Card,Smartphone,Prepaid,No,No
CUST02000,20,Male,Ahmedabad,0,Month-to-Month,DSL,666.0,666.0,33.83,394,39,4,2,Credit Card,Smartphone,Postpaid,No,Yes
CUST02001,46,Male,Mumbai,23,One Year,No Internet,202.01,4800.08,0.5,210,58,3,1,UPI,Smartphone,Prepaid,Yes,No
CUST02002,61,Male,Jaipur,6,Month-to-Month,DSL,604.75,3447.14,29.62,394,42,0,0,UPI,Feature Phone,Postpaid,No,Yes
CUST02003,41,Female,Kolkata,1,One Year,Fiber Optic,869.61,869.61,50.89,164,79,4,2,Net Banking,Smartphone,Prepaid,No,No
CUST02004,20,Female,Pune,10,Month-to-Month,No Internet,312.97,2880.98,0.5,297,71,1,0,Credit Card,Router Only,Prepaid,Yes,No
CUST02005,37,Female,Bangalore,51,Two Year,Fiber Optic,866.5,,,162,26,1,1,,Smartphone,Prepaid,No,No
CUST02006,63,Male,Jaipur,15,Month-to-Month,DSL,598.7,9171.86,19.22,526,31,0,0,Credit Card,Smartphone,Postpaid,No,No
CUST02007,32,Male,Chennai,23,Month-to-Month,Fiber Optic,857.17,19432.65,66.07,166,49,1,0,Debit Card,Smartphone,Prepaid,No,Yes
CUST02008,42,Male,Ahmedabad,51,Two Year,Fiber Optic,896.38,44885.63,39.04,221,32,5,2,Debit Card,Feature Phone,Postpaid,No,Yes
CUST02009,47,Male,Bangalore,31,Month-to-Month,No Internet,499.99,,,392,8,1,0,,Router Only,Postpaid,Yes,No
CUST02010,31,Male,Delhi,2,Month-to-Month,DSL,764.06,1416.03,24.13,219,19,2,1,Debit Card,Router Only,Postpaid,No,Yes
CUST02011,24,Female,Bangalore,16,Month-to-Month,Fiber Optic,975.8,14532.26,71.59,281,78,1,1,Net Banking,Feature Phone,Postpaid,No,Yes
CUST02012,34,Female,Bangalore,18,Two Year,DSL,500.86,9131.83,31.13,123,84,1,0,UPI,Smartphone,Prepaid,Yes,No
CUST02013,61,Female,Hyderabad,34,Month-to-Month,DSL,426.04,14548.15,29.55,289,0,0,0,Debit Card,Smartphone,Prepaid,Yes,No
CUST02014,37,Male,Hyderabad,15,Month-to-Month,Fiber Optic,799.97,11849.91,45.4,162,73,0,0,Credit Card,Router Only,Prepaid,No,No
CUST02015,53,Male,Hyderabad,1,Month-to-Month,DSL,645.0,645.0,19.26,341,1,1,0,UPI,Smartphone,Postpaid,Yes,No
CUST02016,26,Male,Ahmedabad,25,Two Year,DSL,764.83,17650.75,30.55,397,62,4,1,Cash,Smartphone,Postpaid,Yes,No
CUST02017,55,Female,Delhi,34,Month-to-Month,No Internet,370.67,11828.89,0.5,378,0,0,0,Credit Card,Feature Phone,Postpaid,No,No
CUST02018,65,Male,Mumbai,67,Month-to-Month,DSL,734.95,50454.48,3.43,467,0,2,1,Net Banking,Smartphone,Postpaid,No,No
CUST02019,39,Female,Jaipur,15,One Year,DSL,562.47,8507.47,34.18,225,51,1,0,UPI,Smartphone,Prepaid,Yes,No
CUST02020,19,Male,Chennai,7,Month-to-Month,Fiber Optic,843.39,6123.47,67.4,82,52,4,2,UPI,Smartphone,Prepaid,Yes,Yes
CUST02021,41,Female,Chennai,31,Month-to-Month,Fiber Optic,979.33,27478.46,61.08,377,57,2,1,Cash,Router Only,Postpaid,Yes,Yes
CUST02022,25,Female,Hyderabad,41,Two Year,Fiber Optic,932.41,39115.21,46.54,113,33,2,1,Cash,Router Only,Prepaid,No,No
CUST02023,28,Male,Hyderabad,11,Month-to-Month,No Internet,280.46,2787.67,1.7,167,95,1,0,Debit Card,Smartphone,Prepaid,No,No
CUST02024,30,Female,Mumbai,22,One Year,Fiber Optic,1050.1,23098.05,55.77,302,60,0,0,Net Banking,Router Only,Postpaid,No,No
CUST02025,34,Male,Hyderabad,37,Two Year,Fiber Optic,817.71,30179.27,50.56,233,32,2,1,UPI,Smartphone,Prepaid,No,No
CUST02026,25,Female,Lucknow,6,Month-to-Month,DSL,612.91,3457.51,29.75,382,39,1,0,Debit Card,Feature Phone,Postpaid,Yes,No
CUST02027,38,Male,Chennai,37,Month-to-Month,Fiber Optic,838.12,31392.76,53.02,53,80,3,1,UPI,Smartphone,Prepaid,Yes,Yes
CUST02028,35,Male,Delhi,43,Two Year,No Internet,313.39,12981.79,0.5,112,56,2,1,Cash,Tablet,Prepaid,No,No
CUST02029,47,Female,Kolkata,20,One Year,Fiber Optic,777.5,15472.36,44.62,158,65,2,1,UPI,Router Only,Prepaid,No,Yes
CUST02030,35,Female,Bangalore,8,Month-to-Month,DSL,653.55,5199.83,21.93,334,23,0,0,Cash,Smartphone,Postpaid,Yes,No
CUST02031,63,Male,Delhi,1,Month-to-Month,Fiber Optic,809.57,835.66,46.45,416,39,6,3,UPI,Router Only,Prepaid,Yes,Yes
CUST02032,64,Female,Ahmedabad,18,One Year,Fiber Optic,755.9,,38.06,133,35,5,1,UPI,Smartphone,Prepaid,Yes,No
CUST02033,48,Male,Mumbai,10,Month-to-Month,No Internet,269.45,2696.1,6.06,285,1,0,0,UPI,Tablet,Prepaid,Yes,No
CUST02034,55,Male,Jaipur,6,Month-to-Month,DSL,667.68,3963.88,6.93,503,13,1,0,UPI,Smartphone,Postpaid,No,Yes
CUST02035,49,Female,Bangalore,63,Two Year,Fiber Optic,1018.08,58688.76,46.34,354,23,0,0,UPI,Router Only,Postpaid,No,No
CUST02036,28,Male,Kolkata,1,Month-to-Month,Fiber Optic,1066.54,1066.54,67.23,361,59,3,1,UPI,Smartphone,Postpaid,Yes,No
CUST02037,62,Male,Hyderabad,29,Two Year,Fiber Optic,813.59,22860.6,43.95,338,27,1,0,UPI,Smartphone,Prepaid,Yes,No
CUST02038,42,Female,Mumbai,22,One Year,Fiber Optic,862.91,17798.44,35.42,167,31,2,1,Net Banking,Router Only,Prepaid,Yes,No
CUST02039,50,Male,Pune,25,Month-to-Month,DSL,670.02,15491.48,26.11,321,38,1,0,Debit Card,Tablet,Postpaid,Yes,No
CUST02040,55,Female,Lucknow,27,One Year,DSL,548.9,14475.8,22.18,612,19,1,0,Credit Card,Tablet,Postpaid,Yes,No
CUST02041,58,Male,Kolkata,5,Month-to-Month,Fiber Optic,823.35,4220.8,35.84,199,24,2,1,UPI,Tablet,Prepaid,No,No
CUST02042,25,Male,Chennai,5,Month-to-Month,Fiber Optic,931.07,4632.6,63.77,342,78,4,2,UPI,Smartphone,Postpaid,No,Yes
CUST02043,28,Male,Lucknow,32,Month-to-Month,DSL,828.95,26637.82,29.68,249,39,1,0,Credit Card,Router Only,Postpaid,Yes,Yes
CUST02044,39,Female,Mumbai,18,One Year,Fiber Optic,734.39,12177.58,46.44,300,44,3,1,UPI,Tablet,Prepaid,No,Yes
CUST02045,68,Female,Delhi,40,One Year,DSL,551.0,22472.64,8.17,124,14,1,0,Cash,Smartphone,Prepaid,No,No
CUST02046,41,Male,Delhi,30,Two Year,DSL,648.19,17824.89,15.26,367,21,4,1,Debit Card,Feature Phone,Postpaid,No,No
CUST02047,58,Male,Pune,61,Two Year,Fiber Optic,1098.49,63141.88,34.12,396,0,3,1,Net Banking,Router Only,Postpaid,Yes,No
CUST02048,34,Female,Ahmedabad,3,Month-to-Month,Fiber Optic,961.12,2974.31,55.66,187,59,5,1,Net Banking,Router Only,Prepaid,No,Yes
CUST02049,29,Male,Chennai,4,One Year,Fiber Optic,825.45,3428.16,76.6,340,42,1,0,Credit Card,Smartphone,Prepaid,No,Yes
CUST02050,63,Female,Jaipur,1,Month-to-Month,DSL,708.39,708.39,22.9,461,4,2,1,Net Banking,Feature Phone,Postpaid,No,Yes
CUST02051,49,Male,Pune,3,Month-to-Month,DSL,768.9,2132.12,20.34,236,25,3,1,UPI,Router Only,Postpaid,Yes,Yes
CUST02052,32,Female,Bangalore,4,Month-to-Month,DSL,609.89,2326.76,25.66,304,68,2,1,Cash,Smartphone,Postpaid,Yes,No
CUST02053,33,Male,Mumbai,0,One Year,No Internet,604.1,604.1,1.56,310,70,2,1,Credit Card,Router Only,Postpaid,No,No
CUST02054,39,Female,Jaipur,31,Month-to-Month,DSL,376.66,10769.91,27.36,352,35,0,0,Credit Card,Smartphone,Prepaid,No,Yes
CUST02055,45,Female,Delhi,10,Month-to-Month,DSL,577.61,5332.55,16.9,361,35,0,0,Debit Card,Smartphone,Postpaid,No,No
CUST02056,37,Male,Hyderabad,15,Month-to-Month,Fiber Optic,929.1,13683.11,53.85,333,43,1,0,Credit Card,Smartphone,Postpaid,Yes,Yes
CUST02057,50,Male,Mumbai,0,Month-to-Month,Fiber Optic,905.15,905.15,27.23,468,25,3,1,Debit Card,Smartphone,Postpaid,No,Yes
CUST02058,27,Female,Mumbai,40,Two Year,Fiber Optic,947.47,34608.91,62.22,615,42,2,1,Debit Card,Smartphone,Postpaid,No,No
CUST02059,57,Female,Chennai,25,Two Year,DSL,651.96,15659.46,9.59,233,65,1,0,Debit Card,Smartphone,Postpaid,Yes,No
CUST02060,49,Male,Mumbai,35,One Year,Fiber Optic,759.15,26831.55,29.76,191,34,5,3,UPI,Smartphone,Prepaid,Yes,Yes
CUST02061,67,Male,Jaipur,17,One Year,DSL,675.6,10925.13,21.64,370,0,1,0,Credit Card,Smartphone,Postpaid,Yes,No
CUST02062,50,Female,Bangalore,14,One Year,DSL,580.23,7606.02,16.86,359,25,0,0,UPI,Smartphone,Postpaid,Yes,No
CUST02063,19,Male,Pune,34,One Year,Fiber Optic,1080.63,33697.45,64.75,320,27,1,0,Debit Card,Router Only,Postpaid,No,No
CUST02064,50,Female,Pune,25,One Year,DSL,716.97,17381.13,10.61,591,6,1,0,Credit Card,Router Only,Postpaid,Yes,No
CUST02065,50,Male,Pune,71,Month-to-Month,Fiber Optic,938.15,69340.61,40.92,524,42,4,2,UPI,Smartphone,Postpaid,No,Yes
CUST02066,58,Female,Jaipur,5,Month-to-Month,DSL,430.54,2135.71,19.92,220,47,4,2,Credit Card,Tablet,Prepaid,Yes,Yes
CUST02067,30,Female,Mumbai,14,Month-to-Month,DSL,734.9,9362.45,39.69,309,44,0,0,Debit Card,Router Only,Prepaid,Yes,No
CUST02068,47,Other,Delhi,7,Month-to-Month,DSL,610.24,4010.08,27.47,463,55,2,1,Credit Card,Feature Phone,Postpaid,No,No
CUST02069,50,Male,Delhi,14,Month-to-Month,Fiber Optic,1050.61,14871.9,42.19,526,0,1,0,Net Banking,Smartphone,Postpaid,Yes,Yes
CUST02070,30,Female,Ahmedabad,30,One Year,Fiber Optic,885.68,26929.65,60.44,484,79,2,1,Net Banking,Smartphone,Postpaid,Yes,No
CUST02071,69,Male,Lucknow,15,One Year,Fiber Optic,1021.36,14651.86,44.37,322,17,4,1,Credit Card,Router Only,Postpaid,Yes,No
CUST02072,43,Female,Mumbai,37,Month-to-Month,Fiber Optic,818.53,27561.26,43.43,171,42,1,0,UPI,Smartphone,Prepaid,No,Yes
CUST02073,39,Female,Pune,4,Month-to-Month,No Internet,411.95,1615.72,0.5,406,41,5,2,Debit Card,Smartphone,Postpaid,Yes,Yes
CUST02074,56,Male,Delhi,7,One Year,Fiber Optic,767.87,5428.21,25.48,248,9,2,1,Credit Card,Smartphone,Prepaid,Yes,No
CUST02075,19,Female,Mumbai,13,Month-to-Month,No Internet,244.97,3024.64,0.5,212,85,4,2,Debit Card,Smartphone,Prepaid,Yes,No
CUST02076,55,Male,Pune,35,Month-to-Month,No Internet,319.43,11384.65,8.57,170,75,2,1,Net Banking,Feature Phone,Prepaid,Yes,No
CUST02077,56,Female,Delhi,64,Two Year,Fiber Optic,863.42,52463.09,37.51,464,5,2,1,Credit Card,Feature Phone,Postpaid,No,No
CUST02078,43,Female,Hyderabad,19,Month-to-Month,Fiber Optic,1005.17,17672.18,29.1,359,10,2,1,UPI,Smartphone,Postpaid,Yes,Yes
CUST02079,63,Female,Pune,35,Two Year,DSL,668.65,23866.94,23.91,455,17,2,1,Cash,Smartphone,Postpaid,No,Yes
CUST02080,67,Male,Kolkata,7,Two Year,Fiber Optic,826.1,5320.37,29.74,473,23,2,1,UPI,Smartphone,Prepaid,No,No
CUST02081,32,Male,Bangalore,49,Two Year,DSL,397.7,18252.62,30.57,194,48,1,0,Cash,Smartphone,Prepaid,No,No
CUST02082,51,Female,Chennai,23,Month-to-Month,Fiber Optic,844.66,19971.33,41.14,304,16,2,1,Cash,Smartphone,Prepaid,Yes,Yes
CUST02083,59,Male,Hyderabad,11,Month-to-Month,Fiber Optic,696.93,7500.89,42.34,246,39,1,0,UPI,Smartphone,Prepaid,Yes,No
CUST02084,61,Male,Delhi,1,Month-to-Month,Fiber Optic,920.33,920.33,25.91,264,0,2,1,UPI,Smartphone,Postpaid,Yes,No
CUST02085,66,Male,Kolkata,29,Month-to-Month,Fiber Optic,762.73,21949.84,27.54,296,0,2,1,Net Banking,Tablet,Prepaid,No,Yes
CUST02086,57,Male,Delhi,4,Month-to-Month,DSL,743.48,2937.91,30.16,484,26,3,2,Cash,Router Only,Postpaid,Yes,Yes
CUST02087,28,Female,Delhi,7,One Year,No Internet,386.9,2661.42,17.58,406,13,0,0,UPI,Smartphone,Postpaid,Yes,No
CUST02088,20,Male,Bangalore,37,Two Year,Fiber Optic,932.13,32801.69,71.88,275,37,3,1,Credit Card,Smartphone,Postpaid,No,No
CUST02089,23,Female,Ahmedabad,22,Two Year,DSL,494.31,10450.7,22.25,103,82,1,0,Net Banking,Smartphone,Prepaid,Yes,No
CUST02090,26,Male,Delhi,11,Month-to-Month,Fiber Optic,853.73,9523.81,58.28,339,79,1,0,Cash,Smartphone,Prepaid,No,No
CUST02091,23,Male,Delhi,21,One Year,Fiber Optic,1211.37,26429.36,60.76,527,19,1,0,Debit Card,Router Only,Postpaid,No,No
CUST02092,26,Male,Delhi,10,Month-to-Month,DSL,539.16,5319.86,24.55,187,16,2,1,UPI,Smartphone,Postpaid,No,No
CUST02093,56,Male,Bangalore,23,Month-to-Month,DSL,596.8,14273.61,14.09,442,52,1,0,UPI,Smartphone,Postpaid,No,No
CUST02094,48,Male,Chennai,9,Two Year,Fiber Optic,799.02,6661.71,45.31,291,84,1,0,Credit Card,Smartphone,Prepaid,Yes,No
CUST02095,49,Female,Mumbai,8,Month-to-Month,DSL,570.04,4302.71,35.7,287,33,4,1,Debit Card,Router Only,Prepaid,Yes,No
CUST02096,58,Male,Kolkata,12,Month-to-Month,DSL,487.18,5994.57,10.93,345,44,1,0,Credit Card,Tablet,Prepaid,Yes,Yes
CUST02097,67,Male,Kolkata,56,Two Year,Fiber Optic,787.65,46070.51,36.33,337,60,4,2,UPI,Smartphone,Prepaid,No,No
CUST02098,29,Male,Pune,25,Month-to-Month,DSL,515.05,13308.43,38.68,54,82,2,1,UPI,Feature Phone,Prepaid,No,No
CUST02099,25,Male,Hyderabad,34,Two Year,Fiber Optic,890.31,29474.79,63.95,166,40,5,2,Credit Card,Smartphone,Prepaid,Yes,No
CUST02100,25,Female,Bangalore,5,Month-to-Month,DSL,687.42,3511.44,46.92,201,42,3,1,Credit Card,Router Only,Prepaid,Yes,Yes
CUST02101,67,Female,Bangalore,28,Two Year,DSL,594.6,15486.22,23.69,339,0,0,0,Debit Card,Smartphone,Postpaid,Yes,No
CUST02102,45,Male,Hyderabad,10,Month-to-Month,Fiber Optic,740.85,7020.24,50.49,135,56,1,0,Net Banking,Smartphone,Prepaid,No,Yes
CUST02103,37,Male,Delhi,6,Month-to-Month,DSL,675.76,4256.42,31.23,261,33,0,0,Credit Card,Router Only,Postpaid,Yes,No
CUST02104,64,Female,Pune,3,Month-to-Month,DSL,517.78,1439.63,24.41,128,112,3,1,Credit Card,Router Only,Prepaid,Yes,No
CUST02105,24,Male,Bangalore,26,One Year,DSL,543.98,13243.78,35.54,364,65,2,1,Cash,Smartphone,Postpaid,No,No
CUST02106,28,Female,Mumbai,44,Two Year,Fiber Optic,884.8,39259.2,64.71,90,102,1,0,UPI,Smartphone,Prepaid,Yes,No
CUST02107,37,Male,Mumbai,28,One Year,DSL,650.25,18213.6,24.71,229,88,1,0,UPI,Router Only,Prepaid,Yes,No
CUST02108,33,Female,Mumbai,36,Two Year,Fiber Optic,867.08,31455.49,64.73,137,80,0,0,UPI,Router Only,Prepaid,No,No
CUST02109,21,Female,Jaipur,48,Two Year,DSL,740.68,37064.21,37.62,470,29,2,1,Debit Card,Router Only,Postpaid,No,No
CUST02110,23,Female,Delhi,2,Month-to-Month,DSL,447.98,822.46,29.98,132,96,2,1,Debit Card,Smartphone,Prepaid,No,Yes
CUST02111,39,Male,Jaipur,9,One Year,Fiber Optic,877.33,7790.78,58.8,356,53,5,1,UPI,Tablet,Postpaid,No,No
CUST02112,43,Male,Chennai,5,Month-to-Month,Fiber Optic,996.49,4676.36,44.83,365,0,1,0,UPI,Smartphone,Postpaid,Yes,Yes
CUST02113,20,Male,Ahmedabad,2,Month-to-Month,No Internet,421.26,808.09,0.5,269,0,1,1,Debit Card,Smartphone,Postpaid,No,Yes
CUST02114,58,Male,Hyderabad,22,Month-to-Month,DSL,445.4,9295.51,20.5,150,45,1,0,UPI,Smartphone,Prepaid,No,No
CUST02115,59,Male,Jaipur,33,Month-to-Month,No Internet,348.61,11959.75,4.73,321,34,1,0,Debit Card,Smartphone,Prepaid,Yes,Yes
CUST02116,31,Male,Mumbai,32,One Year,Fiber Optic,1032.12,34413.47,52.84,400,76,2,1,Credit Card,Smartphone,Postpaid,No,No
CUST02117,28,Female,Hyderabad,0,Month-to-Month,DSL,582.52,582.52,32.68,244,0,2,1,Net Banking,Smartphone,Postpaid,Yes,Yes
CUST02118,35,Female,Delhi,7,One Year,DSL,416.08,2939.71,14.9,196,40,2,1,Debit Card,Smartphone,Prepaid,Yes,No
CUST02119,29,Male,Bangalore,46,Two Year,DSL,672.12,28806.42,41.96,481,16,0,0,Cash,Smartphone,Postpaid,Yes,No
CUST02120,40,Male,Chennai,1,Month-to-Month,DSL,884.41,884.41,16.06,447,0,3,1,Net Banking,Router Only,Postpaid,No,No
CUST02121,29,Other,Chennai,25,One Year,Fiber Optic,895.14,22350.16,70.64,390,43,4,2,Debit Card,Smartphone,Postpaid,Yes,No
CUST02122,30,Male,Bangalore,4,One Year,DSL,694.01,2778.46,41.29,276,12,5,2,Cash,Smartphone,Postpaid,No,Yes
CUST02123,42,Female,Delhi,41,Month-to-Month,DSL,470.9,20008.6,39.02,259,9,0,0,Net Banking,Feature Phone,Prepaid,No,No
CUST02124,62,Male,Pune,15,One Year,Fiber Optic,990.05,15046.31,37.31,373,29,3,1,Cash,Tablet,Postpaid,No,No
CUST02125,68,Male,Hyderabad,5,Month-to-Month,Fiber Optic,823.7,4227.23,28.62,569,37,1,1,UPI,Smartphone,Postpaid,No,Yes
CUST02126,36,Male,Delhi,12,Month-to-Month,DSL,549.5,6748.99,31.42,202,37,0,0,Cash,Router Only,Prepaid,Yes,No
CUST02127,63,Male,Jaipur,0,Month-to-Month,Fiber Optic,815.77,815.77,34.63,409,0,1,0,UPI,Smartphone,Prepaid,No,No
CUST02128,53,Female,Lucknow,25,Month-to-Month,Fiber Optic,967.55,24722.01,38.07,425,22,2,1,Net Banking,Smartphone,Postpaid,No,Yes
CUST02129,62,Female,Ahmedabad,0,Month-to-Month,DSL,378.47,378.47,29.22,173,60,4,2,UPI,Tablet,Prepaid,Yes,Yes
CUST02130,25,Male,Ahmedabad,11,Month-to-Month,Fiber Optic,749.71,7437.72,63.65,136,68,2,1,Cash,Feature Phone,Prepaid,Yes,No
CUST02131,46,Female,Delhi,18,Month-to-Month,Fiber Optic,759.82,13572.36,42.72,105,0,0,0,UPI,Smartphone,Prepaid,Yes,No
CUST02132,49,Male,Lucknow,32,Two Year,DSL,538.09,16438.11,16.81,129,0,0,0,Net Banking,Smartphone,Prepaid,Yes,No
CUST02133,68,Other,Bangalore,36,Two Year,Fiber Optic,889.07,32022.57,36.57,212,0,1,0,Cash,Router Only,Prepaid,Yes,No
CUST02134,61,Other,Delhi,32,Month-to-Month,DSL,623.05,18608.66,13.54,214,26,1,0,UPI,Router Only,Prepaid,No,No
CUST02135,35,Male,Kolkata,6,Month-to-Month,Fiber Optic,881.26,4957.51,52.26,235,35,1,0,Credit Card,Smartphone,Prepaid,No,Yes
CUST02136,23,Male,Mumbai,8,Month-to-Month,No Internet,239.23,1980.7,8.53,162,74,2,1,Credit Card,Smartphone,Prepaid,No,No
CUST02137,35,Male,Hyderabad,45,Two Year,Fiber Optic,837.81,37690.91,44.21,102,69,0,0,Cash,Tablet,Prepaid,No,No
CUST02138,36,Female,Delhi,5,Month-to-Month,Fiber Optic,1008.31,4604.87,48.51,366,18,3,2,Net Banking,Smartphone,Postpaid,No,Yes
CUST02139,39,Female,Hyderabad,10,Month-to-Month,DSL,630.38,6004.69,25.0,315,10,0,0,UPI,Smartphone,Postpaid,Yes,No
CUST02140,54,Female,Hyderabad,1,Month-to-Month,Fiber Optic,921.25,921.25,50.74,311,29,4,2,Cash,Smartphone,Postpaid,No,Yes
CUST02141,49,Female,Bangalore,32,One Year,DSL,542.65,17494.64,23.82,301,37,0,0,Credit Card,Smartphone,Prepaid,No,No
CUST02142,58,Male,Delhi,9,Month-to-Month,DSL,774.93,6796.9,24.19,365,0,2,1,Credit Card,Router Only,Postpaid,Yes,Yes
CUST02143,20,Male,Hyderabad,7,Month-to-Month,DSL,567.84,3727.61,32.97,214,77,1,0,UPI,Tablet,Prepaid,Yes,No
CUST02144,45,Female,Hyderabad,29,One Year,Fiber Optic,824.97,23932.93,48.14,287,0,2,1,Debit Card,Smartphone,Prepaid,No,No
CUST02145,27,Male,Mumbai,28,One Year,No Internet,232.4,5938.39,4.33,179,62,0,0,Debit Card,Smartphone,Prepaid,Yes,No
CUST02146,68,Female,Jaipur,11,One Year,DSL,511.07,5727.54,18.18,547,15,2,1,Net Banking,Tablet,Prepaid,No,No
CUST02147,52,Male,Bangalore,8,Month-to-Month,Fiber Optic,916.52,7430.22,26.73,409,28,3,1,Credit Card,Smartphone,Postpaid,No,Yes
CUST02148,46,Male,Ahmedabad,25,One Year,Fiber Optic,826.09,19478.24,40.98,373,19,2,1,Net Banking,Feature Phone,Postpaid,Yes,No
CUST02149,32,Male,Delhi,7,Month-to-Month,DSL,700.67,4458.91,31.01,251,39,1,0,Debit Card,Smartphone,Postpaid,Yes,No
CUST02150,50,Female,Mumbai,18,Month-to-Month,No Internet,331.03,5442.52,11.54,534,0,0,0,Cash,Smartphone,Postpaid,No,No
CUST02151,24,Male,Delhi,4,Month-to-Month,Fiber Optic,969.88,3739.84,68.5,398,60,5,2,Net Banking,Smartphone,Postpaid,No,No
CUST02152,29,Female,Bangalore,28,Month-to-Month,No Internet,251.67,6536.2,0.5,246,52,3,1,UPI,Tablet,Prepaid,Yes,No
CUST02153,66,Female,Delhi,3,Month-to-Month,DSL,514.01,1488.79,21.33,218,35,2,1,Debit Card,Tablet,Prepaid,No,Yes
CUST02154,47,Female,Bangalore,9,Month-to-Month,Fiber Optic,721.15,5896.94,46.58,284,68,3,1,Cash,Smartphone,Prepaid,Yes,No
CUST02155,38,Female,Bangalore,40,Month-to-Month,DSL,409.6,15834.36,29.33,196,45,0,0,Credit Card,Smartphone,Prepaid,Yes,No
CUST02156,48,Male,Mumbai,5,Month-to-Month,Fiber Optic,948.28,4909.27,43.78,449,29,2,1,Debit Card,Smartphone,Postpaid,No,Yes
CUST02157,41,Female,Chennai,13,One Year,No Internet,255.57,3328.2,0.5,222,62,1,1,Credit Card,Smartphone,Prepaid,No,Yes
CUST02158,37,Male,Lucknow,10,Month-to-Month,DSL,517.19,4704.99,13.95,213,72,1,0,Cash,Tablet,Prepaid,Yes,Yes
CUST02159,54,Male,Mumbai,55,Two Year,Fiber Optic,759.0,38098.65,30.23,217,71,5,2,Net Banking,Smartphone,Prepaid,Yes,No
CUST02160,21,Male,Pune,20,Month-to-Month,No Internet,182.31,3559.25,0.5,91,56,1,1,Cash,Smartphone,Prepaid,No,Yes
CUST02161,45,Female,Kolkata,23,Month-to-Month,Fiber Optic,991.72,21430.7,48.94,343,7,3,1,UPI,Smartphone,Postpaid,Yes,Yes
CUST02162,61,Female,Hyderabad,25,Month-to-Month,No Internet,359.83,8692.11,0.5,368,41,2,1,Credit Card,Smartphone,Prepaid,Yes,Yes
CUST02163,37,Female,Jaipur,17,One Year,Fiber Optic,1080.01,18639.45,64.81,517,56,5,2,Cash,Router Only,Postpaid,No,Yes
CUST02164,41,Female,Lucknow,14,One Year,DSL,708.43,9511.3,38.48,456,30,0,0,UPI,Feature Phone,Postpaid,Yes,No
CUST02165,67,Female,Bangalore,26,Two Year,DSL,390.08,,,396,6,1,0,,Smartphone,Prepaid,No,No
CUST02166,66,Male,Pune,22,Month-to-Month,DSL,550.77,12532.52,17.15,185,12,2,1,Debit Card,Smartphone,Prepaid,Yes,Yes
CUST02167,68,Female,Pune,5,Month-to-Month,Fiber Optic,914.61,4605.23,27.41,499,0,4,2,Debit Card,Feature Phone,Postpaid,No,Yes
CUST02168,49,Male,Bangalore,9,One Year,No Internet,331.53,2969.34,0.5,154,64,3,2,Net Banking,Router Only,Prepaid,No,No
CUST02169,58,Other,Mumbai,17,One Year,Fiber Optic,978.98,15157.84,38.71,253,10,2,1,Debit Card,Router Only,Prepaid,No,Yes
CUST02170,53,Female,Jaipur,45,Two Year,Fiber Optic,922.16,40465.25,39.34,426,46,4,2,Debit Card,Smartphone,Postpaid,No,No
CUST02171,51,Female,Kolkata,12,Month-to-Month,Fiber Optic,837.06,10388.38,49.08,230,9,0,0,UPI,Smartphone,Prepaid,No,Yes
CUST02172,53,Female,Delhi,16,One Year,DSL,627.48,10274.17,14.96,547,37,0,0,Debit Card,Smartphone,Postpaid,Yes,No
CUST02173,19,Male,Delhi,11,Month-to-Month,DSL,550.41,5507.53,28.33,195,0,0,0,Credit Card,Smartphone,Postpaid,Yes,No
CUST02174,32,Female,Jaipur,13,Month-to-Month,DSL,545.46,7180.68,39.14,0,50,2,1,Cash,Smartphone,Prepaid,Yes,Yes
CUST02175,51,Male,Delhi,23,Month-to-Month,No Internet,353.52,8383.61,0.5,149,89,1,0,Debit Card,Router Only,Prepaid,No,No
CUST02176,53,Female,Pune,23,One Year,No Internet,258.55,5569.6,0.5,229,13,1,0,Net Banking,Feature Phone,Prepaid,Yes,No
CUST02177,23,Female,Mumbai,29,One Year,Fiber Optic,817.82,23198.5,72.04,225,41,1,0,UPI,Feature Phone,Prepaid,No,No
CUST02178,56,Female,Delhi,6,Month-to-Month,DSL,585.73,3629.79,27.64,290,59,0,0,Credit Card,Smartphone,Prepaid,No,Yes
CUST02179,59,Female,Delhi,1,Month-to-Month,Fiber Optic,799.06,824.7,33.9,380,29,1,0,UPI,Smartphone,Prepaid,No,Yes
CUST02180,68,Male,Bangalore,6,Month-to-Month,No Internet,149.0,859.95,0.5,121,46,2,1,Debit Card,Smartphone,Prepaid,Yes,No
CUST02181,68,Male,Delhi,5,Month-to-Month,No Internet,488.31,2383.14,22.13,528,34,1,0,Debit Card,Tablet,Postpaid,No,No
CUST02182,29,Female,Chennai,8,Month-to-Month,No Internet,366.25,2683.67,0.5,215,65,1,0,Credit Card,Router Only,Prepaid,No,No
CUST02183,20,Male,Chennai,3,Month-to-Month,DSL,441.94,1299.5,35.78,148,71,3,1,Credit Card,Feature Phone,Prepaid,Yes,Yes
CUST02184,62,Male,Bangalore,20,One Year,DSL,702.72,14464.23,23.37,434,0,3,1,UPI,Smartphone,Postpaid,Yes,No
CUST02185,35,Female,Kolkata,6,Month-to-Month,Fiber Optic,870.7,4837.18,52.02,428,30,0,0,Credit Card,Feature Phone,Postpaid,No,Yes
CUST02186,57,Female,Hyderabad,30,Month-to-Month,Fiber Optic,817.1,23746.79,29.53,516,9,2,1,Credit Card,Smartphone,Postpaid,No,Yes
CUST02187,38,Female,Bangalore,22,Two Year,Fiber Optic,864.32,18948.2,42.66,189,52,1,0,Cash,Smartphone,Prepaid,Yes,No
CUST02188,32,Male,Bangalore,0,Month-to-Month,No Internet,418.74,418.74,10.4,246,44,2,1,Credit Card,Router Only,Prepaid,No,Yes
CUST02189,50,Female,Bangalore,27,One Year,DSL,719.54,17591.35,6.05,313,35,0,0,Debit Card,Smartphone,Postpaid,Yes,No
CUST02190,52,Male,Lucknow,3,Month-to-Month,No Internet,371.63,1145.38,3.25,544,27,0,0,Net Banking,Smartphone,Postpaid,No,No
CUST02191,43,Female,Pune,13,Two Year,No Internet,379.91,5159.88,2.39,420,55,1,0,Net Banking,Feature Phone,Postpaid,Yes,No
CUST02192,25,Male,Mumbai,26,Month-to-Month,No Internet,371.96,9807.46,7.38,295,62,0,0,Credit Card,Feature Phone,Postpaid,Yes,No
CUST02193,53,Female,Pune,9,One Year,DSL,563.73,,,551,0,2,1,,Smartphone,Postpaid,No,No
CUST02194,65,Female,Bangalore,12,Month-to-Month,Fiber Optic,926.16,10258.31,42.41,536,0,2,1,Debit Card,Tablet,Postpaid,Yes,Yes
CUST02195,47,Male,Delhi,35,Two Year,Fiber Optic,780.06,28135.56,43.09,281,60,3,2,Debit Card,Smartphone,Prepaid,Yes,No
CUST02196,40,Female,Hyderabad,17,Month-to-Month,DSL,427.11,7521.4,23.11,128,65,2,1,Debit Card,Smartphone,Prepaid,Yes,No
CUST02197,59,Female,Kolkata,10,Month-to-Month,Fiber Optic,1035.66,9771.66,23.7,339,43,3,2,Debit Card,Tablet,Postpaid,Yes,No
CUST02198,61,Male,Bangalore,5,Month-to-Month,Fiber Optic,754.75,3763.28,38.38,208,22,6,2,Debit Card,Smartphone,Prepaid,Yes,Yes
CUST02199,31,Female,Ahmedabad,12,Two Year,DSL,839.99,9534.33,31.65,344,2,0,0,Credit Card,Router Only,Postpaid,Yes,No
CUST02200,31,Male,Bangalore,12,One Year,No Internet,304.35,3346.86,3.95,196,24,1,0,Credit Card,Smartphone,Prepaid,Yes,No
CUST02201,19,Female,Bangalore,11,Month-to-Month,No Internet,261.92,2944.39,7.32,269,57,1,0,UPI,Smartphone,Prepaid,No,Yes
CUST02202,54,Female,Lucknow,23,Month-to-Month,Fiber Optic,715.98,17058.6,33.62,56,73,0,0,Debit Card,Smartphone,Prepaid,Yes,No
CUST02203,22,Male,Hyderabad,10,Month-to-Month,No Internet,392.57,3597.95,0.5,123,53,0,0,Debit Card,Router Only,Prepaid,No,No
CUST02204,55,Female,Kolkata,0,Month-to-Month,DSL,721.21,721.21,14.65,317,96,2,1,Debit Card,Router Only,Prepaid,No,Yes
CUST02205,62,Male,Kolkata,4,Month-to-Month,DSL,459.88,1923.5,11.96,266,0,2,1,Credit Card,Smartphone,Prepaid,No,Yes
CUST02206,58,Male,Jaipur,24,Two Year,Fiber Optic,975.53,22030.63,38.2,475,50,0,0,Net Banking,Smartphone,Postpaid,No,No
CUST02207,64,Female,Delhi,39,One Year,DSL,479.49,18936.65,8.93,178,53,1,0,Cash,Smartphone,Prepaid,No,No
CUST02208,31,Female,Mumbai,38,Two Year,DSL,544.36,19896.4,36.85,366,60,1,0,Debit Card,Smartphone,Postpaid,Yes,No
CUST02209,56,Male,Kolkata,20,Month-to-Month,DSL,502.64,9143.59,21.12,173,51,5,1,Debit Card,Smartphone,Prepaid,No,Yes
CUST02210,42,Male,Chennai,18,One Year,Fiber Optic,934.16,16898.23,53.3,420,42,2,1,UPI,Smartphone,Postpaid,Yes,No
CUST02211,37,Male,Hyderabad,13,Month-to-Month,No Internet,321.5,3915.72,2.17,369,1,0,0,Credit Card,Smartphone,Postpaid,Yes,No
CUST02212,19,Other,Delhi,7,Month-to-Month,No Internet,306.92,2125.8,6.01,80,70,3,1,Cash,Tablet,Prepaid,Yes,No
CUST02213,56,Male,Mumbai,5,Month-to-Month,No Internet,201.07,915.48,6.07,185,8,4,1,Credit Card,Smartphone,Prepaid,No,No
CUST02214,23,Male,Hyderabad,24,Month-to-Month,Fiber Optic,912.59,20106.92,58.7,382,40,3,1,Net Banking,Tablet,Postpaid,Yes,No
CUST02215,34,Male,Mumbai,41,Two Year,Fiber Optic,836.16,30883.97,58.31,189,72,3,2,Debit Card,Smartphone,Prepaid,No,Yes
CUST02216,42,Male,Mumbai,6,Month-to-Month,Fiber Optic,728.61,4077.34,38.47,324,41,2,1,Debit Card,Smartphone,Prepaid,Yes,No
CUST02217,45,Male,Delhi,45,Two Year,DSL,694.8,28752.27,33.83,383,27,1,0,Credit Card,Smartphone,Postpaid,No,No
CUST02218,19,Male,Delhi,12,One Year,No Internet,260.68,,,177,70,0,0,UPI,Smartphone,Prepaid,No,No
CUST02219,52,Male,Kolkata,2,Month-to-Month,Fiber Optic,966.09,1798.12,40.17,457,15,1,0,Net Banking,Smartphone,Postpaid,No,Yes
CUST02220,54,Male,Pune,4,Month-to-Month,No Internet,472.65,1776.29,0.5,544,31,1,0,Cash,Smartphone,Postpaid,No,No
CUST02221,22,Female,Delhi,8,Month-to-Month,DSL,469.05,3449.61,23.14,207,77,0,0,Debit Card,Smartphone,Prepaid,No,No
CUST02222,18,Male,Mumbai,2,Month-to-Month,Fiber Optic,992.54,1839.45,77.0,352,48,2,1,UPI,Router Only,Postpaid,Yes,Yes
CUST02223,57,Female,Chennai,31,One Year,Fiber Optic,645.01,18841.55,38.14,242,54,1,0,Debit Card,Smartphone,Prepaid,Yes,Yes
CUST02224,29,Female,Mumbai,18,Two Year,Fiber Optic,902.4,15681.86,40.94,393,65,4,2,UPI,Feature Phone,Postpaid,No,Yes
CUST02225,53,Female,Ahmedabad,11,Month-to-Month,DSL,638.01,6592.93,6.24,416,43,1,0,Credit Card,Smartphone,Postpaid,Yes,No
CUST02226,62,Female,Kolkata,36,Two Year,Fiber Optic,1015.23,33921.04,34.98,545,67,2,1,UPI,Router Only,Postpaid,Yes,No
CUST02227,40,Male,Jaipur,27,Month-to-Month,DSL,617.62,16600.37,29.08,249,63,1,0,Net Banking,Router Only,Prepaid,Yes,No
CUST02228,64,Male,Chennai,1,Month-to-Month,DSL,571.37,571.37,17.5,462,0,4,2,Net Banking,Tablet,Postpaid,Yes,Yes
CUST02229,48,Male,Bangalore,19,Month-to-Month,DSL,473.85,8917.65,23.5,220,41,0,0,UPI,Smartphone,Prepaid,Yes,No
CUST02230,28,Male,Chennai,3,Month-to-Month,Fiber Optic,987.18,2842.86,51.27,381,53,3,1,Debit Card,Smartphone,Postpaid,Yes,Yes
CUST02231,27,Female,Delhi,32,Month-to-Month,DSL,553.12,17028.21,45.14,249,53,0,0,Net Banking,Smartphone,Prepaid,Yes,Yes
CUST02232,20,Female,Delhi,0,Month-to-Month,Fiber Optic,1044.23,1044.23,64.63,368,49,4,2,Cash,Smartphone,Postpaid,No,Yes
CUST02233,31,Female,Delhi,12,Month-to-Month,No Internet,214.2,2642.07,6.63,108,58,2,1,Debit Card,Smartphone,Prepaid,Yes,Yes
CUST02234,33,Male,Bangalore,0,Month-to-Month,DSL,573.88,573.88,17.76,346,56,0,0,Cash,Smartphone,Postpaid,No,Yes
CUST02235,27,Female,Mumbai,18,Month-to-Month,Fiber Optic,950.62,16943.72,60.25,282,83,0,0,Cash,Router Only,Prepaid,Yes,No
CUST02236,46,Male,Delhi,0,Month-to-Month,DSL,654.86,654.86,32.82,318,23,5,2,Debit Card,Smartphone,Postpaid,No,Yes
CUST02237,27,Female,Chennai,18,Month-to-Month,DSL,467.5,8321.26,33.38,309,85,2,1,UPI,Smartphone,Prepaid,Yes,Yes
CUST02238,29,Male,Lucknow,22,One Year,Fiber Optic,885.36,18102.15,49.55,388,32,1,1,UPI,Smartphone,Postpaid,No,No
CUST02239,47,Female,Delhi,46,Two Year,Fiber Optic,888.07,37494.0,50.66,374,0,0,0,Net Banking,Smartphone,Postpaid,No,No
CUST02240,58,Male,Hyderabad,18,Month-to-Month,DSL,479.28,8528.55,9.63,336,62,2,1,Credit Card,Smartphone,Prepaid,Yes,No
CUST02241,18,Female,Delhi,24,Month-to-Month,Fiber Optic,959.38,24118.18,46.62,98,71,4,2,Debit Card,Smartphone,Prepaid,No,Yes
CUST02242,22,Female,Jaipur,0,One Year,Fiber Optic,800.42,800.42,66.06,192,89,2,1,Credit Card,Tablet,Prepaid,Yes,Yes
CUST02243,37,Female,Mumbai,21,Month-to-Month,DSL,651.6,12318.39,10.19,190,59,0,0,UPI,Router Only,Prepaid,Yes,No
CUST02244,25,Male,Ahmedabad,11,One Year,DSL,439.05,5007.9,32.83,182,66,2,1,Cash,Smartphone,Prepaid,Yes,No
CUST02245,60,Female,Mumbai,25,Month-to-Month,No Internet,219.33,5043.16,0.5,250,49,1,0,UPI,Router Only,Prepaid,Yes,Yes
CUST02246,29,Female,Kolkata,8,Month-to-Month,Fiber Optic,1089.02,8974.23,53.96,202,6,0,0,Credit Card,Router Only,Postpaid,Yes,Yes
CUST02247,18,Male,Mumbai,0,Month-to-Month,Fiber Optic,887.85,887.85,77.18,298,31,2,1,Cash,Smartphone,Postpaid,Yes,Yes
CUST02248,37,Male,Mumbai,13,Month-to-Month,DSL,589.19,7098.97,32.53,386,11,1,0,Credit Card,Smartphone,Postpaid,Yes,No
CUST02249,45,Male,Mumbai,26,One Year,DSL,498.45,12046.46,27.74,265,10,3,1,Net Banking,Tablet,Prepaid,Yes,No
CUST02250,60,Male,Mumbai,18,Month-to-Month,DSL,737.61,12999.18,22.99,571,17,1,1,UPI,Smartphone,Postpaid,No,Yes
CUST02251,54,Female,Ahmedabad,44,Two Year,Fiber Optic,853.72,38284.85,46.74,452,32,1,0,UPI,Tablet,Prepaid,Yes,No
CUST02252,64,Female,Chennai,11,Month-to-Month,Fiber Optic,907.82,10201.71,23.52,395,7,0,0,UPI,Smartphone,Postpaid,No,Yes
CUST02253,54,Male,Bangalore,0,Two Year,DSL,667.75,667.75,36.06,398,46,3,1,Credit Card,Smartphone,Postpaid,No,Yes
CUST02254,29,Female,Lucknow,4,Month-to-Month,DSL,529.0,2130.07,29.85,219,78,0,0,UPI,Smartphone,Prepaid,No,No
CUST02255,54,Female,Hyderabad,6,Month-to-Month,Fiber Optic,980.79,5719.61,27.97,630,20,3,1,Credit Card,Tablet,Postpaid,No,Yes
CUST02256,66,Male,Lucknow,17,One Year,Fiber Optic,929.95,15699.38,31.77,643,0,2,1,UPI,Smartphone,Postpaid,Yes,No
CUST02257,66,Female,Mumbai,3,Month-to-Month,No Internet,429.36,1184.32,0.5,488,8,3,1,UPI,Feature Phone,Postpaid,Yes,Yes
CUST02258,61,Female,Jaipur,38,Two Year,No Internet,280.88,10301.5,13.9,199,64,2,1,UPI,Smartphone,Prepaid,Yes,No
CUST02259,45,Female,Delhi,6,Month-to-Month,Fiber Optic,923.54,5089.56,52.35,106,33,2,1,Cash,Router Only,Prepaid,Yes,Yes
CUST02260,64,Male,Hyderabad,25,One Year,Fiber Optic,880.02,21458.9,44.21,330,30,0,0,Debit Card,Smartphone,Postpaid,Yes,No
CUST02261,32,Female,Bangalore,28,Month-to-Month,Fiber Optic,949.63,24175.78,65.93,423,14,0,0,UPI,Tablet,Postpaid,No,No
CUST02262,23,Male,Hyderabad,18,One Year,Fiber Optic,1005.68,16654.81,73.54,365,18,3,1,Net Banking,Feature Phone,Postpaid,Yes,Yes
CUST02263,61,Female,Hyderabad,23,One Year,Fiber Optic,668.42,14586.04,35.98,364,79,1,0,Credit Card,Smartphone,Prepaid,Yes,No
CUST02264,37,Male,Bangalore,39,One Year,Fiber Optic,1022.02,38929.04,57.99,474,11,4,2,Net Banking,Smartphone,Postpaid,Yes,Yes
CUST02265,67,Female,Lucknow,9,Month-to-Month,DSL,550.72,4546.05,27.09,370,23,1,0,Debit Card,Smartphone,Prepaid,Yes,No
CUST02266,31,Male,Lucknow,46,Two Year,DSL,523.4,24843.4,34.3,244,51,1,0,UPI,Smartphone,Prepaid,Yes,No
CUST02267,19,Male,Lucknow,18,Two Year,No Internet,429.3,7279.58,4.26,387,43,0,0,Cash,Smartphone,Postpaid,Yes,No
CUST02268,26,Female,Lucknow,48,Two Year,DSL,649.67,30796.65,32.49,238,13,1,0,Cash,Tablet,Postpaid,No,No
CUST02269,54,Male,Kolkata,28,One Year,Fiber Optic,741.24,19121.36,41.96,370,29,2,1,Debit Card,Smartphone,Prepaid,No,Yes
CUST02270,37,Female,Lucknow,21,Month-to-Month,Fiber Optic,784.29,16647.89,40.51,208,98,1,0,Credit Card,Smartphone,Prepaid,Yes,No
CUST02271,43,Female,Jaipur,11,Month-to-Month,No Internet,251.48,2713.58,0.5,308,61,2,1,Cash,Smartphone,Prepaid,No,Yes
CUST02272,46,Female,Bangalore,44,Two Year,No Internet,233.79,10699.57,1.77,276,87,2,1,Net Banking,Smartphone,Prepaid,No,No
CUST02273,18,Male,Kolkata,24,Two Year,DSL,521.7,12559.39,47.25,258,81,2,1,UPI,Smartphone,Prepaid,No,No
CUST02274,52,Female,Jaipur,6,Month-to-Month,Fiber Optic,819.42,5148.75,34.64,357,0,2,1,Credit Card,Smartphone,Prepaid,No,Yes
CUST02275,23,Female,Pune,2,Month-to-Month,No Internet,250.84,512.65,22.97,221,56,4,2,Net Banking,Tablet,Prepaid,No,Yes
CUST02276,54,Female,Bangalore,50,Two Year,Fiber Optic,831.53,40724.4,26.23,343,50,1,0,Credit Card,Smartphone,Prepaid,No,No
CUST02277,22,Male,Delhi,11,Month-to-Month,Fiber Optic,988.01,10148.15,66.25,506,88,1,0,Cash,Smartphone,Postpaid,Yes,No
CUST02278,50,Male,Kolkata,9,Month-to-Month,No Internet,335.58,2872.42,17.6,458,36,0,0,UPI,Smartphone,Postpaid,Yes,Yes
CUST02279,66,Female,Lucknow,26,Two Year,No Internet,319.27,7938.41,4.71,164,36,0,0,UPI,Smartphone,Prepaid,Yes,No
CUST02280,68,Male,Bangalore,38,Two Year,DSL,461.25,18175.54,12.75,375,50,4,2,Debit Card,Smartphone,Prepaid,No,No
CUST02281,31,Male,Delhi,29,Two Year,Fiber Optic,919.77,25035.7,62.56,159,61,2,1,UPI,Router Only,Prepaid,No,No
CUST02282,29,Male,Mumbai,9,Month-to-Month,DSL,485.17,4402.88,22.01,288,47,4,1,Net Banking,Smartphone,Prepaid,No,No
CUST02283,59,Female,Chennai,8,Month-to-Month,DSL,500.1,3953.67,20.5,311,33,1,0,UPI,Smartphone,Prepaid,Yes,No
CUST02284,37,Female,Mumbai,13,One Year,DSL,572.84,6894.18,10.34,167,19,2,1,Net Banking,Smartphone,Prepaid,No,No
CUST02285,67,Female,Chennai,37,Month-to-Month,DSL,638.28,22205.15,16.38,522,53,1,0,UPI,Smartphone,Postpaid,Yes,No
CUST02286,41,Male,Lucknow,5,Month-to-Month,No Internet,421.13,1984.77,0.77,519,46,2,1,Credit Card,Smartphone,Postpaid,No,Yes
CUST02287,60,Male,Pune,37,Two Year,Fiber Optic,1012.54,34724.59,36.38,421,14,0,0,UPI,Smartphone,Postpaid,Yes,No
CUST02288,51,Other,Bangalore,20,Two Year,Fiber Optic,847.45,17248.54,46.02,135,51,1,0,UPI,Smartphone,Prepaid,Yes,No
CUST02289,42,Other,Jaipur,5,Month-to-Month,Fiber Optic,829.61,3928.15,51.58,269,91,1,0,Debit Card,Smartphone,Prepaid,Yes,Yes
CUST02290,67,Female,Chennai,18,Month-to-Month,DSL,775.28,13676.86,15.47,464,41,0,0,Debit Card,Tablet,Postpaid,Yes,Yes
CUST02291,46,Female,Delhi,7,Month-to-Month,DSL,504.33,3567.45,26.12,182,65,1,0,Credit Card,Smartphone,Prepaid,Yes,Yes
CUST02292,56,Male,Hyderabad,13,Month-to-Month,DSL,710.88,9660.15,33.88,321,23,3,1,UPI,Smartphone,Postpaid,No,No
CUST02293,48,Female,Pune,4,Month-to-Month,Fiber Optic,1109.96,4602.01,30.4,297,16,0,0,Debit Card,Feature Phone,Postpaid,Yes,Yes
CUST02294,64,Male,Ahmedabad,4,Month-to-Month,No Internet,215.0,801.36,0.5,345,24,5,3,Cash,Smartphone,Prepaid,Yes,Yes
CUST02295,60,Male,Jaipur,3,Month-to-Month,Fiber Optic,1047.33,3249.18,49.38,419,0,0,0,UPI,Smartphone,Postpaid,Yes,No
CUST02296,67,Female,Mumbai,57,Two Year,Fiber Optic,829.37,48546.71,27.22,185,0,2,1,UPI,Feature Phone,Prepaid,No,No
CUST02297,40,Male,Delhi,5,Month-to-Month,DSL,752.98,3405.31,13.02,556,47,1,0,Net Banking,Tablet,Postpaid,Yes,Yes
CUST02298,61,Male,Delhi,17,One Year,Fiber Optic,809.79,14216.47,25.62,303,17,2,1,Net Banking,Smartphone,Prepaid,Yes,No
CUST02299,55,Male,Pune,29,One Year,DSL,700.73,19918.14,12.82,472,51,2,1,UPI,Smartphone,Postpaid,No,Yes
CUST02300,37,Male,Kolkata,19,One Year,Fiber Optic,867.08,15300.49,52.66,404,46,1,0,Credit Card,Smartphone,Postpaid,Yes,No
CUST02301,40,Female,Bangalore,72,Two Year,Fiber Optic,729.52,55114.87,37.29,225,10,1,0,Net Banking,Smartphone,Prepaid,Yes,No
CUST02302,62,Male,Bangalore,36,One Year,Fiber Optic,987.33,33652.35,42.58,255,14,3,1,Credit Card,Tablet,Postpaid,Yes,No
CUST02303,69,Male,Lucknow,56,Two Year,Fiber Optic,839.51,43634.63,46.34,297,40,0,0,Net Banking,Tablet,Prepaid,No,No
CUST02304,33,Male,Jaipur,6,Month-to-Month,Fiber Optic,752.54,4180.89,55.55,299,104,4,2,Debit Card,Smartphone,Prepaid,No,No
CUST02305,67,Male,Mumbai,19,One Year,Fiber Optic,842.65,15673.32,30.66,283,45,0,0,UPI,Smartphone,Prepaid,No,No
CUST02306,59,Male,Kolkata,6,Month-to-Month,DSL,624.17,3468.7,25.1,179,24,1,0,Net Banking,Router Only,Prepaid,Yes,No
CUST02307,25,Female,Chennai,34,Two Year,Fiber Optic,833.82,27725.44,61.89,159,71,1,0,Credit Card,Smartphone,Prepaid,Yes,No
CUST02308,67,Male,Delhi,11,Month-to-Month,DSL,563.38,6262.76,13.49,441,1,0,0,Debit Card,Tablet,Prepaid,Yes,No
CUST02309,38,Female,Bangalore,13,Month-to-Month,DSL,419.7,5686.87,23.68,231,73,2,1,UPI,Smartphone,Prepaid,No,Yes
CUST02310,18,Other,Delhi,20,One Year,No Internet,449.0,8577.16,0.5,141,45,0,0,Net Banking,Smartphone,Postpaid,No,No
CUST02311,25,Female,Mumbai,1,Month-to-Month,No Internet,279.29,292.24,0.5,83,51,3,2,UPI,Smartphone,Prepaid,Yes,Yes
CUST02312,46,Male,Chennai,26,One Year,Fiber Optic,906.43,24706.33,51.76,235,47,1,0,Net Banking,Smartphone,Postpaid,No,Yes
CUST02313,49,Male,Bangalore,27,Two Year,Fiber Optic,877.98,23425.83,48.42,381,0,0,0,Credit Card,Smartphone,Postpaid,Yes,No
CUST02314,55,Female,Bangalore,38,Two Year,DSL,571.65,20536.03,21.17,464,47,0,0,Credit Card,Router Only,Prepaid,No,No
CUST02315,22,Female,Hyderabad,2,Month-to-Month,DSL,628.51,1292.16,41.43,328,53,0,0,UPI,Smartphone,Postpaid,No,No
CUST02316,64,Female,Delhi,11,Month-to-Month,Fiber Optic,923.56,9224.39,41.57,366,0,1,1,Debit Card,Smartphone,Postpaid,No,Yes
CUST02317,39,Female,Pune,13,One Year,DSL,508.51,6386.53,34.06,301,28,0,0,UPI,Smartphone,Prepaid,Yes,No
CUST02318,64,Female,Bangalore,1,One Year,DSL,568.62,568.62,16.08,163,66,1,0,UPI,Smartphone,Prepaid,Yes,Yes
CUST02319,51,Female,Hyderabad,9,One Year,DSL,671.52,6328.92,29.4,442,0,1,1,Cash,Smartphone,Postpaid,Yes,Yes
CUST02320,18,Female,Lucknow,13,One Year,DSL,537.84,7022.05,41.48,41,88,1,1,Credit Card,Router Only,Prepaid,Yes,No
CUST02321,43,Male,Bangalore,0,One Year,Fiber Optic,970.26,970.26,54.37,511,31,2,1,Credit Card,Smartphone,Postpaid,No,Yes
CUST02322,60,Female,Chennai,13,Month-to-Month,Fiber Optic,928.49,12408.61,34.18,420,0,2,1,Net Banking,Tablet,Postpaid,Yes,No
CUST02323,27,Female,Bangalore,25,One Year,Fiber Optic,775.48,19360.97,53.03,117,86,5,2,Credit Card,Smartphone,Prepaid,Yes,No
CUST02324,47,Male,Jaipur,10,Month-to-Month,Fiber Optic,767.94,7907.24,40.4,215,42,1,0,UPI,Smartphone,Prepaid,Yes,No
CUST02325,67,Female,Ahmedabad,0,Month-to-Month,No Internet,264.76,264.76,0.5,292,29,6,2,Net Banking,Smartphone,Prepaid,No,Yes
CUST02326,35,Female,Mumbai,10,One Year,Fiber Optic,803.87,7654.02,40.85,129,43,4,1,Credit Card,Tablet,Prepaid,Yes,Yes
CUST02327,34,Female,Pune,13,Month-to-Month,Fiber Optic,762.93,9099.72,52.44,0,69,1,0,Credit Card,Smartphone,Prepaid,No,No
CUST02328,43,Female,Delhi,20,One Year,Fiber Optic,1071.49,21510.44,48.3,419,47,3,2,Debit Card,Router Only,Postpaid,Yes,No
CUST02329,25,Male,Lucknow,13,Month-to-Month,DSL,488.49,,,232,15,1,0,Credit Card,Smartphone,Prepaid,Yes,No
CUST02330,64,Female,Bangalore,19,Month-to-Month,DSL,727.92,12583.16,34.68,552,26,1,0,UPI,Router Only,Postpaid,No,No
CUST02331,57,Female,Ahmedabad,17,Month-to-Month,DSL,657.76,10554.74,10.23,612,19,1,0,Credit Card,Smartphone,Postpaid,No,No
CUST02332,66,Female,Mumbai,33,One Year,No Internet,388.73,12155.27,0.5,564,0,0,0,Debit Card,Smartphone,Postpaid,Yes,No
CUST02333,29,Male,Chennai,23,Month-to-Month,DSL,470.86,11359.11,35.59,238,61,1,0,UPI,Smartphone,Prepaid,No,Yes
CUST02334,44,Male,Lucknow,31,One Year,Fiber Optic,1009.04,30795.96,58.71,517,62,2,1,Cash,Smartphone,Postpaid,No,Yes
CUST02335,25,Female,Ahmedabad,26,One Year,DSL,561.53,15307.89,36.25,133,58,1,0,Cash,Smartphone,Prepaid,No,No
CUST02336,42,Male,Delhi,19,Month-to-Month,No Internet,366.27,7069.55,6.1,261,46,2,1,Net Banking,Smartphone,Postpaid,No,Yes
CUST02337,63,Male,Hyderabad,40,Two Year,Fiber Optic,819.45,31931.33,38.56,332,63,2,1,UPI,Smartphone,Prepaid,Yes,No
CUST02338,21,Female,Bangalore,40,Two Year,Fiber Optic,777.26,29306.7,57.48,41,84,2,1,Debit Card,Smartphone,Prepaid,No,No
CUST02339,50,Male,Bangalore,33,Two Year,DSL,481.81,14844.45,28.95,237,48,0,0,UPI,Smartphone,Prepaid,Yes,No
CUST02340,18,Male,Bangalore,14,One Year,Fiber Optic,1015.22,13291.3,70.3,282,88,3,1,Debit Card,Router Only,Postpaid,No,No
CUST02341,36,Male,Bangalore,3,Month-to-Month,DSL,435.93,1346.0,18.19,221,82,3,1,Net Banking,Smartphone,Prepaid,Yes,Yes
CUST02342,48,Male,Hyderabad,50,Month-to-Month,No Internet,349.63,16772.75,0.5,262,45,0,0,Credit Card,Router Only,Prepaid,Yes,No
CUST02343,33,Female,Mumbai,16,One Year,Fiber Optic,888.55,13757.18,59.27,210,65,2,1,UPI,Router Only,Prepaid,Yes,No
CUST02344,31,Male,Hyderabad,15,Month-to-Month,DSL,479.68,7141.8,21.31,114,82,3,1,Debit Card,Smartphone,Prepaid,Yes,No
CUST02345,65,Male,Mumbai,23,One Year,Fiber Optic,874.95,,,206,40,2,1,Debit Card,Smartphone,Prepaid,Yes,No
CUST02346,22,Female,Mumbai,6,Month-to-Month,Fiber Optic,819.9,4777.78,68.8,138,80,3,1,UPI,Smartphone,Prepaid,No,Yes
CUST02347,58,Female,Pune,18,Month-to-Month,DSL,519.76,8442.55,10.66,295,18,1,0,UPI,Feature Phone,Prepaid,Yes,No
CUST02348,43,Female,Delhi,29,One Year,Fiber Optic,1050.52,30822.37,51.31,407,54,3,1,Credit Card,Smartphone,Postpaid,Yes,No
CUST02349,45,Male,Bangalore,0,Month-to-Month,DSL,527.57,527.57,22.88,111,50,2,1,Cash,Feature Phone,Prepaid,No,Yes
CUST02350,19,Male,Bangalore,14,Month-to-Month,Fiber Optic,921.94,12981.54,68.22,159,80,1,0,Debit Card,Tablet,Prepaid,No,Yes
CUST02351,67,Female,Hyderabad,34,Two Year,Fiber Optic,878.65,27786.58,30.64,260,38,4,1,Cash,Router Only,Prepaid,No,No
CUST02352,23,Male,Pune,24,Month-to-Month,Fiber Optic,950.73,23316.79,61.76,322,24,1,1,UPI,Smartphone,Postpaid,Yes,Yes
CUST02353,26,Female,Bangalore,0,Month-to-Month,No Internet,561.41,561.41,19.51,389,40,6,3,UPI,Router Only,Postpaid,Yes,No
CUST02354,50,Male,Mumbai,72,Month-to-Month,Fiber Optic,674.86,50323.46,51.96,276,7,0,0,Cash,Smartphone,Prepaid,Yes,No
CUST02355,58,Male,Jaipur,8,Month-to-Month,Fiber Optic,961.68,7776.52,24.79,421,25,2,1,Net Banking,Tablet,Postpaid,Yes,No
CUST02356,42,Female,Lucknow,36,Month-to-Month,DSL,653.32,21908.47,29.62,206,66,1,0,Credit Card,Smartphone,Prepaid,Yes,No
CUST02357,65,Female,Delhi,19,One Year,DSL,591.76,11611.12,10.71,278,35,1,0,Credit Card,Smartphone,Postpaid,No,No
CUST02358,30,Female,Hyderabad,46,Two Year,Fiber Optic,1035.12,43000.07,56.76,385,27,2,1,Debit Card,Smartphone,Postpaid,Yes,No
CUST02359,26,Male,Bangalore,51,Two Year,No Internet,392.36,19872.61,0.5,348,11,1,0,UPI,Smartphone,Postpaid,Yes,No
CUST02360,30,Male,Mumbai,3,Month-to-Month,No Internet,567.09,1745.83,1.41,234,15,1,0,Net Banking,Smartphone,Postpaid,Yes,Yes
CUST02361,48,Female,Bangalore,24,One Year,Fiber Optic,1004.22,22159.34,39.52,463,20,1,0,UPI,Router Only,Postpaid,Yes,No
CUST02362,58,Female,Chennai,28,Two Year,Fiber Optic,756.53,19208.28,27.69,276,79,6,3,Debit Card,Smartphone,Prepaid,No,No
CUST02363,28,Male,Mumbai,2,Month-to-Month,No Internet,193.94,400.8,0.5,212,26,4,1,UPI,Smartphone,Prepaid,No,Yes
CUST02364,21,Male,Jaipur,24,Month-to-Month,Fiber Optic,960.4,21769.46,63.98,459,46,2,1,UPI,Smartphone,Postpaid,Yes,Yes
CUST02365,51,Male,Hyderabad,38,Two Year,No Internet,375.15,14252.61,7.2,475,0,2,1,UPI,Smartphone,Postpaid,No,No
CUST02366,55,Other,Mumbai,14,One Year,Fiber Optic,764.43,10976.41,32.67,308,27,4,2,UPI,Smartphone,Prepaid,No,No
CUST02367,63,Female,Kolkata,7,Month-to-Month,DSL,619.91,3977.22,21.16,220,9,0,0,UPI,Router Only,Prepaid,Yes,No
CUST02368,21,Female,Delhi,36,Month-to-Month,No Internet,288.21,9925.44,0.5,131,55,0,0,UPI,Smartphone,Prepaid,No,No
CUST02369,55,Male,Bangalore,32,Month-to-Month,Fiber Optic,826.07,26673.14,31.02,379,30,2,1,Cash,Feature Phone,Postpaid,No,Yes
CUST02370,36,Female,Bangalore,17,Month-to-Month,Fiber Optic,853.05,13218.56,48.7,254,49,1,1,Debit Card,Smartphone,Prepaid,Yes,Yes
CUST02371,23,Male,Bangalore,19,Month-to-Month,DSL,426.25,8198.03,32.91,242,21,0,0,Net Banking,Tablet,Prepaid,No,Yes
CUST02372,51,Female,Bangalore,17,Month-to-Month,No Internet,380.73,6680.14,5.72,383,5,0,0,Debit Card,Smartphone,Postpaid,Yes,No
CUST02373,35,Female,Delhi,29,One Year,Fiber Optic,927.28,27408.05,47.53,308,30,2,1,Debit Card,Feature Phone,Postpaid,No,No
CUST02374,30,Male,Delhi,24,One Year,No Internet,422.26,9484.24,9.72,373,40,2,1,Cash,Feature Phone,Postpaid,No,No
CUST02375,58,Male,Delhi,24,One Year,DSL,602.14,14824.09,23.15,378,17,2,1,UPI,Smartphone,Postpaid,No,No
CUST02376,40,Male,Lucknow,14,One Year,No Internet,295.88,4156.88,7.48,178,32,0,0,Cash,Smartphone,Prepaid,Yes,No
CUST02377,36,Male,Delhi,69,Month-to-Month,DSL,600.84,41958.69,21.39,480,41,1,0,Cash,Smartphone,Postpaid,No,No
CUST02378,62,Female,Delhi,0,Month-to-Month,DSL,812.05,812.05,7.77,343,0,1,0,Credit Card,Router Only,Postpaid,Yes,No
CUST02379,28,Female,Lucknow,41,Month-to-Month,No Internet,239.93,9517.31,10.32,180,85,0,0,Cash,Smartphone,Prepaid,No,No
CUST02380,18,Female,Chennai,2,Month-to-Month,Fiber Optic,809.71,1676.36,68.22,303,31,5,2,Credit Card,Smartphone,Prepaid,Yes,Yes
CUST02381,41,Female,Bangalore,48,Two Year,No Internet,460.6,20308.86,3.67,200,59,2,1,Credit Card,Smartphone,Postpaid,Yes,No
CUST02382,24,Female,Delhi,6,One Year,Fiber Optic,788.46,4938.0,60.39,130,98,2,1,Net Banking,Tablet,Prepaid,Yes,No
CUST02383,42,Male,Pune,3,Month-to-Month,Fiber Optic,1080.27,2919.99,45.92,407,0,4,1,Debit Card,Smartphone,Postpaid,No,Yes
CUST02384,38,Male,Delhi,20,Month-to-Month,DSL,637.5,12944.32,16.5,543,32,2,1,Cash,Feature Phone,Postpaid,No,No
CUST02385,32,Other,Pune,15,Month-to-Month,Fiber Optic,812.14,11304.01,68.38,93,55,3,1,UPI,Smartphone,Prepaid,Yes,Yes
CUST02386,18,Male,Lucknow,65,Month-to-Month,DSL,595.79,,,132,96,0,0,,Feature Phone,Prepaid,Yes,No
CUST02387,29,Female,Hyderabad,12,Month-to-Month,DSL,679.15,7945.18,31.5,283,32,2,1,Credit Card,Smartphone,Postpaid,No,Yes
CUST02388,24,Male,Mumbai,20,Month-to-Month,Fiber Optic,852.78,16664.44,41.58,343,102,1,0,UPI,Smartphone,Prepaid,Yes,No
CUST02389,32,Female,Chennai,1,Month-to-Month,Fiber Optic,1027.51,1027.82,50.57,329,55,2,1,Debit Card,Router Only,Postpaid,Yes,No
CUST02390,38,Female,Hyderabad,0,Month-to-Month,DSL,376.9,376.9,26.58,147,36,2,1,Credit Card,Smartphone,Prepaid,Yes,Yes
CUST02391,36,Male,Hyderabad,24,One Year,No Internet,363.44,7891.19,1.87,366,45,1,0,UPI,Smartphone,Postpaid,Yes,No
CUST02392,46,Male,Hyderabad,22,One Year,No Internet,246.81,5053.31,0.5,291,54,1,0,Cash,Tablet,Prepaid,Yes,No
CUST02393,42,Female,Pune,55,Two Year,Fiber Optic,754.5,41804.63,47.64,363,64,4,1,Debit Card,Smartphone,Prepaid,Yes,No
CUST02394,50,Male,Chennai,22,Month-to-Month,No Internet,252.61,5787.29,0.5,156,47,1,0,Debit Card,Feature Phone,Prepaid,Yes,No
CUST02395,66,Male,Lucknow,26,Two Year,Fiber Optic,709.26,18715.77,35.06,389,53,0,0,Credit Card,Smartphone,Prepaid,No,No
CUST02396,49,Female,Ahmedabad,21,One Year,Fiber Optic,804.07,17693.3,36.74,276,51,0,0,Debit Card,Smartphone,Prepaid,No,No
CUST02397,66,Male,Mumbai,60,Month-to-Month,Fiber Optic,755.25,41628.33,44.18,354,41,3,1,Debit Card,Smartphone,Prepaid,Yes,No
CUST02398,52,Female,Pune,6,Month-to-Month,Fiber Optic,850.92,5328.98,34.3,304,16,2,1,Debit Card,Smartphone,Postpaid,No,Yes
CUST02399,61,Female,Mumbai,16,Month-to-Month,DSL,506.23,7744.13,16.2,217,22,2,1,UPI,Smartphone,Prepaid,Yes,Yes
CUST02400,55,Male,Kolkata,9,Month-to-Month,DSL,650.52,5761.36,13.93,349,0,1,0,Credit Card,Smartphone,Postpaid,No,No
CUST02401,43,Female,Delhi,3,Month-to-Month,No Internet,229.76,721.31,3.15,172,64,4,2,Credit Card,Smartphone,Prepaid,Yes,No
CUST02402,28,Female,Hyderabad,38,Two Year,DSL,592.97,21792.25,49.38,423,37,1,0,Cash,Feature Phone,Postpaid,No,No
CUST02403,52,Male,Kolkata,13,Month-to-Month,Fiber Optic,886.96,,54.29,461,0,0,0,Net Banking,Smartphone,Postpaid,No,Yes
CUST02404,25,Male,Mumbai,0,Month-to-Month,DSL,588.03,588.03,39.4,127,67,3,1,Debit Card,Smartphone,Prepaid,Yes,Yes
CUST02405,63,Male,Ahmedabad,9,Month-to-Month,Fiber Optic,840.81,,,109,46,2,1,,Smartphone,Prepaid,Yes,Yes
CUST02406,31,Male,Chennai,0,Month-to-Month,DSL,464.59,464.59,25.99,155,62,1,0,UPI,Smartphone,Prepaid,Yes,Yes
CUST02407,27,Male,Bangalore,17,Two Year,Fiber Optic,916.16,15150.64,62.73,252,0,1,0,Net Banking,Feature Phone,Postpaid,No,No
CUST02408,19,Male,Bangalore,70,Two Year,Fiber Optic,736.21,53517.64,67.07,297,54,1,0,Net Banking,Smartphone,Prepaid,No,No
CUST02409,63,Male,Jaipur,31,Month-to-Month,Fiber Optic,790.36,24061.75,39.77,211,75,3,1,Debit Card,Smartphone,Prepaid,Yes,No
CUST02410,26,Female,Mumbai,47,Month-to-Month,No Internet,473.44,22074.07,0.5,399,60,2,1,UPI,Smartphone,Postpaid,No,No
CUST02411,20,Female,Pune,22,Two Year,DSL,777.87,16654.05,26.56,412,25,2,1,Net Banking,Router Only,Postpaid,Yes,No
CUST02412,38,Female,Pune,10,Month-to-Month,No Internet,452.77,4472.9,0.5,391,24,2,1,UPI,Smartphone,Postpaid,No,Yes
CUST02413,43,Female,Jaipur,27,One Year,Fiber Optic,728.08,18564.45,39.71,161,44,0,0,Cash,Smartphone,Prepaid,No,No
CUST02414,25,Female,Pune,25,Two Year,No Internet,214.09,4980.2,0.5,122,6,3,1,UPI,Tablet,Prepaid,Yes,No
CUST02415,65,Female,Chennai,13,One Year,Fiber Optic,966.48,12046.92,41.27,582,54,2,1,Net Banking,Smartphone,Postpaid,Yes,Yes
CUST02416,19,Female,Jaipur,1,Month-to-Month,DSL,514.97,514.97,32.85,388,48,0,0,Cash,Smartphone,Postpaid,No,Yes
CUST02417,23,Male,Ahmedabad,23,Two Year,Fiber Optic,760.38,18128.75,65.33,367,82,2,1,UPI,Smartphone,Prepaid,No,No
CUST02418,45,Female,Pune,58,Two Year,Fiber Optic,847.86,45354.42,51.46,144,107,2,1,Credit Card,Router Only,Prepaid,No,No
CUST02419,46,Male,Delhi,19,One Year,No Internet,478.28,8505.77,0.5,444,65,0,0,Net Banking,Feature Phone,Postpaid,No,No
CUST02420,43,Male,Bangalore,35,Month-to-Month,DSL,550.88,19635.61,27.95,282,61,0,0,Net Banking,Smartphone,Prepaid,No,No
CUST02421,42,Female,Chennai,29,Two Year,No Internet,277.87,7375.73,15.05,232,61,2,1,Debit Card,Feature Phone,Prepaid,Yes,No
CUST02422,29,Male,Hyderabad,38,Two Year,Fiber Optic,946.3,36661.61,61.82,408,73,1,0,Debit Card,Smartphone,Postpaid,No,No
CUST02423,22,Male,Mumbai,35,Two Year,DSL,682.11,23557.34,23.66,369,18,2,1,Cash,Smartphone,Postpaid,Yes,No
CUST02424,51,Female,Delhi,9,Month-to-Month,Fiber Optic,883.32,7704.09,34.44,299,34,1,0,UPI,Router Only,Prepaid,Yes,No
CUST02425,65,Female,Hyderabad,5,One Year,Fiber Optic,855.6,4408.86,27.82,241,0,4,2,UPI,Feature Phone,Prepaid,No,No
CUST02426,54,Female,Mumbai,36,One Year,No Internet,344.77,11912.81,0.5,320,34,1,0,Cash,Tablet,Postpaid,No,No
CUST02427,32,Female,Mumbai,9,Month-to-Month,DSL,535.14,4532.2,25.94,29,59,1,0,Debit Card,Router Only,Prepaid,No,No
CUST02428,61,Male,Bangalore,19,Month-to-Month,No Internet,244.79,4564.74,1.46,185,70,0,0,Net Banking,Tablet,Prepaid,Yes,Yes
CUST02429,53,Male,Kolkata,0,One Year,Fiber Optic,814.35,814.35,27.86,462,56,4,1,UPI,Smartphone,Prepaid,Yes,No
CUST02430,32,Female,Hyderabad,33,Two Year,No Internet,320.25,9706.16,3.74,150,46,1,1,Cash,Smartphone,Prepaid,Yes,No
CUST02431,60,Male,Mumbai,32,Two Year,DSL,449.69,14646.19,17.76,406,65,0,0,UPI,Smartphone,Prepaid,No,No
CUST02432,65,Female,Delhi,12,Month-to-Month,DSL,496.47,5696.28,17.81,289,36,3,2,Cash,Smartphone,Prepaid,No,Yes
CUST02433,40,Male,Hyderabad,6,Month-to-Month,Fiber Optic,806.5,4446.61,59.35,187,58,2,1,UPI,Smartphone,Prepaid,No,Yes
CUST02434,23,Male,Kolkata,32,Month-to-Month,No Internet,359.0,10510.54,0.5,424,67,2,1,UPI,Feature Phone,Postpaid,Yes,No
CUST02435,63,Female,Pune,13,Two Year,No Internet,433.12,5544.85,0.5,442,0,0,0,Debit Card,Feature Phone,Postpaid,No,No
CUST02436,67,Female,Mumbai,72,Month-to-Month,Fiber Optic,888.3,61148.01,35.91,438,6,0,0,UPI,Smartphone,Postpaid,No,No
CUST02437,61,Female,Bangalore,27,One Year,DSL,641.58,16414.97,25.53,444,0,1,0,UPI,Smartphone,Postpaid,Yes,No
CUST02438,60,Female,Ahmedabad,10,One Year,Fiber Optic,1072.53,10392.71,20.68,395,26,2,1,Net Banking,Router Only,Postpaid,Yes,No
CUST02439,62,Male,Delhi,40,Two Year,DSL,672.7,27415.15,16.56,570,15,1,0,UPI,Tablet,Postpaid,Yes,No
CUST02440,38,Male,Hyderabad,6,Month-to-Month,No Internet,262.65,1458.62,3.3,158,62,2,1,Net Banking,Smartphone,Prepaid,Yes,No
CUST02441,40,Male,Bangalore,7,One Year,Fiber Optic,877.97,5640.63,44.01,429,27,1,0,Net Banking,Smartphone,Postpaid,Yes,No
CUST02442,60,Male,Delhi,27,Two Year,DSL,562.82,15661.72,4.65,425,40,1,0,Debit Card,Feature Phone,Prepaid,No,No
CUST02443,33,Male,Delhi,9,One Year,Fiber Optic,946.32,8701.77,69.26,410,0,3,1,Credit Card,Smartphone,Postpaid,No,Yes
CUST02444,64,Female,Hyderabad,1,Month-to-Month,DSL,407.01,407.01,15.69,318,24,2,1,Debit Card,Feature Phone,Prepaid,No,No
CUST02445,32,Male,Delhi,1,Month-to-Month,No Internet,329.62,329.62,0.5,282,36,3,1,Credit Card,Smartphone,Postpaid,No,No
CUST02446,42,Female,Delhi,56,Two Year,Fiber Optic,865.36,47566.43,56.62,336,16,0,0,Debit Card,Tablet,Postpaid,Yes,No
CUST02447,53,Female,Bangalore,16,Month-to-Month,Fiber Optic,732.91,11915.62,26.98,348,41,1,0,UPI,Smartphone,Prepaid,Yes,No
CUST02448,28,Male,Delhi,19,One Year,DSL,734.99,13257.93,23.49,202,53,1,0,UPI,Router Only,Postpaid,Yes,No
CUST02449,68,Male,Bangalore,6,One Year,DSL,357.03,1948.57,4.7,488,55,1,1,UPI,Smartphone,Prepaid,No,No
CUST02450,32,Male,Delhi,63,Two Year,Fiber Optic,848.01,49579.84,47.99,177,29,1,0,Debit Card,Smartphone,Prepaid,No,No
CUST02451,21,Female,Bangalore,8,Month-to-Month,Fiber Optic,874.42,6518.24,59.88,343,92,2,1,Credit Card,Smartphone,Prepaid,Yes,No
CUST02452,38,Male,Kolkata,27,One Year,Fiber Optic,863.05,22597.78,54.29,149,78,2,1,Credit Card,Smartphone,Prepaid,No,No
CUST02453,30,Male,Chennai,17,Month-to-Month,Fiber Optic,872.22,14464.87,65.86,338,61,2,1,UPI,Smartphone,Postpaid,Yes,Yes
CUST02454,39,Female,Bangalore,11,Month-to-Month,DSL,535.72,5485.0,32.42,141,73,2,1,Credit Card,Tablet,Prepaid,Yes,No
CUST02455,36,Male,Delhi,8,Month-to-Month,Fiber Optic,861.38,6531.45,50.13,87,95,1,0,Debit Card,Smartphone,Prepaid,No,No
CUST02456,51,Female,Chennai,34,Two Year,DSL,620.2,21458.4,28.27,338,26,0,0,Credit Card,Smartphone,Prepaid,Yes,No
CUST02457,31,Female,Delhi,53,Two Year,Fiber Optic,720.4,34611.26,47.24,186,53,1,0,UPI,Smartphone,Prepaid,No,No
CUST02458,21,Female,Delhi,49,Month-to-Month,Fiber Optic,842.11,41737.76,77.78,297,61,3,1,UPI,Smartphone,Prepaid,No,No
CUST02459,65,Male,Pune,22,Month-to-Month,Fiber Optic,779.41,17947.2,35.35,333,20,4,2,Debit Card,Feature Phone,Prepaid,No,Yes
CUST02460,69,Female,Jaipur,7,One Year,DSL,527.34,3743.9,24.93,210,47,1,0,Credit Card,Smartphone,Prepaid,No,No
CUST02461,63,Female,Hyderabad,18,One Year,Fiber Optic,917.31,17168.44,39.01,440,28,1,0,Credit Card,Smartphone,Postpaid,No,Yes
CUST02462,44,Male,Delhi,0,One Year,No Internet,420.39,420.39,3.75,299,37,2,1,UPI,Smartphone,Postpaid,No,Yes
CUST02463,46,Male,Jaipur,14,Two Year,Fiber Optic,919.05,12579.35,51.88,274,36,1,0,Cash,Smartphone,Prepaid,No,No
CUST02464,64,Male,Delhi,34,Two Year,Fiber Optic,899.69,,,378,32,0,0,Debit Card,Smartphone,Postpaid,Yes,No
CUST02465,45,Female,Ahmedabad,26,Month-to-Month,DSL,571.05,13970.83,29.8,368,7,0,0,Credit Card,Tablet,Postpaid,Yes,Yes
CUST02466,52,Female,Bangalore,16,Month-to-Month,Fiber Optic,759.12,11005.27,36.53,262,1,0,0,Debit Card,Smartphone,Prepaid,No,No
CUST02467,25,Female,Bangalore,8,One Year,No Internet,533.45,4326.93,28.32,230,9,2,1,UPI,Router Only,Postpaid,Yes,No
CUST02468,33,Female,Hyderabad,65,Two Year,No Internet,431.28,28276.49,0.5,334,60,4,1,Cash,Smartphone,Postpaid,No,No
CUST02469,59,Male,Lucknow,3,Month-to-Month,Fiber Optic,835.59,2468.91,39.86,562,13,2,1,Credit Card,Smartphone,Postpaid,Yes,Yes
CUST02470,53,Male,Jaipur,9,One Year,DSL,636.16,5989.32,21.08,469,5,0,0,Net Banking,Smartphone,Postpaid,Yes,No
CUST02471,47,Female,Hyderabad,0,Month-to-Month,DSL,682.95,682.95,28.26,499,74,5,2,UPI,Smartphone,Postpaid,No,Yes
CUST02472,35,Female,Pune,47,Two Year,No Internet,516.78,23909.69,0.5,258,48,1,0,Net Banking,Router Only,Postpaid,No,Yes
CUST02473,19,Male,Chennai,23,One Year,Fiber Optic,815.41,19468.66,63.22,127,105,1,1,UPI,Smartphone,Prepaid,No,No
CUST02474,66,Female,Pune,6,Month-to-Month,Fiber Optic,880.36,5197.36,28.02,220,0,3,1,Credit Card,Smartphone,Prepaid,Yes,Yes
CUST02475,30,Female,Ahmedabad,3,Month-to-Month,DSL,485.3,1493.22,31.87,236,79,0,0,UPI,Smartphone,Prepaid,Yes,Yes
CUST02476,21,Female,Delhi,3,Month-to-Month,Fiber Optic,821.95,2404.72,77.6,15,52,1,1,Net Banking,Tablet,Prepaid,No,No
CUST02477,43,Female,Mumbai,32,Two Year,DSL,438.94,14340.48,22.31,274,77,2,1,Cash,Smartphone,Prepaid,Yes,No
CUST02478,42,Female,Lucknow,31,One Year,No Internet,337.71,10123.99,9.67,325,15,1,0,UPI,Smartphone,Prepaid,Yes,No
CUST02479,47,Male,Lucknow,21,One Year,Fiber Optic,726.07,15029.92,66.48,279,23,1,0,Credit Card,Smartphone,Prepaid,Yes,No
CUST02480,28,Female,Delhi,4,Month-to-Month,No Internet,214.96,799.12,4.18,151,90,3,1,Debit Card,Smartphone,Prepaid,Yes,Yes
CUST02481,24,Male,Mumbai,14,Month-to-Month,No Internet,400.46,5565.75,0.5,453,7,1,0,Net Banking,Smartphone,Postpaid,Yes,No
CUST02482,48,Female,Lucknow,24,Month-to-Month,No Internet,373.03,9129.02,4.47,358,57,1,0,UPI,Feature Phone,Postpaid,Yes,No
CUST02483,61,Male,Hyderabad,9,Month-to-Month,DSL,527.61,4870.27,26.38,290,72,0,0,UPI,Feature Phone,Prepaid,Yes,No
CUST02484,27,Female,Chennai,0,Month-to-Month,DSL,412.76,412.76,22.05,217,68,1,1,Credit Card,Smartphone,Prepaid,Yes,Yes
CUST02485,56,Female,Delhi,22,Month-to-Month,Fiber Optic,790.73,15685.44,30.46,170,17,3,1,Credit Card,Router Only,Prepaid,No,Yes
CUST02486,30,Male,Jaipur,29,Month-to-Month,No Internet,293.22,8842.5,0.5,331,80,2,1,UPI,Router Only,Prepaid,Yes,No
CUST02487,48,Male,Mumbai,21,One Year,Fiber Optic,867.46,16554.45,46.74,271,68,1,0,Debit Card,Smartphone,Prepaid,No,Yes
CUST02488,24,Other,Mumbai,36,Two Year,Fiber Optic,834.1,30219.35,58.53,394,55,3,1,Debit Card,Smartphone,Postpaid,No,No
CUST02489,66,Female,Mumbai,9,Month-to-Month,Fiber Optic,978.18,9008.87,48.74,426,0,4,2,UPI,Smartphone,Postpaid,No,Yes
CUST02490,59,Male,Jaipur,39,One Year,DSL,556.55,22032.38,24.65,284,28,0,0,Credit Card,Smartphone,Prepaid,Yes,No
CUST02491,59,Other,Pune,33,Month-to-Month,Fiber Optic,808.87,27114.13,51.47,295,35,2,1,Net Banking,Smartphone,Prepaid,Yes,Yes
CUST02492,53,Female,Kolkata,24,Month-to-Month,DSL,591.63,13255.54,22.0,419,12,1,1,Credit Card,Smartphone,Postpaid,No,No
CUST02493,37,Female,Bangalore,21,Two Year,DSL,454.31,8710.75,33.25,263,69,1,0,Net Banking,Feature Phone,Prepaid,Yes,No
CUST02494,21,Male,Jaipur,0,Month-to-Month,Fiber Optic,862.61,862.61,73.01,157,35,7,4,Debit Card,Smartphone,Prepaid,No,Yes
CUST02495,24,Female,Kolkata,47,Month-to-Month,Fiber Optic,794.89,37163.85,58.06,87,43,3,1,Debit Card,Smartphone,Prepaid,No,No
CUST02496,18,Female,Kolkata,4,Month-to-Month,Fiber Optic,956.78,,,258,43,1,0,,Tablet,Postpaid,No,No
CUST02497,61,Female,Lucknow,6,Month-to-Month,Fiber Optic,792.18,4529.08,42.44,197,0,1,1,UPI,Smartphone,Prepaid,No,No
CUST02498,62,Female,Bangalore,32,One Year,Fiber Optic,808.77,26491.19,28.51,296,14,1,0,Credit Card,Smartphone,Prepaid,Yes,No
CUST02499,59,Female,Chennai,0,Month-to-Month,Fiber Optic,806.74,806.74,20.48,470,50,1,0,Credit Card,Smartphone,Prepaid,Yes,No
CUST02500,64,Female,Jaipur,0,Month-to-Month,No Internet,455.16,455.16,2.88,459,53,1,0,Cash,Smartphone,Postpaid,No,No
CUST02501,30,Male,Kolkata,72,Two Year,DSL,465.74,31321.44,30.45,86,100,0,0,UPI,Tablet,Prepaid,No,No
CUST02502,39,Male,Chennai,16,Month-to-Month,DSL,590.6,9589.02,16.34,359,32,2,1,Debit Card,Smartphone,Postpaid,No,No
CUST02503,38,Male,Delhi,9,Month-to-Month,Fiber Optic,798.29,6695.41,54.77,231,67,2,1,Credit Card,Smartphone,Prepaid,No,No
CUST02504,39,Male,Pune,68,Two Year,Fiber Optic,792.17,49135.3,52.71,341,21,1,1,Net Banking,Tablet,Prepaid,No,No
CUST02505,45,Female,Hyderabad,2,Month-to-Month,DSL,499.66,1017.19,25.32,374,48,1,0,Credit Card,Tablet,Prepaid,No,Yes
CUST02506,26,Female,Mumbai,39,Two Year,DSL,765.73,30376.79,24.71,361,4,1,0,Debit Card,Smartphone,Postpaid,No,No
CUST02507,43,Female,Jaipur,50,Two Year,Fiber Optic,908.31,41624.61,49.44,517,49,3,1,UPI,Smartphone,Postpaid,Yes,No
CUST02508,26,Male,Bangalore,10,Month-to-Month,Fiber Optic,998.4,9623.03,66.85,230,65,0,0,Net Banking,Smartphone,Postpaid,No,Yes
CUST02509,32,Female,Bangalore,1,Month-to-Month,No Internet,227.61,227.61,14.0,183,17,1,1,Debit Card,Smartphone,Prepaid,Yes,No
CUST02510,27,Male,Pune,20,Month-to-Month,Fiber Optic,989.23,19948.77,48.09,470,29,3,1,UPI,Smartphone,Postpaid,Yes,Yes
CUST02511,41,Male,Hyderabad,22,Two Year,Fiber Optic,807.48,18063.71,74.32,170,50,1,0,UPI,Smartphone,Prepaid,No,No
CUST02512,59,Male,Delhi,49,Month-to-Month,Fiber Optic,826.22,40512.02,47.41,135,30,2,1,Debit Card,Smartphone,Prepaid,No,No
CUST02513,25,Female,Bangalore,5,One Year,DSL,535.03,,,107,24,2,1,Cash,Smartphone,Prepaid,No,No
CUST02514,41,Male,Delhi,35,Two Year,DSL,459.43,14800.16,27.31,286,70,2,1,Net Banking,Smartphone,Prepaid,Yes,No
CUST02515,33,Female,Mumbai,35,Two Year,Fiber Optic,655.9,24061.1,43.22,131,68,1,0,Credit Card,Tablet,Prepaid,Yes,No
CUST02516,66,Male,Delhi,35,Two Year,Fiber Optic,1003.03,32944.33,33.98,340,16,2,1,UPI,Smartphone,Postpaid,Yes,No
CUST02517,43,Female,Mumbai,12,One Year,DSL,354.29,4361.12,30.63,109,17,0,0,Net Banking,Smartphone,Prepaid,Yes,No
CUST02518,44,Female,Bangalore,29,Two Year,Fiber Optic,758.91,20059.73,43.27,291,0,1,0,UPI,Smartphone,Prepaid,Yes,No
CUST02519,54,Female,Hyderabad,16,Month-to-Month,Fiber Optic,987.83,14677.3,32.28,628,7,4,2,UPI,Router Only,Postpaid,Yes,Yes
CUST02520,21,Female,Jaipur,21,One Year,Fiber Optic,851.63,17939.68,66.49,155,59,0,0,Credit Card,Smartphone,Prepaid,No,No
CUST02521,67,Female,Hyderabad,18,One Year,Fiber Optic,897.15,14635.47,38.5,281,19,3,1,Credit Card,Smartphone,Prepaid,Yes,Yes
CUST02522,41,Female,Pune,6,Month-to-Month,DSL,603.64,3263.55,19.01,224,15,0,0,Debit Card,Router Only,Prepaid,No,No
CUST02523,36,Female,Bangalore,29,Month-to-Month,DSL,472.49,13597.22,27.24,7,57,0,0,UPI,Smartphone,Prepaid,Yes,Yes
CUST02524,53,Male,Kolkata,27,One Year,No Internet,353.62,9558.12,5.78,419,24,1,0,Cash,Tablet,Postpaid,Yes,No
CUST02525,56,Male,Chennai,0,Month-to-Month,DSL,520.19,520.19,11.4,329,4,3,1,Net Banking,Smartphone,Prepaid,No,Yes
CUST02526,27,Male,Bangalore,34,Month-to-Month,No Internet,164.57,5760.96,0.5,203,53,1,0,Credit Card,Smartphone,Prepaid,No,No
CUST02527,42,Female,Mumbai,14,Month-to-Month,No Internet,149.0,1976.59,4.3,269,66,0,0,UPI,Smartphone,Prepaid,No,Yes
CUST02528,35,Female,Mumbai,15,Two Year,Fiber Optic,847.22,11602.75,54.25,185,87,2,1,Net Banking,Router Only,Prepaid,Yes,No
CUST02529,36,Female,Chennai,22,Month-to-Month,Fiber Optic,771.07,16279.16,47.92,38,98,3,1,Debit Card,Smartphone,Prepaid,No,No
CUST02530,53,Female,Bangalore,56,Two Year,DSL,518.61,27245.79,20.38,363,0,1,1,Debit Card,Smartphone,Postpaid,No,No
CUST02531,27,Male,Jaipur,1,Month-to-Month,DSL,699.59,730.2,34.26,239,106,0,0,UPI,Router Only,Prepaid,Yes,Yes
CUST02532,50,Female,Mumbai,17,Month-to-Month,No Internet,359.22,5680.02,0.5,447,61,2,1,UPI,Feature Phone,Postpaid,Yes,No
CUST02533,67,Female,Delhi,2,Month-to-Month,DSL,591.36,1188.61,15.42,493,4,1,0,Debit Card,Smartphone,Postpaid,Yes,Yes
CUST02534,22,Male,Chennai,24,One Year,DSL,692.47,17256.65,33.38,383,98,0,0,Debit Card,Smartphone,Postpaid,Yes,No
CUST02535,64,Female,Jaipur,41,Two Year,Fiber Optic,863.61,35422.61,46.02,492,0,0,0,UPI,Smartphone,Postpaid,Yes,No
CUST02536,66,Male,Bangalore,22,One Year,Fiber Optic,924.33,18504.26,38.45,541,43,1,0,UPI,Tablet,Postpaid,Yes,No
CUST02537,52,Female,Chennai,16,One Year,No Internet,261.86,4352.82,7.42,315,35,2,1,UPI,Tablet,Prepaid,Yes,No
CUST02538,61,Male,Mumbai,3,Month-to-Month,No Internet,190.63,527.4,0.5,409,20,0,0,Net Banking,Smartphone,Prepaid,Yes,Yes
CUST02539,51,Female,Hyderabad,14,One Year,Fiber Optic,790.63,10293.63,53.71,323,27,3,1,Credit Card,Smartphone,Prepaid,Yes,No
CUST02540,50,Female,Kolkata,7,Month-to-Month,DSL,628.46,4440.23,11.82,245,18,0,0,Debit Card,Router Only,Prepaid,Yes,No
CUST02541,38,Male,Ahmedabad,9,Month-to-Month,DSL,468.47,4106.18,30.65,326,28,0,0,Net Banking,Smartphone,Prepaid,Yes,No
CUST02542,34,Male,Delhi,21,Two Year,Fiber Optic,914.92,19534.22,55.66,308,55,3,1,UPI,Smartphone,Prepaid,Yes,No
CUST02543,39,Female,Bangalore,16,Two Year,No Internet,236.07,3492.58,0.5,256,68,0,0,Cash,Smartphone,Prepaid,Yes,No
CUST02544,65,Female,Chennai,6,Month-to-Month,DSL,497.67,3071.12,13.51,384,74,3,1,UPI,Tablet,Prepaid,Yes,Yes
CUST02545,54,Female,Delhi,29,Two Year,Fiber Optic,938.24,25729.53,41.33,412,27,0,0,UPI,Smartphone,Postpaid,No,No
CUST02546,32,Male,Pune,41,One Year,Fiber Optic,798.06,32007.22,49.58,114,37,2,1,UPI,Tablet,Prepaid,Yes,No
CUST02547,52,Male,Hyderabad,1,Month-to-Month,Fiber Optic,916.39,916.39,35.99,544,38,2,1,Credit Card,Smartphone,Postpaid,No,Yes
CUST02548,45,Female,Mumbai,37,Month-to-Month,Fiber Optic,1021.54,36007.7,34.92,520,31,3,1,Net Banking,Smartphone,Postpaid,Yes,Yes
CUST02549,24,Female,Kolkata,24,Two Year,Fiber Optic,880.3,20156.7,61.18,0,77,2,1,Debit Card,Smartphone,Prepaid,Yes,No
CUST02550,49,Female,Mumbai,28,One Year,Fiber Optic,833.93,24401.44,46.13,193,12,2,1,UPI,Smartphone,Prepaid,No,No
CUST02551,28,Male,Lucknow,38,Month-to-Month,DSL,500.09,19471.91,30.38,267,52,2,1,Credit Card,Feature Phone,Prepaid,No,No
CUST02552,27,Female,Kolkata,15,One Year,DSL,620.55,8458.12,20.48,179,52,1,0,Net Banking,Smartphone,Postpaid,Yes,No
CUST02553,26,Female,Pune,20,One Year,DSL,621.41,11717.9,29.94,488,19,0,0,Cash,Smartphone,Postpaid,No,No
CUST02554,31,Female,Delhi,9,Month-to-Month,DSL,631.14,5288.37,45.45,360,36,0,0,Credit Card,Feature Phone,Prepaid,Yes,Yes
CUST02555,30,Female,Jaipur,23,One Year,No Internet,327.4,7137.39,0.5,63,77,0,0,UPI,Router Only,Prepaid,Yes,No
CUST02556,42,Female,Kolkata,11,Month-to-Month,No Internet,285.27,2830.35,4.83,451,40,1,0,Cash,Tablet,Postpaid,Yes,Yes
CUST02557,19,Female,Mumbai,23,One Year,Fiber Optic,892.95,20893.49,74.53,108,79,0,0,UPI,Smartphone,Prepaid,Yes,No
CUST02558,52,Male,Bangalore,48,Two Year,Fiber Optic,859.06,37967.34,28.47,397,15,2,1,Net Banking,Smartphone,Postpaid,No,No
CUST02559,24,Female,Mumbai,12,Two Year,Fiber Optic,733.7,8191.69,59.74,36,101,0,0,Credit Card,Feature Phone,Prepaid,Yes,No
CUST02560,38,Male,Lucknow,25,One Year,DSL,643.55,16063.2,34.24,411,8,3,1,Debit Card,Feature Phone,Postpaid,Yes,No
CUST02561,35,Male,Ahmedabad,38,Two Year,No Internet,246.98,9334.23,0.5,238,21,0,0,Debit Card,Smartphone,Prepaid,Yes,No
CUST02562,20,Male,Jaipur,61,Two Year,DSL,495.44,30944.81,37.61,128,41,1,0,Cash,Smartphone,Prepaid,Yes,No
CUST02563,59,Female,Kolkata,5,Month-to-Month,DSL,508.84,2342.1,23.24,409,62,3,1,Net Banking,Smartphone,Prepaid,No,No
CUST02564,56,Male,Bangalore,22,Two Year,DSL,608.16,12483.25,11.57,614,20,1,0,Net Banking,Smartphone,Postpaid,Yes,No
CUST02565,58,Male,Mumbai,2,Month-to-Month,DSL,401.76,828.78,17.64,257,74,0,0,UPI,Smartphone,Prepaid,No,No
CUST02566,66,Female,Mumbai,19,Month-to-Month,No Internet,227.0,4312.66,20.49,191,79,4,1,UPI,Smartphone,Prepaid,No,No
CUST02567,28,Male,Delhi,33,One Year,No Internet,327.82,9864.36,0.5,164,53,1,0,Net Banking,Smartphone,Postpaid,Yes,No
CUST02568,56,Male,Hyderabad,54,Month-to-Month,DSL,696.35,,,588,14,1,0,,Smartphone,Postpaid,Yes,No
CUST02569,41,Female,Jaipur,70,Month-to-Month,DSL,464.89,31891.82,29.16,193,42,0,0,Net Banking,Smartphone,Prepaid,No,No
CUST02570,63,Female,Lucknow,28,One Year,Fiber Optic,935.55,26525.39,36.76,451,40,4,2,Credit Card,Smartphone,Postpaid,Yes,No
CUST02571,36,Male,Mumbai,37,Month-to-Month,Fiber Optic,881.45,32499.59,55.29,154,31,4,1,Credit Card,Smartphone,Prepaid,No,Yes
CUST02572,21,Female,Pune,33,Two Year,Fiber Optic,962.08,31802.49,74.56,266,38,3,1,Debit Card,Smartphone,Postpaid,No,No
CUST02573,43,Female,Chennai,8,Month-to-Month,Fiber Optic,749.75,5912.82,41.72,281,54,1,0,Credit Card,Feature Phone,Prepaid,No,No
CUST02574,55,Male,Hyderabad,46,Two Year,No Internet,230.25,10932.58,2.17,251,38,0,0,Credit Card,Smartphone,Prepaid,No,No
CUST02575,59,Female,Pune,0,Month-to-Month,Fiber Optic,799.92,799.92,17.04,128,55,1,0,Debit Card,Smartphone,Prepaid,Yes,Yes
CUST02576,49,Female,Bangalore,26,One Year,Fiber Optic,986.22,25406.74,58.03,432,20,3,2,Credit Card,Tablet,Postpaid,Yes,Yes
CUST02577,56,Male,Lucknow,17,Month-to-Month,DSL,498.66,8559.39,16.37,185,0,2,1,Net Banking,Feature Phone,Prepaid,Yes,No
CUST02578,62,Male,Pune,41,One Year,DSL,445.74,17715.53,23.16,350,0,4,2,UPI,Smartphone,Prepaid,No,No
CUST02579,63,Female,Kolkata,15,Month-to-Month,No Internet,468.06,6602.45,8.26,405,0,1,0,Debit Card,Smartphone,Postpaid,Yes,No
CUST02580,53,Female,Mumbai,4,Month-to-Month,Fiber Optic,878.29,3497.13,39.52,345,36,2,1,Debit Card,Smartphone,Postpaid,No,No
CUST02581,57,Male,Delhi,8,Month-to-Month,No Internet,283.4,2317.69,0.5,213,15,1,0,UPI,Smartphone,Prepaid,No,No
CUST02582,54,Female,Bangalore,44,One Year,Fiber Optic,816.57,33751.31,27.34,110,74,3,1,UPI,Tablet,Prepaid,Yes,Yes
CUST02583,50,Female,Kolkata,15,Two Year,No Internet,243.63,3632.12,0.5,305,52,1,0,Credit Card,Smartphone,Prepaid,Yes,No
CUST02584,53,Female,Jaipur,5,Month-to-Month,DSL,590.57,2933.31,11.52,569,9,3,1,UPI,Smartphone,Postpaid,Yes,No
CUST02585,20,Female,Bangalore,23,One Year,DSL,490.12,11699.12,35.84,379,51,0,0,UPI,Smartphone,Postpaid,Yes,No
CUST02586,26,Male,Kolkata,17,One Year,Fiber Optic,703.11,12118.93,68.67,177,64,2,1,Debit Card,Smartphone,Prepaid,No,No
CUST02587,25,Female,Hyderabad,15,Month-to-Month,DSL,771.69,11826.49,28.39,327,63,1,0,Debit Card,Router Only,Postpaid,Yes,Yes
CUST02588,50,Female,Mumbai,5,Month-to-Month,DSL,523.89,2581.84,20.36,212,93,1,0,UPI,Tablet,Prepaid,No,No
CUST02589,23,Male,Pune,0,Month-to-Month,Fiber Optic,1040.72,1040.72,64.47,227,38,4,2,Net Banking,Tablet,Postpaid,Yes,Yes
CUST02590,58,Female,Kolkata,14,Month-to-Month,Fiber Optic,801.55,10511.61,29.78,379,37,1,0,UPI,Smartphone,Prepaid,No,Yes
CUST02591,56,Female,Mumbai,1,Month-to-Month,No Internet,252.06,252.06,7.55,224,53,2,1,Net Banking,Smartphone,Prepaid,Yes,Yes
CUST02592,21,Male,Mumbai,3,Month-to-Month,DSL,606.97,1819.72,39.5,321,52,0,0,UPI,Smartphone,Postpaid,Yes,No
CUST02593,30,Female,Hyderabad,3,Month-to-Month,No Internet,476.32,1464.78,0.5,515,16,0,0,Net Banking,Router Only,Postpaid,Yes,Yes
CUST02594,66,Male,Mumbai,47,Two Year,DSL,649.15,28217.38,27.42,431,43,0,0,Cash,Smartphone,Postpaid,Yes,No
CUST02595,19,Male,Jaipur,17,Two Year,Fiber Optic,998.81,16114.03,61.18,186,65,0,0,Credit Card,Router Only,Prepaid,No,No
CUST02596,22,Male,Chennai,24,One Year,Fiber Optic,969.84,23711.78,73.94,546,32,3,1,Credit Card,Feature Phone,Postpaid,No,No
CUST02597,61,Male,Delhi,15,One Year,No Internet,374.23,5417.74,5.48,398,0,1,0,Credit Card,Smartphone,Postpaid,Yes,No
CUST02598,44,Female,Mumbai,9,Month-to-Month,DSL,607.36,5316.83,24.16,481,45,0,0,Credit Card,Smartphone,Postpaid,Yes,No
CUST02599,49,Male,Lucknow,6,Month-to-Month,Fiber Optic,818.71,4877.35,38.42,374,19,2,1,UPI,Tablet,Postpaid,No,No
CUST02600,38,Female,Pune,12,Month-to-Month,DSL,420.09,5086.86,14.71,313,91,0,0,Net Banking,Tablet,Prepaid,Yes,No
CUST02601,25,Male,Pune,23,One Year,Fiber Optic,777.03,,,233,66,3,1,,Smartphone,Prepaid,Yes,No
CUST02602,55,Female,Delhi,52,Two Year,No Internet,399.13,21368.85,0.5,659,2,2,1,Debit Card,Smartphone,Postpaid,Yes,No
CUST02603,25,Female,Jaipur,2,Month-to-Month,Fiber Optic,746.68,1425.6,64.02,35,42,2,1,UPI,Smartphone,Prepaid,No,Yes
CUST02604,67,Female,Bangalore,11,Month-to-Month,Fiber Optic,1016.48,10500.68,33.94,407,2,3,1,UPI,Smartphone,Postpaid,Yes,No
CUST02605,20,Male,Pune,28,One Year,Fiber Optic,995.9,28022.78,74.25,228,78,2,1,Debit Card,Feature Phone,Postpaid,Yes,No
CUST02606,61,Male,Lucknow,36,Two Year,Fiber Optic,925.64,31789.49,38.61,270,28,3,1,Net Banking,Router Only,Prepaid,No,No
CUST02607,20,Male,Delhi,12,Month-to-Month,DSL,715.74,8382.34,32.96,404,36,0,0,UPI,Smartphone,Postpaid,No,No
CUST02608,39,Female,Hyderabad,0,Month-to-Month,DSL,571.7,571.7,18.87,53,42,4,2,Net Banking,Feature Phone,Prepaid,Yes,No
CUST02609,23,Male,Delhi,39,Two Year,DSL,618.58,24800.64,36.59,373,40,1,0,Credit Card,Smartphone,Postpaid,Yes,No
CUST02610,19,Female,Hyderabad,22,Month-to-Month,DSL,469.94,10079.69,24.33,163,74,3,1,Debit Card,Smartphone,Prepaid,No,No
CUST02611,40,Female,Mumbai,11,One Year,Fiber Optic,792.68,7933.09,48.56,207,52,3,1,UPI,Smartphone,Prepaid,No,Yes
CUST02612,61,Male,Jaipur,39,Two Year,DSL,624.7,22134.21,29.58,424,42,0,0,Credit Card,Tablet,Postpaid,No,No
CUST02613,19,Female,Bangalore,25,Two Year,No Internet,151.02,3604.56,8.24,53,64,0,0,Net Banking,Smartphone,Prepaid,Yes,No
CUST02614,55,Female,Chennai,8,Month-to-Month,Fiber Optic,826.09,6351.91,25.84,530,37,2,1,Credit Card,Smartphone,Prepaid,No,Yes
CUST02615,34,Female,Ahmedabad,6,Month-to-Month,Fiber Optic,1050.36,5707.28,52.15,169,29,3,1,Debit Card,Router Only,Postpaid,Yes,Yes
CUST02616,52,Male,Lucknow,1,Month-to-Month,DSL,667.27,685.86,11.04,254,84,3,1,Debit Card,Router Only,Prepaid,Yes,Yes
CUST02617,51,Male,Hyderabad,25,One Year,Fiber Optic,865.12,21108.66,44.16,442,29,0,0,Credit Card,Smartphone,Postpaid,No,Yes
CUST02618,40,Male,Bangalore,26,One Year,Fiber Optic,1000.6,25551.95,50.69,420,3,3,1,Debit Card,Smartphone,Postpaid,No,No
CUST02619,47,Female,Delhi,33,Two Year,DSL,724.6,23858.49,30.5,337,34,2,1,Cash,Router Only,Prepaid,No,No
CUST02620,69,Female,Delhi,2,Month-to-Month,No Internet,349.72,,,485,0,1,1,Credit Card,Tablet,Postpaid,No,Yes
CUST02621,25,Male,Chennai,22,One Year,DSL,565.64,12175.78,24.53,325,69,0,0,Credit Card,Router Only,Prepaid,Yes,No
CUST02622,39,Female,Delhi,21,Month-to-Month,DSL,510.62,10009.18,28.91,140,1,1,1,UPI,Smartphone,Prepaid,Yes,No
CUST02623,61,Male,Bangalore,4,Month-to-Month,Fiber Optic,826.67,3182.0,28.92,369,61,0,0,Debit Card,Smartphone,Prepaid,Yes,Yes
CUST02624,53,Female,Delhi,3,Month-to-Month,DSL,521.35,1554.71,24.97,364,53,0,0,Debit Card,Smartphone,Postpaid,No,Yes
CUST02625,22,Other,Chennai,10,Month-to-Month,DSL,551.06,5154.5,35.96,95,33,4,2,UPI,Smartphone,Prepaid,No,Yes
CUST02626,30,Female,Bangalore,53,Two Year,DSL,639.92,35019.27,30.98,420,22,1,0,Debit Card,Router Only,Postpaid,No,No
CUST02627,46,Female,Delhi,1,Month-to-Month,Fiber Optic,847.87,847.87,41.81,181,57,4,2,Debit Card,Smartphone,Prepaid,No,No
CUST02628,48,Male,Mumbai,37,Month-to-Month,DSL,535.34,18729.29,20.75,47,0,1,0,UPI,Smartphone,Postpaid,Yes,No
CUST02629,64,Male,Chennai,2,Month-to-Month,No Internet,206.69,429.16,0.5,348,0,2,1,Credit Card,Smartphone,Prepaid,Yes,No
CUST02630,33,Female,Pune,36,Month-to-Month,DSL,706.27,24367.49,35.91,343,88,1,1,Cash,Smartphone,Postpaid,Yes,No
CUST02631,59,Male,Hyderabad,9,Month-to-Month,Fiber Optic,908.35,7525.07,18.5,591,0,4,1,Credit Card,Smartphone,Postpaid,No,Yes
CUST02632,47,Male,Kolkata,60,Two Year,Fiber Optic,1012.71,58583.29,53.95,446,0,1,0,Net Banking,Feature Phone,Postpaid,Yes,No
CUST02633,33,Female,Delhi,65,Two Year,Fiber Optic,950.53,58748.18,45.64,382,38,0,0,Net Banking,Smartphone,Postpaid,No,No
CUST02634,29,Male,Delhi,10,Month-to-Month,Fiber Optic,805.28,7845.61,68.3,265,80,4,2,Debit Card,Smartphone,Prepaid,No,Yes
CUST02635,34,Female,Delhi,17,One Year,No Internet,370.57,6248.67,0.5,314,51,3,1,Credit Card,Tablet,Postpaid,Yes,No
CUST02636,33,Female,Hyderabad,0,Month-to-Month,DSL,440.79,440.79,26.41,363,30,0,0,Net Banking,Smartphone,Prepaid,No,Yes
CUST02637,29,Female,Pune,2,Month-to-Month,DSL,756.94,1524.0,26.38,349,55,1,1,UPI,Smartphone,Postpaid,No,No
CUST02638,25,Female,Delhi,12,One Year,No Internet,405.01,,0.5,297,21,2,1,Debit Card,Smartphone,Postpaid,No,No
CUST02639,37,Female,Chennai,16,Month-to-Month,Fiber Optic,707.47,11611.55,45.43,279,4,0,0,Credit Card,Tablet,Prepaid,Yes,No
CUST02640,20,Female,Hyderabad,17,Month-to-Month,DSL,533.86,9477.81,49.2,207,114,1,1,Cash,Smartphone,Prepaid,No,No
CUST02641,33,Female,Lucknow,8,Month-to-Month,Fiber Optic,859.22,6200.49,46.38,317,54,3,1,Debit Card,Smartphone,Postpaid,Yes,No
CUST02642,47,Male,Pune,6,Month-to-Month,Fiber Optic,941.41,5182.27,47.42,470,30,2,1,Credit Card,Smartphone,Postpaid,No,Yes
CUST02643,62,Female,Pune,2,Month-to-Month,Fiber Optic,869.94,1699.01,30.42,390,51,5,2,Cash,Smartphone,Postpaid,No,Yes
CUST02644,40,Female,Chennai,0,Month-to-Month,No Internet,343.62,343.62,10.54,422,6,0,0,Debit Card,Feature Phone,Postpaid,Yes,No
CUST02645,45,Male,Lucknow,12,Month-to-Month,Fiber Optic,958.06,11917.35,45.25,252,0,2,1,UPI,Feature Phone,Postpaid,Yes,Yes
CUST02646,68,Male,Lucknow,10,One Year,Fiber Optic,961.53,9563.13,41.6,474,0,2,1,UPI,Tablet,Postpaid,Yes,No
CUST02647,57,Female,Hyderabad,5,Month-to-Month,DSL,571.26,2940.97,21.15,363,18,2,1,Net Banking,Smartphone,Postpaid,Yes,Yes
CUST02648,22,Male,Bangalore,9,Month-to-Month,Fiber Optic,956.54,8422.5,59.49,235,72,2,1,Credit Card,Smartphone,Postpaid,No,Yes
CUST02649,37,Female,Hyderabad,32,Month-to-Month,Fiber Optic,695.05,22318.23,48.8,114,22,1,1,Net Banking,Tablet,Prepaid,No,No
CUST02650,57,Female,Bangalore,53,Two Year,DSL,565.93,31149.88,16.15,158,28,1,1,Cash,Smartphone,Prepaid,Yes,No
CUST02651,61,Male,Hyderabad,2,Month-to-Month,Fiber Optic,949.59,1902.26,32.32,466,23,2,1,Debit Card,Smartphone,Postpaid,No,Yes
CUST02652,18,Female,Mumbai,47,Two Year,No Internet,397.55,18169.13,0.5,365,75,1,0,UPI,Smartphone,Postpaid,Yes,No
CUST02653,47,Male,Jaipur,0,Month-to-Month,DSL,448.59,448.59,31.06,287,34,4,2,Net Banking,Smartphone,Prepaid,Yes,Yes
CUST02654,38,Female,Hyderabad,43,Two Year,Fiber Optic,902.67,,,304,71,2,1,UPI,Smartphone,Postpaid,No,No
CUST02655,37,Male,Ahmedabad,8,Month-to-Month,Fiber Optic,999.13,7373.64,49.22,371,57,3,1,UPI,Smartphone,Postpaid,No,No
CUST02656,23,Female,Hyderabad,3,Month-to-Month,DSL,521.11,1587.6,23.29,203,42,2,1,UPI,Smartphone,Prepaid,No,No
CUST02657,39,Male,Pune,45,Month-to-Month,Fiber Optic,854.7,37006.43,48.92,331,59,3,1,Net Banking,Smartphone,Prepaid,No,No
CUST02658,35,Male,Bangalore,16,One Year,DSL,605.25,8853.27,14.66,569,15,1,0,UPI,Feature Phone,Postpaid,Yes,No
CUST02659,25,Male,Chennai,0,One Year,DSL,485.22,485.22,34.31,116,53,0,0,UPI,Smartphone,Prepaid,No,No
CUST02660,56,Male,Hyderabad,52,Month-to-Month,DSL,667.39,35211.21,14.0,501,56,0,0,Debit Card,Smartphone,Postpaid,No,No
CUST02661,49,Female,Bangalore,2,Month-to-Month,DSL,485.34,888.94,16.07,177,45,3,1,UPI,Feature Phone,Prepaid,Yes,No
CUST02662,50,Male,Jaipur,19,One Year,No Internet,275.3,5065.31,12.2,133,65,0,0,Credit Card,Smartphone,Prepaid,Yes,No
CUST02663,33,Female,Delhi,58,Two Year,Fiber Optic,912.86,51473.57,51.39,265,47,2,1,Debit Card,Smartphone,Postpaid,Yes,No
CUST02664,29,Female,Hyderabad,46,Two Year,Fiber Optic,725.78,31221.69,72.58,209,107,3,1,Credit Card,Smartphone,Prepaid,No,No
CUST02665,55,Female,Mumbai,11,One Year,DSL,672.47,7544.19,9.64,420,7,0,0,UPI,Tablet,Postpaid,Yes,No
CUST02666,69,Female,Ahmedabad,1,Month-to-Month,Fiber Optic,711.07,711.07,28.37,361,32,3,1,Debit Card,Smartphone,Prepaid,Yes,No
CUST02667,51,Female,Mumbai,2,Month-to-Month,DSL,771.4,1520.97,16.85,177,26,1,0,UPI,Smartphone,Postpaid,No,No
CUST02668,31,Male,Chennai,25,Two Year,DSL,479.38,11429.57,28.11,202,17,1,0,Net Banking,Smartphone,Prepaid,No,No
CUST02669,53,Male,Delhi,25,Two Year,Fiber Optic,924.83,21660.1,31.4,342,0,1,0,UPI,Tablet,Postpaid,No,No
CUST02670,50,Female,Bangalore,52,Two Year,Fiber Optic,961.96,51038.66,52.71,210,9,1,0,Credit Card,Smartphone,Postpaid,Yes,No
CUST02671,40,Female,Jaipur,40,One Year,DSL,773.58,30322.42,27.07,326,76,0,0,Debit Card,Router Only,Postpaid,Yes,No
CUST02672,67,Female,Delhi,30,Two Year,No Internet,219.61,6167.53,0.5,262,0,1,0,Cash,Smartphone,Prepaid,No,No
CUST02673,62,Male,Pune,53,Two Year,Fiber Optic,810.61,41412.05,32.11,454,66,1,0,Net Banking,Smartphone,Prepaid,Yes,No
CUST02674,19,Male,Mumbai,28,One Year,DSL,467.28,12866.24,35.14,97,70,0,0,Credit Card,Smartphone,Prepaid,Yes,No
CUST02675,58,Male,Bangalore,23,One Year,DSL,822.37,18598.14,15.69,362,0,0,0,Cash,Router Only,Postpaid,Yes,No
CUST02676,38,Female,Hyderabad,31,Month-to-Month,Fiber Optic,949.59,28956.28,44.53,188,68,0,0,Credit Card,Router Only,Prepaid,Yes,Yes
CUST02677,19,Female,Chennai,15,One Year,Fiber Optic,768.12,10661.88,74.53,366,35,5,2,UPI,Smartphone,Prepaid,No,Yes
CUST02678,44,Male,Chennai,21,Two Year,Fiber Optic,924.1,19080.65,60.52,600,47,2,1,UPI,Smartphone,Postpaid,Yes,No
CUST02679,26,Male,Chennai,0,Month-to-Month,DSL,614.53,614.53,29.94,295,11,0,0,Credit Card,Smartphone,Postpaid,No,Yes
CUST02680,18,Female,Mumbai,17,One Year,DSL,645.23,10805.07,35.85,223,40,2,1,Debit Card,Smartphone,Postpaid,Yes,No
CUST02681,28,Female,Bangalore,39,Month-to-Month,No Internet,428.01,,,369,47,0,0,Net Banking,Smartphone,Postpaid,Yes,No
CUST02682,20,Male,Delhi,25,Two Year,Fiber Optic,989.18,23111.44,60.87,269,32,1,0,Debit Card,Smartphone,Postpaid,No,No
CUST02683,69,Female,Kolkata,13,One Year,No Internet,406.45,4851.06,16.66,631,0,2,1,UPI,Tablet,Postpaid,Yes,Yes
CUST02684,40,Female,Ahmedabad,32,Two Year,DSL,511.21,16205.93,14.66,371,61,1,0,UPI,Smartphone,Prepaid,Yes,No
CUST02685,43,Female,Mumbai,17,One Year,Fiber Optic,944.26,16115.86,50.32,312,35,1,0,Credit Card,Smartphone,Postpaid,Yes,No
CUST02686,21,Female,Mumbai,10,Month-to-Month,Fiber Optic,855.04,8805.96,60.74,155,65,0,0,Net Banking,Smartphone,Prepaid,Yes,No
CUST02687,35,Male,Delhi,29,Month-to-Month,DSL,729.14,19810.81,16.83,352,3,1,0,Credit Card,Router Only,Postpaid,No,No
CUST02688,23,Male,Lucknow,35,One Year,No Internet,365.15,11739.82,0.5,136,49,2,1,Debit Card,Smartphone,Prepaid,Yes,No
CUST02689,52,Female,Kolkata,3,Month-to-Month,DSL,580.66,1822.14,15.69,265,100,2,1,Net Banking,Smartphone,Prepaid,No,Yes
CUST02690,39,Male,Bangalore,14,One Year,DSL,631.93,8015.42,19.78,318,11,3,1,Cash,Feature Phone,Postpaid,No,No
CUST02691,60,Female,Hyderabad,32,Month-to-Month,Fiber Optic,943.27,29050.51,43.74,531,35,1,0,Net Banking,Tablet,Postpaid,No,Yes
CUST02692,32,Female,Mumbai,44,Two Year,Fiber Optic,618.01,26485.7,56.91,334,40,2,1,Debit Card,Feature Phone,Prepaid,No,No
CUST02693,39,Female,Chennai,7,Month-to-Month,Fiber Optic,724.27,5103.41,55.86,308,70,0,0,Cash,Feature Phone,Prepaid,No,Yes
CUST02694,54,Male,Pune,49,Two Year,Fiber Optic,772.16,38656.5,42.34,184,45,0,0,Debit Card,Smartphone,Prepaid,No,No
CUST02695,69,Male,Bangalore,58,One Year,DSL,623.88,35593.13,16.49,465,32,1,0,Debit Card,Smartphone,Postpaid,Yes,No
CUST02696,59,Female,Ahmedabad,17,Month-to-Month,No Internet,430.38,6616.5,0.5,449,0,0,0,Net Banking,Feature Phone,Postpaid,Yes,No
CUST02697,29,Male,Hyderabad,6,One Year,Fiber Optic,945.22,5953.31,66.05,240,135,1,0,Credit Card,Router Only,Prepaid,No,No
CUST02698,64,Female,Delhi,35,Two Year,DSL,400.23,13951.57,10.86,219,25,2,1,UPI,Smartphone,Prepaid,Yes,No
CUST02699,66,Female,Chennai,20,One Year,Fiber Optic,880.34,18042.34,48.32,393,0,1,1,Cash,Smartphone,Postpaid,No,Yes
CUST02700,59,Male,Hyderabad,10,Month-to-Month,Fiber Optic,867.58,8347.72,44.15,419,14,1,0,Credit Card,Smartphone,Postpaid,No,Yes
CUST02701,55,Female,Jaipur,27,Two Year,Fiber Optic,864.32,21185.8,35.85,375,0,1,0,UPI,Tablet,Postpaid,Yes,No
CUST02702,35,Male,Bangalore,2,Month-to-Month,Fiber Optic,797.45,1455.19,34.99,340,56,2,1,Credit Card,Smartphone,Prepaid,Yes,No
CUST02703,62,Male,Bangalore,3,Month-to-Month,Fiber Optic,855.91,2607.95,38.44,436,3,1,0,Net Banking,Feature Phone,Prepaid,No,Yes
CUST02704,52,Female,Pune,18,One Year,Fiber Optic,1026.41,17216.81,54.64,488,9,5,2,UPI,Smartphone,Postpaid,Yes,Yes
CUST02705,47,Other,Hyderabad,5,Month-to-Month,Fiber Optic,870.09,4474.21,41.54,280,70,1,0,Debit Card,Smartphone,Prepaid,No,Yes
CUST02706,41,Female,Bangalore,8,Month-to-Month,Fiber Optic,786.54,5901.3,43.47,326,37,2,1,Debit Card,Router Only,Prepaid,Yes,Yes
CUST02707,59,Female,Lucknow,21,One Year,DSL,620.47,12233.46,17.61,435,0,1,0,UPI,Tablet,Postpaid,No,No
CUST02708,47,Female,Mumbai,28,One Year,Fiber Optic,809.86,20741.34,47.1,307,49,2,1,Net Banking,Smartphone,Prepaid,Yes,No
CUST02709,31,Male,Mumbai,34,Month-to-Month,No Internet,444.67,13925.42,11.22,182,21,3,1,UPI,Smartphone,Postpaid,Yes,Yes
CUST02710,23,Male,Ahmedabad,9,One Year,No Internet,246.48,2038.81,2.62,355,54,0,0,Credit Card,Smartphone,Postpaid,Yes,No
CUST02711,20,Female,Delhi,23,One Year,No Internet,352.59,7349.92,0.5,350,41,2,1,UPI,Smartphone,Postpaid,Yes,No
CUST02712,33,Male,Mumbai,2,One Year,DSL,586.59,1097.53,42.05,114,71,3,2,Credit Card,Smartphone,Prepaid,No,Yes
CUST02713,24,Female,Chennai,48,Two Year,DSL,493.43,21396.06,17.59,265,66,0,0,Net Banking,Feature Phone,Prepaid,Yes,No
CUST02714,69,Female,Delhi,8,Month-to-Month,Fiber Optic,1031.76,8299.7,43.93,377,0,3,1,Debit Card,Smartphone,Postpaid,No,Yes
CUST02715,31,Female,Lucknow,26,One Year,DSL,539.54,13921.98,33.2,62,63,0,0,UPI,Smartphone,Prepaid,Yes,No
CUST02716,26,Female,Hyderabad,17,One Year,Fiber Optic,913.0,14369.77,69.15,410,23,1,0,Debit Card,Smartphone,Postpaid,Yes,No
CUST02717,32,Male,Chennai,5,One Year,Fiber Optic,1080.69,5561.9,51.15,379,26,1,0,UPI,Router Only,Postpaid,Yes,Yes
CUST02718,38,Male,Delhi,9,Month-to-Month,Fiber Optic,864.34,7334.49,43.15,217,65,1,0,Net Banking,Smartphone,Prepaid,Yes,Yes
CUST02719,52,Female,Mumbai,7,Month-to-Month,DSL,477.21,3274.84,20.11,237,40,1,0,UPI,Smartphone,Prepaid,No,No
CUST02720,19,Female,Chennai,20,Month-to-Month,Fiber Optic,756.88,15465.38,59.85,244,46,0,0,UPI,Feature Phone,Prepaid,Yes,No
CUST02721,44,Female,Hyderabad,25,One Year,No Internet,336.16,8028.98,0.5,306,0,1,0,Net Banking,Smartphone,Postpaid,Yes,No
CUST02722,19,Female,Kolkata,19,Month-to-Month,Fiber Optic,1100.66,19608.77,62.13,368,61,1,0,UPI,Router Only,Postpaid,Yes,No
CUST02723,52,Male,Mumbai,8,Month-to-Month,No Internet,452.95,3729.05,2.3,304,45,2,1,Debit Card,Tablet,Postpaid,No,Yes
CUST02724,35,Female,Pune,46,One Year,Fiber Optic,746.81,31299.55,59.88,175,21,3,1,Net Banking,Feature Phone,Prepaid,No,No
CUST02725,31,Female,Mumbai,27,Two Year,DSL,574.16,15464.58,19.59,400,33,1,0,UPI,Smartphone,Postpaid,No,Yes
CUST02726,37,Male,Chennai,13,Month-to-Month,DSL,563.53,7514.89,40.15,191,64,0,0,Debit Card,Router Only,Prepaid,Yes,No
CUST02727,35,Male,Chennai,36,Two Year,DSL,484.06,17539.91,3.46,232,83,1,0,Debit Card,Feature Phone,Prepaid,Yes,No
CUST02728,27,Female,Delhi,17,Month-to-Month,Fiber Optic,841.3,13674.76,67.18,251,58,1,0,UPI,Smartphone,Prepaid,Yes,Yes
CUST02729,42,Female,Hyderabad,1,Month-to-Month,DSL,694.16,723.75,32.14,250,11,0,0,Credit Card,Router Only,Prepaid,Yes,No
CUST02730,19,Male,Delhi,32,One Year,Fiber Optic,758.21,22330.86,76.62,113,43,4,2,Net Banking,Smartphone,Prepaid,Yes,No
CUST02731,42,Female,Hyderabad,20,Month-to-Month,DSL,748.12,15063.09,21.57,284,11,1,0,Net Banking,Smartphone,Postpaid,Yes,No
CUST02732,50,Male,Pune,63,Two Year,DSL,583.46,37041.46,16.49,375,18,1,0,Debit Card,Smartphone,Postpaid,Yes,No
CUST02733,53,Male,Delhi,25,Month-to-Month,Fiber Optic,837.28,20761.45,52.71,436,0,1,0,Credit Card,Smartphone,Prepaid,Yes,No
CUST02734,48,Female,Jaipur,4,Month-to-Month,Fiber Optic,874.16,3401.68,27.23,154,62,5,2,Credit Card,Smartphone,Prepaid,Yes,Yes
CUST02735,31,Female,Bangalore,16,One Year,Fiber Optic,888.34,14822.44,52.92,268,38,3,1,Debit Card,Tablet,Postpaid,Yes,Yes
CUST02736,18,Female,Jaipur,13,One Year,No Internet,332.46,4192.12,0.5,110,13,1,0,Credit Card,Smartphone,Postpaid,Yes,No
CUST02737,63,Male,Delhi,42,Two Year,DSL,660.62,26357.75,25.12,412,7,0,0,Net Banking,Feature Phone,Postpaid,No,No
CUST02738,33,Male,Lucknow,1,Month-to-Month,Fiber Optic,864.61,864.61,55.88,185,55,2,1,UPI,Smartphone,Prepaid,No,No
CUST02739,63,Male,Delhi,4,Month-to-Month,Fiber Optic,888.39,3625.13,23.75,199,43,3,1,Debit Card,Router Only,Prepaid,No,No
CUST02740,69,Male,Hyderabad,1,Month-to-Month,Fiber Optic,1001.5,1001.5,29.33,360,4,1,0,Credit Card,Smartphone,Postpaid,No,Yes
CUST02741,20,Male,Jaipur,32,One Year,Fiber Optic,989.31,30251.54,63.24,250,0,4,1,Net Banking,Smartphone,Postpaid,No,No
CUST02742,52,Male,Mumbai,20,One Year,DSL,560.82,11046.47,23.34,313,22,2,1,Net Banking,Feature Phone,Postpaid,Yes,No
CUST02743,58,Male,Delhi,35,Two Year,DSL,649.21,23323.52,5.94,363,0,1,0,Debit Card,Smartphone,Postpaid,Yes,No
CUST02744,23,Male,Kolkata,15,One Year,DSL,658.81,9487.36,45.77,180,67,0,0,Credit Card,Router Only,Prepaid,Yes,No
CUST02745,42,Female,Chennai,35,Two Year,No Internet,194.39,6685.08,5.4,220,18,1,0,Cash,Smartphone,Prepaid,Yes,No
CUST02746,30,Male,Hyderabad,17,Two Year,DSL,455.43,,,120,68,1,0,,Smartphone,Prepaid,Yes,No
CUST02747,51,Male,Delhi,14,Month-to-Month,DSL,567.67,7264.83,21.92,163,36,4,2,Net Banking,Feature Phone,Prepaid,Yes,No
CUST02748,25,Female,Pune,26,Month-to-Month,DSL,639.15,15488.07,36.99,398,3,4,2,UPI,Smartphone,Postpaid,Yes,No
CUST02749,38,Male,Delhi,0,Month-to-Month,DSL,675.37,675.37,9.0,129,0,1,0,Net Banking,Smartphone,Postpaid,Yes,Yes
CUST02750,51,Female,Jaipur,11,Month-to-Month,No Internet,149.0,1527.25,14.63,336,3,0,0,UPI,Smartphone,Prepaid,Yes,No
CUST02751,21,Male,Pune,16,Month-to-Month,DSL,531.4,8771.08,42.92,327,63,1,1,Cash,Smartphone,Prepaid,Yes,No
CUST02752,42,Male,Pune,2,Month-to-Month,Fiber Optic,755.42,1563.44,51.76,187,63,2,1,Net Banking,Feature Phone,Prepaid,No,Yes
CUST02753,32,Male,Mumbai,38,Month-to-Month,No Internet,154.41,5514.47,19.31,128,42,2,1,Debit Card,Smartphone,Prepaid,Yes,No
CUST02754,21,Male,Jaipur,1,Month-to-Month,DSL,634.22,634.22,24.86,540,16,2,1,UPI,Smartphone,Postpaid,Yes,No
CUST02755,62,Female,Hyderabad,5,Month-to-Month,Fiber Optic,848.29,4078.98,28.84,339,57,2,1,Credit Card,Smartphone,Prepaid,No,Yes
CUST02756,29,Female,Ahmedabad,3,Month-to-Month,DSL,704.11,,,204,21,2,1,Cash,Smartphone,Postpaid,No,Yes
CUST02757,49,Male,Mumbai,0,Month-to-Month,Fiber Optic,795.3,795.3,35.7,225,29,4,2,Credit Card,Smartphone,Prepaid,No,Yes
CUST02758,49,Male,Kolkata,16,Month-to-Month,No Internet,469.42,6871.45,3.57,312,66,0,0,Credit Card,Router Only,Postpaid,Yes,No
CUST02759,45,Female,Chennai,10,Month-to-Month,No Internet,308.63,2890.97,12.08,359,30,1,0,UPI,Smartphone,Postpaid,Yes,No
CUST02760,30,Male,Delhi,19,Two Year,Fiber Optic,833.45,15897.37,61.1,117,87,0,0,UPI,Smartphone,Prepaid,Yes,No
CUST02761,48,Female,Bangalore,8,Month-to-Month,No Internet,242.99,1858.68,5.31,353,55,2,1,Debit Card,Smartphone,Prepaid,No,Yes
CUST02762,31,Male,Mumbai,33,Two Year,DSL,636.66,21230.52,19.24,405,15,1,0,UPI,Smartphone,Postpaid,Yes,No
CUST02763,37,Female,Bangalore,19,One Year,DSL,626.37,11433.56,24.94,432,51,1,0,Net Banking,Feature Phone,Postpaid,No,No
CUST02764,35,Male,Bangalore,9,Month-to-Month,Fiber Optic,950.71,7802.19,52.88,92,28,0,0,UPI,Router Only,Prepaid,No,No
CUST02765,46,Male,Hyderabad,36,Month-to-Month,Fiber Optic,940.17,35531.12,41.76,184,88,1,0,UPI,Router Only,Prepaid,No,No
CUST02766,23,Female,Chennai,16,Month-to-Month,DSL,557.37,8937.17,40.67,25,68,4,1,Credit Card,Feature Phone,Prepaid,Yes,Yes
CUST02767,49,Female,Chennai,0,Month-to-Month,Fiber Optic,991.71,991.71,44.52,289,46,3,1,Credit Card,Smartphone,Postpaid,No,Yes
CUST02768,46,Female,Delhi,29,One Year,DSL,475.77,13439.04,13.52,283,46,0,0,UPI,Smartphone,Prepaid,No,No
CUST02769,60,Female,Kolkata,40,Two Year,No Internet,217.92,7953.82,2.43,250,1,1,0,UPI,Smartphone,Prepaid,Yes,No
CUST02770,19,Female,Lucknow,46,Two Year,No Internet,390.15,18804.37,11.94,286,20,6,2,UPI,Smartphone,Postpaid,Yes,No
CUST02771,40,Male,Bangalore,28,One Year,Fiber Optic,943.87,25631.94,52.1,476,33,4,2,UPI,Smartphone,Postpaid,Yes,No
CUST02772,36,Female,Delhi,10,Month-to-Month,Fiber Optic,844.85,7656.05,55.6,302,18,0,0,Debit Card,Smartphone,Prepaid,No,Yes
CUST02773,48,Male,Hyderabad,10,Month-to-Month,No Internet,495.39,4713.58,0.5,477,46,1,1,UPI,Router Only,Postpaid,Yes,No
CUST02774,68,Female,Pune,33,One Year,DSL,491.52,14678.22,25.09,286,5,1,0,Credit Card,Tablet,Prepaid,No,No
CUST02775,22,Other,Pune,37,Two Year,No Internet,271.22,9794.47,0.5,135,69,1,0,Net Banking,Smartphone,Prepaid,No,No
CUST02776,36,Male,Chennai,17,Month-to-Month,DSL,526.29,9064.27,25.12,193,14,0,0,Credit Card,Smartphone,Prepaid,No,Yes
CUST02777,51,Male,Delhi,31,Two Year,DSL,453.87,14683.25,21.21,213,34,2,1,Debit Card,Smartphone,Prepaid,No,No
CUST02778,27,Male,Ahmedabad,38,Month-to-Month,Fiber Optic,774.71,30219.36,66.1,115,121,1,0,Credit Card,Smartphone,Prepaid,Yes,No
CUST02779,42,Male,Bangalore,0,Month-to-Month,Fiber Optic,742.39,742.39,47.91,18,48,4,1,UPI,Smartphone,Prepaid,No,Yes
CUST02780,19,Female,Mumbai,64,Two Year,Fiber Optic,910.94,55505.01,65.68,316,36,2,1,UPI,Smartphone,Postpaid,No,No
CUST02781,28,Male,Delhi,36,Two Year,Fiber Optic,868.03,30560.4,49.01,348,74,4,1,Debit Card,Smartphone,Prepaid,No,No
CUST02782,67,Male,Bangalore,33,One Year,DSL,542.57,17954.11,15.28,226,51,3,2,UPI,Smartphone,Prepaid,No,No
CUST02783,48,Female,Chennai,26,Month-to-Month,DSL,686.29,18030.06,28.05,395,18,2,1,UPI,Smartphone,Postpaid,Yes,Yes
CUST02784,32,Female,Pune,34,Month-to-Month,DSL,543.9,18999.93,32.59,206,77,2,1,Net Banking,Smartphone,Prepaid,Yes,No
CUST02785,26,Female,Lucknow,2,Month-to-Month,No Internet,149.0,278.24,3.18,306,58,2,1,Credit Card,Smartphone,Prepaid,Yes,Yes
CUST02786,40,Female,Delhi,29,One Year,DSL,635.71,16900.98,30.95,471,11,2,1,Net Banking,Smartphone,Postpaid,Yes,Yes
CUST02787,36,Female,Lucknow,43,Month-to-Month,DSL,509.47,20299.99,29.99,169,39,1,0,UPI,Tablet,Prepaid,Yes,No
CUST02788,26,Female,Pune,13,One Year,No Internet,345.75,4681.32,21.63,237,16,0,0,Debit Card,Smartphone,Postpaid,No,No
CUST02789,52,Female,Bangalore,24,Month-to-Month,Fiber Optic,853.85,18850.03,35.22,514,0,1,0,Cash,Smartphone,Postpaid,Yes,No
CUST02790,38,Female,Jaipur,22,Month-to-Month,Fiber Optic,781.52,16296.63,49.83,323,26,2,1,Credit Card,Feature Phone,Prepaid,Yes,No
CUST02791,26,Male,Pune,26,One Year,DSL,536.86,12972.43,26.6,175,98,0,0,Debit Card,Smartphone,Prepaid,Yes,No
CUST02792,45,Male,Bangalore,68,Two Year,DSL,553.27,34484.99,22.5,238,60,0,0,Debit Card,Smartphone,Prepaid,Yes,No
CUST02793,63,Female,Jaipur,1,Month-to-Month,DSL,567.32,567.32,12.13,551,0,0,0,UPI,Tablet,Postpaid,Yes,Yes
CUST02794,68,Female,Pune,46,Two Year,Fiber Optic,967.59,42591.24,36.44,392,10,2,1,Cash,Tablet,Postpaid,No,No
CUST02795,24,Female,Pune,8,Month-to-Month,Fiber Optic,716.65,5784.74,69.71,194,85,3,2,UPI,Smartphone,Prepaid,Yes,Yes
CUST02796,33,Other,Jaipur,22,One Year,Fiber Optic,918.49,19375.79,68.74,52,69,1,1,Net Banking,Router Only,Prepaid,Yes,No
CUST02797,33,Female,Bangalore,30,Two Year,Fiber Optic,853.17,25168.72,59.9,194,9,4,2,Cash,Router Only,Prepaid,No,No
CUST02798,50,Female,Pune,8,Month-to-Month,DSL,781.49,6396.32,33.37,405,82,0,0,UPI,Router Only,Postpaid,No,No
CUST02799,21,Female,Kolkata,1,Month-to-Month,DSL,516.1,516.1,26.72,85,1,5,2,UPI,Smartphone,Prepaid,Yes,Yes
CUST02800,21,Female,Bangalore,7,Month-to-Month,DSL,749.49,5065.98,43.28,231,74,2,1,Debit Card,Tablet,Postpaid,No,Yes
CUST02801,56,Male,Delhi,8,Month-to-Month,Fiber Optic,797.23,5866.48,35.44,201,53,0,0,UPI,Smartphone,Prepaid,No,No
CUST02802,57,Male,Kolkata,24,One Year,Fiber Optic,824.52,19470.03,19.5,130,71,2,1,Credit Card,Smartphone,Prepaid,Yes,No
CUST02803,34,Female,Delhi,4,Month-to-Month,DSL,536.58,1963.59,9.82,73,45,1,0,UPI,Tablet,Prepaid,Yes,No
CUST02804,54,Male,Pune,19,Month-to-Month,DSL,470.2,8180.98,18.53,299,30,0,0,Net Banking,Smartphone,Prepaid,Yes,No
CUST02805,56,Female,Jaipur,46,One Year,No Internet,464.78,20688.83,0.5,475,0,0,0,Net Banking,Smartphone,Postpaid,No,No
CUST02806,69,Male,Bangalore,30,One Year,Fiber Optic,1192.6,34987.66,35.82,527,0,2,1,UPI,Router Only,Postpaid,No,No
CUST02807,46,Female,Delhi,42,Month-to-Month,DSL,733.76,31187.1,23.01,594,24,1,0,Net Banking,Router Only,Postpaid,No,No
CUST02808,69,Female,Mumbai,49,One Year,DSL,548.58,26033.12,18.07,356,32,1,0,Net Banking,Router Only,Prepaid,No,No
CUST02809,53,Female,Chennai,16,One Year,No Internet,207.82,3302.55,0.5,232,31,1,0,UPI,Router Only,Prepaid,Yes,No
CUST02810,55,Male,Lucknow,6,Month-to-Month,No Internet,532.04,3313.46,21.68,515,0,4,2,UPI,Smartphone,Postpaid,Yes,Yes
CUST02811,56,Female,Hyderabad,27,One Year,No Internet,462.54,13000.64,4.58,390,0,0,0,Credit Card,Smartphone,Postpaid,No,No
CUST02812,67,Female,Delhi,46,Two Year,No Internet,360.63,15586.78,7.96,456,12,3,1,UPI,Router Only,Prepaid,Yes,No
CUST02813,54,Male,Chennai,7,Month-to-Month,DSL,700.24,4746.89,25.12,484,0,0,0,UPI,Smartphone,Postpaid,Yes,Yes
CUST02814,69,Female,Pune,41,One Year,Fiber Optic,879.58,35329.64,24.08,672,34,3,1,UPI,Tablet,Postpaid,Yes,Yes
CUST02815,52,Male,Bangalore,23,Two Year,DSL,576.89,12831.22,25.54,167,45,1,0,Net Banking,Smartphone,Prepaid,No,No
CUST02816,24,Male,Pune,14,Two Year,Fiber Optic,1061.42,15521.26,69.91,308,70,0,0,Credit Card,Router Only,Postpaid,No,No
CUST02817,44,Male,Mumbai,21,One Year,Fiber Optic,781.26,15480.31,41.76,265,65,0,0,Net Banking,Smartphone,Prepaid,Yes,No
CUST02818,45,Female,Kolkata,14,One Year,DSL,505.33,6918.18,25.81,350,51,1,0,Net Banking,Smartphone,Prepaid,Yes,No
CUST02819,39,Female,Bangalore,4,One Year,DSL,596.95,2194.05,28.32,290,106,3,1,Cash,Tablet,Postpaid,Yes,Yes
CUST02820,31,Female,Mumbai,23,One Year,DSL,451.81,10334.25,34.25,253,71,0,0,Debit Card,Feature Phone,Prepaid,No,No
CUST02821,24,Male,Ahmedabad,45,Month-to-Month,Fiber Optic,873.72,37321.08,74.54,375,61,2,1,Credit Card,Smartphone,Postpaid,No,No
CUST02822,54,Male,Hyderabad,10,Month-to-Month,DSL,660.34,6740.97,22.77,384,0,1,0,Net Banking,Smartphone,Postpaid,Yes,No
CUST02823,39,Female,Mumbai,12,Month-to-Month,No Internet,257.44,2840.77,0.5,37,99,2,1,UPI,Smartphone,Prepaid,Yes,Yes
CUST02824,22,Female,Jaipur,31,Month-to-Month,DSL,388.15,12417.31,28.37,347,68,2,1,UPI,Smartphone,Prepaid,No,No
CUST02825,19,Female,Pune,4,Month-to-Month,DSL,656.67,2533.47,31.64,303,36,0,0,Cash,Router Only,Postpaid,Yes,No
CUST02826,44,Male,Mumbai,14,Month-to-Month,DSL,706.47,9505.81,16.6,315,13,0,0,Credit Card,Smartphone,Postpaid,Yes,No
CUST02827,38,Male,Chennai,8,Two Year,No Internet,439.29,3565.32,0.5,320,23,0,0,Debit Card,Feature Phone,Postpaid,No,No
CUST02828,55,Female,Ahmedabad,26,Two Year,Fiber Optic,774.84,19044.48,36.12,293,73,5,1,Credit Card,Smartphone,Prepaid,Yes,No
CUST02829,32,Female,Pune,19,One Year,Fiber Optic,1001.82,19579.3,44.77,361,75,0,0,Net Banking,Smartphone,Postpaid,Yes,No
CUST02830,38,Male,Mumbai,37,Two Year,Fiber Optic,697.5,24300.47,46.25,173,34,3,1,Credit Card,Smartphone,Prepaid,Yes,No
CUST02831,27,Male,Chennai,42,Two Year,Fiber Optic,855.11,36264.15,62.67,237,89,3,1,Credit Card,Smartphone,Prepaid,Yes,No
CUST02832,40,Female,Chennai,55,Two Year,Fiber Optic,796.27,39782.32,57.28,355,51,1,0,Debit Card,Smartphone,Postpaid,Yes,No
CUST02833,56,Male,Ahmedabad,37,Month-to-Month,DSL,491.08,18263.47,17.12,120,69,2,1,Net Banking,Smartphone,Prepaid,Yes,No
CUST02834,22,Female,Delhi,26,Month-to-Month,Fiber Optic,1107.77,27056.46,55.23,395,65,0,0,UPI,Router Only,Postpaid,Yes,No
CUST02835,18,Male,Pune,58,Month-to-Month,Fiber Optic,971.23,56841.26,66.1,245,56,0,0,Debit Card,Feature Phone,Postpaid,No,No
CUST02836,30,Male,Delhi,0,Month-to-Month,Fiber Optic,869.8,869.8,54.0,155,38,1,0,Credit Card,Feature Phone,Prepaid,Yes,No
CUST02837,38,Other,Pune,43,Two Year,No Internet,236.71,9420.92,3.78,148,13,0,0,Debit Card,Smartphone,Prepaid,Yes,No
CUST02838,43,Male,Lucknow,20,Month-to-Month,DSL,645.47,11941.89,30.34,379,0,1,0,Net Banking,Smartphone,Postpaid,No,No
CUST02839,67,Female,Delhi,5,Month-to-Month,Fiber Optic,873.26,4417.64,35.23,210,46,2,1,Debit Card,Smartphone,Prepaid,No,No
CUST02840,62,Female,Mumbai,1,Month-to-Month,Fiber Optic,862.26,862.26,37.5,272,24,2,1,UPI,Smartphone,Prepaid,Yes,Yes
CUST02841,38,Male,Chennai,15,Month-to-Month,DSL,474.48,6426.36,31.09,316,31,1,1,UPI,Smartphone,Prepaid,Yes,Yes
CUST02842,35,Male,Pune,23,One Year,DSL,522.56,10928.12,34.0,325,82,1,0,Cash,Smartphone,Prepaid,No,No
CUST02843,54,Female,Bangalore,9,One Year,DSL,607.17,4939.46,13.21,335,11,2,1,Debit Card,Tablet,Postpaid,No,No
CUST02844,62,Male,Pune,22,Month-to-Month,No Internet,323.31,7369.72,6.23,325,11,1,0,UPI,Feature Phone,Prepaid,Yes,Yes
CUST02845,49,Male,Jaipur,31,One Year,DSL,596.73,19049.3,19.41,311,21,1,0,Debit Card,Router Only,Prepaid,Yes,No
CUST02846,53,Male,Pune,10,One Year,No Internet,521.59,5128.85,0.5,420,18,0,0,UPI,Router Only,Postpaid,Yes,No
CUST02847,34,Female,Pune,40,One Year,Fiber Optic,1035.28,40452.52,37.89,321,45,3,1,UPI,Router Only,Postpaid,No,Yes
CUST02848,52,Female,Bangalore,8,Month-to-Month,No Internet,204.06,1528.95,13.65,303,42,2,1,UPI,Smartphone,Postpaid,No,Yes
CUST02849,66,Female,Jaipur,3,Month-to-Month,DSL,442.37,1293.8,40.01,373,0,1,0,Net Banking,Smartphone,Prepaid,Yes,No
CUST02850,28,Male,Mumbai,10,Month-to-Month,Fiber Optic,708.58,7367.03,54.92,254,47,2,1,UPI,Smartphone,Prepaid,Yes,No
CUST02851,38,Female,Mumbai,28,One Year,Fiber Optic,1066.74,29436.56,55.34,357,50,4,2,Debit Card,Router Only,Postpaid,Yes,No
CUST02852,69,Female,Bangalore,9,Month-to-Month,DSL,351.72,2875.91,14.19,256,23,1,1,Net Banking,Smartphone,Prepaid,Yes,No
CUST02853,43,Female,Pune,21,Month-to-Month,Fiber Optic,966.14,18372.66,53.07,320,14,1,0,UPI,Smartphone,Postpaid,Yes,No
CUST02854,21,Female,Ahmedabad,13,Month-to-Month,DSL,585.96,7851.39,32.99,109,33,0,0,UPI,Smartphone,Postpaid,Yes,No
CUST02855,51,Female,Delhi,22,One Year,DSL,520.69,10682.48,31.0,156,30,0,0,Cash,Smartphone,Prepaid,No,Yes
CUST02856,69,Female,Kolkata,31,One Year,Fiber Optic,950.75,26547.05,38.34,480,28,2,1,Net Banking,Smartphone,Postpaid,Yes,No
CUST02857,65,Female,Kolkata,29,Month-to-Month,Fiber Optic,792.63,23252.1,19.6,264,26,1,0,Net Banking,Smartphone,Prepaid,No,Yes
CUST02858,35,Male,Chennai,28,One Year,No Internet,462.65,,,133,3,2,1,,Tablet,Postpaid,No,No
CUST02859,57,Male,Kolkata,16,Month-to-Month,Fiber Optic,1010.38,15243.73,33.89,557,19,2,1,Debit Card,Smartphone,Postpaid,No,Yes
CUST02860,52,Male,Mumbai,7,Month-to-Month,Fiber Optic,877.13,6291.85,20.22,141,22,1,0,Cash,Smartphone,Prepaid,No,Yes
CUST02861,58,Male,Delhi,9,Month-to-Month,Fiber Optic,905.28,8315.92,37.16,464,18,1,0,Debit Card,Smartphone,Postpaid,Yes,Yes
CUST02862,46,Male,Ahmedabad,20,Month-to-Month,No Internet,329.6,6414.14,4.1,567,0,2,1,Net Banking,Feature Phone,Postpaid,No,Yes
CUST02863,69,Female,Hyderabad,35,Two Year,DSL,711.2,25907.09,9.52,447,9,1,0,Cash,Smartphone,Postpaid,No,No
CUST02864,46,Male,Mumbai,9,One Year,DSL,606.43,5603.59,26.27,452,19,2,1,Net Banking,Smartphone,Postpaid,Yes,No
CUST02865,55,Female,Pune,28,One Year,Fiber Optic,962.91,24384.81,38.16,498,11,3,2,Credit Card,Router Only,Postpaid,Yes,No
CUST02866,59,Female,Jaipur,35,Month-to-Month,Fiber Optic,875.88,31727.72,37.53,324,0,4,2,Net Banking,Smartphone,Postpaid,Yes,No
CUST02867,38,Male,Chennai,6,Month-to-Month,Fiber Optic,808.86,4761.81,59.68,238,62,2,1,UPI,Smartphone,Prepaid,Yes,No
CUST02868,59,Female,Bangalore,9,Month-to-Month,DSL,635.39,5548.68,20.38,331,3,1,0,UPI,Tablet,Postpaid,Yes,No
CUST02869,30,Female,Hyderabad,9,One Year,Fiber Optic,863.96,8114.63,50.46,115,49,3,2,Net Banking,Smartphone,Prepaid,No,No
CUST02870,66,Male,Kolkata,11,Month-to-Month,DSL,417.75,4332.03,15.07,261,34,0,0,UPI,Smartphone,Prepaid,Yes,No
CUST02871,58,Male,Delhi,4,Month-to-Month,DSL,409.14,1580.64,11.94,182,44,3,1,Debit Card,Smartphone,Prepaid,Yes,Yes
CUST02872,34,Male,Mumbai,11,One Year,Fiber Optic,932.86,9517.96,35.92,305,27,1,0,UPI,Feature Phone,Postpaid,No,No
CUST02873,26,Female,Hyderabad,47,Two Year,No Internet,149.0,7218.6,12.03,133,38,2,1,Credit Card,Smartphone,Prepaid,No,No
CUST02874,58,Male,Chennai,2,Month-to-Month,Fiber Optic,869.23,1582.26,45.76,287,21,3,1,UPI,Router Only,Prepaid,No,Yes
CUST02875,18,Female,Bangalore,3,Month-to-Month,Fiber Optic,850.8,2303.12,70.44,184,58,2,1,UPI,Smartphone,Prepaid,Yes,Yes
CUST02876,19,Female,Mumbai,9,Month-to-Month,No Internet,375.96,3122.31,0.5,269,101,0,0,UPI,Smartphone,Prepaid,Yes,No
CUST02877,65,Male,Delhi,17,One Year,Fiber Optic,774.26,13096.65,30.06,280,79,2,1,Credit Card,Smartphone,Prepaid,No,Yes
CUST02878,46,Female,Delhi,6,Month-to-Month,Fiber Optic,769.53,4236.82,47.4,254,43,1,1,Credit Card,Smartphone,Prepaid,No,Yes
CUST02879,50,Male,Mumbai,6,One Year,DSL,655.46,4082.59,15.64,594,26,1,0,UPI,Smartphone,Postpaid,Yes,No
CUST02880,27,Female,Hyderabad,17,One Year,Fiber Optic,838.57,14280.91,69.61,151,76,3,1,UPI,Smartphone,Prepaid,No,No
CUST02881,67,Male,Hyderabad,5,Month-to-Month,No Internet,463.25,2321.89,17.99,628,16,5,2,UPI,Smartphone,Postpaid,Yes,Yes
CUST02882,57,Female,Hyderabad,42,Month-to-Month,Fiber Optic,760.22,33394.54,33.59,363,36,0,0,Net Banking,Tablet,Prepaid,Yes,No
CUST02883,38,Male,Bangalore,3,Month-to-Month,Fiber Optic,1012.2,2759.1,64.23,361,51,4,2,UPI,Smartphone,Postpaid,Yes,Yes
CUST02884,45,Female,Mumbai,22,Month-to-Month,No Internet,368.12,8081.89,11.29,264,26,1,0,Net Banking,Smartphone,Postpaid,No,Yes
CUST02885,28,Female,Bangalore,2,Month-to-Month,Fiber Optic,1044.98,2162.83,57.54,319,37,2,1,Debit Card,Tablet,Postpaid,Yes,Yes
CUST02886,51,Male,Delhi,12,Month-to-Month,No Internet,305.41,3637.5,0.5,104,68,2,1,Debit Card,Smartphone,Prepaid,Yes,Yes
CUST02887,25,Female,Delhi,27,One Year,Fiber Optic,900.08,23549.55,66.9,341,25,0,0,Debit Card,Smartphone,Postpaid,No,No
CUST02888,39,Male,Mumbai,1,Month-to-Month,Fiber Optic,805.97,,,421,22,1,0,Credit Card,Smartphone,Prepaid,Yes,No
CUST02889,25,Female,Lucknow,27,One Year,Fiber Optic,772.81,19315.16,64.61,147,55,2,1,Cash,Smartphone,Prepaid,Yes,No
CUST02890,66,Female,Mumbai,14,Month-to-Month,Fiber Optic,834.11,,,362,23,2,1,Cash,Tablet,Prepaid,No,No
CUST02891,32,Male,Jaipur,20,One Year,DSL,481.26,,,177,25,1,0,Net Banking,Smartphone,Prepaid,No,No
CUST02892,34,Male,Bangalore,46,Two Year,Fiber Optic,755.14,33827.85,48.47,307,52,3,1,Debit Card,Smartphone,Prepaid,No,No
CUST02893,40,Male,Bangalore,30,Two Year,DSL,680.93,21138.3,26.14,277,60,1,1,Debit Card,Smartphone,Postpaid,No,No
CUST02894,41,Female,Kolkata,14,Month-to-Month,Fiber Optic,969.62,13191.25,46.72,380,0,1,1,Net Banking,Smartphone,Postpaid,Yes,No
CUST02895,62,Male,Delhi,25,One Year,Fiber Optic,721.66,16668.11,37.18,167,36,2,1,UPI,Smartphone,Prepaid,Yes,No
CUST02896,36,Male,Mumbai,13,One Year,Fiber Optic,881.02,10454.73,53.36,333,39,2,1,Cash,Smartphone,Prepaid,Yes,Yes
CUST02897,22,Male,Lucknow,34,Month-to-Month,DSL,553.25,19279.33,24.38,170,53,2,1,Debit Card,Smartphone,Prepaid,No,Yes
CUST02898,49,Male,Hyderabad,17,One Year,Fiber Optic,995.45,17611.21,36.0,453,44,2,1,Debit Card,Feature Phone,Postpaid,No,No
CUST02899,61,Other,Delhi,57,Two Year,Fiber Optic,937.3,51367.18,34.4,490,0,4,1,Cash,Tablet,Postpaid,No,No
CUST02900,18,Male,Delhi,7,Month-to-Month,No Internet,182.81,1176.06,1.3,20,71,0,0,Cash,Tablet,Prepaid,No,No
CUST02901,40,Female,Jaipur,5,Month-to-Month,Fiber Optic,1019.25,5234.0,48.06,263,31,5,3,Net Banking,Smartphone,Postpaid,Yes,Yes
CUST02902,54,Female,Ahmedabad,13,One Year,Fiber Optic,757.84,9373.68,38.17,318,24,5,2,Debit Card,Smartphone,Prepaid,No,No
CUST02903,25,Female,Bangalore,18,Month-to-Month,Fiber Optic,747.92,13100.22,62.01,208,66,0,0,Net Banking,Smartphone,Prepaid,No,No
CUST02904,30,Male,Delhi,7,Month-to-Month,Fiber Optic,810.17,5948.97,50.44,224,91,3,1,Debit Card,Smartphone,Prepaid,Yes,No
CUST02905,25,Female,Ahmedabad,13,Month-to-Month,DSL,390.83,5089.44,29.54,243,57,0,0,Debit Card,Smartphone,Prepaid,Yes,No
CUST02906,40,Female,Mumbai,2,Month-to-Month,Fiber Optic,916.44,1848.01,59.73,202,77,3,1,UPI,Router Only,Prepaid,No,Yes
CUST02907,60,Male,Bangalore,24,Month-to-Month,DSL,453.05,10244.7,35.81,233,56,1,0,Net Banking,Tablet,Prepaid,No,No
CUST02908,18,Male,Pune,11,Month-to-Month,Fiber Optic,938.82,9692.42,77.75,182,51,0,0,Credit Card,Smartphone,Postpaid,Yes,No
CUST02909,62,Male,Bangalore,24,Month-to-Month,No Internet,296.98,6728.81,0.5,413,11,1,0,UPI,Smartphone,Prepaid,Yes,No
CUST02910,68,Male,Chennai,10,One Year,Fiber Optic,874.72,,27.05,310,32,1,0,UPI,Feature Phone,Prepaid,No,No
CUST02911,41,Male,Jaipur,17,Month-to-Month,DSL,565.22,9999.03,12.3,79,71,1,0,UPI,Smartphone,Prepaid,Yes,No
CUST02912,52,Female,Kolkata,7,Month-to-Month,Fiber Optic,1033.83,7257.06,48.85,315,50,2,1,Credit Card,Smartphone,Postpaid,No,Yes
CUST02913,41,Male,Bangalore,15,Month-to-Month,DSL,496.39,7022.2,33.38,211,45,0,0,Credit Card,Smartphone,Prepaid,No,No
CUST02914,34,Female,Mumbai,0,Month-to-Month,DSL,355.98,355.98,29.37,220,59,2,1,Net Banking,Smartphone,Prepaid,Yes,Yes
CUST02915,22,Female,Mumbai,8,Month-to-Month,Fiber Optic,887.03,6534.51,83.27,273,62,2,1,UPI,Router Only,Prepaid,No,Yes
CUST02916,37,Female,Bangalore,8,Month-to-Month,DSL,538.4,4152.32,22.73,262,93,0,0,Net Banking,Smartphone,Prepaid,Yes,No
CUST02917,38,Female,Hyderabad,12,One Year,DSL,462.96,5740.51,26.37,96,78,1,0,Debit Card,Tablet,Prepaid,Yes,No
CUST02918,57,Male,Bangalore,9,Month-to-Month,Fiber Optic,775.6,6543.0,38.17,280,51,1,0,Credit Card,Smartphone,Prepaid,Yes,Yes
CUST02919,48,Female,Delhi,20,Month-to-Month,Fiber Optic,725.46,14272.94,31.58,217,67,1,0,Debit Card,Tablet,Prepaid,No,No
CUST02920,63,Male,Delhi,19,One Year,Fiber Optic,991.14,17165.94,26.68,436,11,2,1,Credit Card,Smartphone,Postpaid,No,No
CUST02921,53,Female,Bangalore,5,Month-to-Month,Fiber Optic,908.57,4148.24,36.31,506,24,1,1,Credit Card,Tablet,Postpaid,No,Yes
CUST02922,28,Female,Chennai,25,One Year,Fiber Optic,932.23,21216.14,46.23,465,24,1,0,Credit Card,Tablet,Postpaid,No,Yes
CUST02923,69,Male,Chennai,55,Two Year,DSL,683.59,35021.39,11.96,588,0,1,1,UPI,Smartphone,Postpaid,Yes,No
CUST02924,32,Male,Hyderabad,18,Month-to-Month,Fiber Optic,944.1,16455.98,66.67,373,62,0,0,Net Banking,Smartphone,Postpaid,No,Yes
CUST02925,36,Female,Pune,37,Two Year,Fiber Optic,1143.71,43892.69,50.85,427,50,1,0,Net Banking,Router Only,Postpaid,Yes,No
CUST02926,24,Male,Pune,51,Two Year,DSL,475.98,23115.7,41.8,187,86,1,1,Cash,Smartphone,Prepaid,No,No
CUST02927,68,Female,Bangalore,26,Month-to-Month,DSL,540.39,13976.17,23.76,416,0,2,1,UPI,Feature Phone,Postpaid,Yes,No
CUST02928,45,Other,Delhi,43,Two Year,No Internet,440.71,18635.85,7.05,290,6,3,1,Credit Card,Feature Phone,Postpaid,Yes,No
CUST02929,68,Male,Hyderabad,17,One Year,No Internet,400.74,6279.83,16.23,352,0,1,0,Debit Card,Smartphone,Postpaid,No,No
CUST02930,60,Male,Bangalore,38,Two Year,DSL,691.18,25509.66,15.83,482,2,0,0,Credit Card,Feature Phone,Postpaid,No,No
CUST02931,22,Male,Delhi,17,One Year,Fiber Optic,772.9,12101.21,64.21,206,67,1,0,Net Banking,Smartphone,Prepaid,No,No
CUST02932,22,Male,Lucknow,24,One Year,DSL,517.81,11760.97,28.95,211,45,1,0,Credit Card,Smartphone,Prepaid,No,No
CUST02933,47,Female,Bangalore,31,Month-to-Month,DSL,483.4,,,313,15,1,0,,Feature Phone,Prepaid,No,Yes
CUST02934,49,Female,Chennai,5,Month-to-Month,DSL,408.21,1903.24,4.19,378,52,2,1,Credit Card,Tablet,Prepaid,No,Yes
CUST02935,25,Male,Hyderabad,0,Month-to-Month,Fiber Optic,988.36,988.36,59.5,374,40,2,1,Cash,Smartphone,Postpaid,Yes,Yes
CUST02936,27,Male,Delhi,30,Month-to-Month,DSL,782.59,23329.28,47.13,311,9,2,1,Net Banking,Router Only,Postpaid,No,No
CUST02937,55,Male,Delhi,19,Two Year,DSL,710.35,12425.93,13.75,300,10,1,0,Debit Card,Smartphone,Postpaid,No,No
CUST02938,64,Male,Chennai,13,Month-to-Month,Fiber Optic,650.65,8367.22,41.47,326,0,1,1,Debit Card,Feature Phone,Prepaid,No,No
CUST02939,49,Female,Mumbai,28,One Year,DSL,498.38,13066.91,17.54,185,44,0,0,Credit Card,Smartphone,Prepaid,No,No
CUST02940,65,Male,Mumbai,14,Month-to-Month,Fiber Optic,921.63,11740.74,28.38,391,0,2,1,Credit Card,Smartphone,Postpaid,Yes,No
CUST02941,45,Female,Lucknow,6,Month-to-Month,DSL,554.64,3453.22,26.23,198,54,2,1,Debit Card,Smartphone,Prepaid,No,Yes
CUST02942,34,Female,Hyderabad,3,Month-to-Month,DSL,506.86,1380.06,15.17,240,40,3,2,Debit Card,Smartphone,Prepaid,No,Yes
CUST02943,48,Female,Delhi,68,Month-to-Month,Fiber Optic,776.42,54185.51,55.18,259,49,1,0,UPI,Smartphone,Prepaid,No,No
CUST02944,25,Male,Bangalore,24,Two Year,No Internet,595.09,14394.94,8.02,468,22,0,0,Debit Card,Router Only,Postpaid,No,No
CUST02945,57,Female,Chennai,14,Month-to-Month,No Internet,615.75,8134.39,0.5,391,13,0,0,Cash,Router Only,Postpaid,No,Yes
CUST02946,42,Female,Mumbai,0,Month-to-Month,Fiber Optic,891.39,891.39,50.65,103,30,4,2,Debit Card,Smartphone,Prepaid,Yes,Yes
CUST02947,26,Female,Delhi,1,Month-to-Month,Fiber Optic,820.83,820.83,57.18,72,50,1,0,Cash,Smartphone,Prepaid,Yes,No
CUST02948,19,Male,Bangalore,3,Month-to-Month,DSL,622.74,1903.89,30.74,156,34,2,1,Net Banking,Smartphone,Postpaid,Yes,Yes
CUST02949,32,Male,Delhi,23,Month-to-Month,DSL,721.67,15188.84,35.9,261,56,2,1,Net Banking,Router Only,Prepaid,Yes,No
CUST02950,67,Female,Chennai,9,Month-to-Month,Fiber Optic,1031.3,8398.37,40.88,531,14,3,1,UPI,Smartphone,Postpaid,Yes,Yes
CUST02951,20,Male,Chennai,0,Month-to-Month,DSL,551.99,551.99,43.45,98,82,2,1,UPI,Smartphone,Prepaid,Yes,Yes
CUST02952,66,Male,Delhi,4,Month-to-Month,No Internet,377.32,1521.11,8.4,407,43,3,1,UPI,Smartphone,Postpaid,Yes,Yes
CUST02953,53,Female,Mumbai,55,Month-to-Month,DSL,431.49,24803.19,21.58,288,54,4,2,Debit Card,Smartphone,Prepaid,No,No
CUST02954,21,Male,Bangalore,32,Two Year,Fiber Optic,876.34,27985.04,55.71,217,12,4,2,Debit Card,Smartphone,Postpaid,Yes,No
CUST02955,31,Male,Hyderabad,5,Month-to-Month,DSL,500.28,2580.24,22.28,111,69,1,1,Debit Card,Smartphone,Prepaid,No,Yes
CUST02956,58,Male,Mumbai,1,Month-to-Month,DSL,782.17,782.17,15.06,451,21,1,0,Debit Card,Router Only,Postpaid,No,Yes
CUST02957,58,Female,Mumbai,26,One Year,No Internet,149.0,3725.17,0.5,349,34,0,0,Credit Card,Tablet,Prepaid,Yes,No
CUST02958,42,Male,Lucknow,22,One Year,Fiber Optic,959.35,20817.55,45.12,194,5,5,2,Debit Card,Router Only,Prepaid,Yes,No
CUST02959,67,Female,Delhi,19,One Year,DSL,558.12,10188.49,18.19,315,0,2,1,Net Banking,Smartphone,Postpaid,No,Yes
CUST02960,27,Male,Lucknow,25,Two Year,Fiber Optic,884.81,22278.89,65.77,173,0,0,0,Net Banking,Router Only,Prepaid,Yes,No
CUST02961,38,Male,Delhi,2,Month-to-Month,DSL,724.09,1351.5,12.4,343,25,6,2,UPI,Feature Phone,Postpaid,No,No
CUST02962,53,Female,Mumbai,22,Month-to-Month,Fiber Optic,1082.73,22376.37,31.08,364,33,2,1,Debit Card,Smartphone,Postpaid,Yes,No
CUST02963,29,Male,Hyderabad,2,Month-to-Month,No Internet,356.8,696.52,1.89,220,58,3,1,Debit Card,Router Only,Prepaid,Yes,Yes
CUST02964,44,Female,Delhi,18,Two Year,DSL,490.29,8822.21,37.77,247,83,0,0,Debit Card,Feature Phone,Prepaid,Yes,No
CUST02965,57,Male,Delhi,10,Month-to-Month,No Internet,393.09,3614.72,12.77,288,30,1,0,UPI,Feature Phone,Postpaid,No,No
CUST02966,19,Male,Mumbai,30,One Year,Fiber Optic,942.1,26709.61,62.07,216,41,1,1,Cash,Feature Phone,Postpaid,Yes,No
CUST02967,30,Male,Lucknow,21,One Year,DSL,547.68,10835.78,34.82,213,33,3,1,Credit Card,Tablet,Prepaid,Yes,No
CUST02968,49,Male,Bangalore,61,Month-to-Month,No Internet,463.4,27494.02,0.5,423,0,1,0,UPI,Router Only,Postpaid,No,Yes
CUST02969,48,Other,Chennai,33,Month-to-Month,No Internet,211.86,7303.49,0.5,263,41,2,1,UPI,Smartphone,Prepaid,Yes,No
CUST02970,33,Female,Pune,18,Month-to-Month,No Internet,459.78,7933.86,0.5,359,62,4,2,Debit Card,Router Only,Postpaid,Yes,Yes
CUST02971,49,Male,Kolkata,7,Month-to-Month,Fiber Optic,960.64,6918.26,41.11,263,29,1,0,Cash,Router Only,Prepaid,Yes,No
CUST02972,49,Female,Pune,1,Month-to-Month,Fiber Optic,827.42,827.42,41.9,224,49,4,2,Debit Card,Smartphone,Prepaid,No,Yes
CUST02973,51,Female,Bangalore,28,Month-to-Month,Fiber Optic,970.07,25764.14,51.88,445,85,2,1,Cash,Smartphone,Postpaid,Yes,No
CUST02974,28,Male,Delhi,15,One Year,Fiber Optic,1061.08,,,244,72,2,1,UPI,Smartphone,Postpaid,Yes,No
CUST02975,27,Male,Mumbai,43,Two Year,Fiber Optic,837.63,36252.62,71.12,130,44,1,0,Credit Card,Tablet,Prepaid,Yes,No
CUST02976,32,Female,Mumbai,24,One Year,DSL,622.12,14084.22,41.74,220,64,2,1,Debit Card,Smartphone,Prepaid,Yes,Yes
CUST02977,34,Female,Delhi,15,One Year,DSL,731.57,11029.95,39.02,509,26,0,0,Credit Card,Smartphone,Postpaid,No,No
CUST02978,57,Other,Delhi,33,Month-to-Month,DSL,586.98,18495.29,31.02,363,40,4,1,Debit Card,Smartphone,Postpaid,No,Yes
CUST02979,35,Female,Jaipur,3,Month-to-Month,DSL,810.14,2193.12,22.52,234,47,4,1,Cash,Router Only,Postpaid,Yes,Yes
CUST02980,26,Female,Jaipur,7,Month-to-Month,Fiber Optic,885.47,5725.38,69.75,142,20,2,1,Net Banking,Tablet,Prepaid,Yes,No
CUST02981,42,Male,Delhi,46,Month-to-Month,No Internet,171.75,8031.83,14.56,221,17,1,0,UPI,Smartphone,Prepaid,Yes,No
CUST02982,57,Male,Delhi,23,One Year,Fiber Optic,838.57,17985.44,38.34,223,43,2,1,UPI,Smartphone,Prepaid,No,No
CUST02983,31,Male,Delhi,41,Two Year,DSL,659.91,25284.75,26.87,465,61,0,0,Debit Card,Router Only,Postpaid,Yes,No
CUST02984,42,Female,Mumbai,8,Month-to-Month,Fiber Optic,966.94,7348.77,36.72,358,0,2,1,Credit Card,Smartphone,Postpaid,No,Yes
CUST02985,67,Female,Mumbai,6,Month-to-Month,No Internet,316.9,1763.92,20.38,274,27,3,1,Credit Card,Smartphone,Prepaid,Yes,No
CUST02986,39,Female,Lucknow,6,Month-to-Month,No Internet,197.23,1160.64,0.5,289,16,1,0,Credit Card,Feature Phone,Prepaid,Yes,No
CUST02987,69,Female,Delhi,9,Month-to-Month,Fiber Optic,841.7,7401.94,47.04,364,31,1,0,Debit Card,Smartphone,Prepaid,Yes,Yes
CUST02988,47,Female,Mumbai,23,One Year,Fiber Optic,709.46,16231.87,37.33,393,49,1,0,UPI,Smartphone,Prepaid,Yes,No
CUST02989,37,Other,Delhi,41,One Year,DSL,769.89,32986.97,33.97,322,47,1,0,Credit Card,Router Only,Postpaid,Yes,No
CUST02990,38,Male,Lucknow,29,One Year,DSL,671.15,17865.91,18.53,411,67,2,1,Cash,Smartphone,Postpaid,Yes,Yes
CUST02991,61,Female,Jaipur,13,One Year,DSL,657.6,8186.93,18.5,479,61,1,0,Credit Card,Smartphone,Postpaid,Yes,Yes
CUST02992,49,Female,Pune,8,Month-to-Month,Fiber Optic,907.31,7076.48,45.99,517,8,1,0,Credit Card,Smartphone,Postpaid,Yes,Yes
CUST02993,68,Male,Bangalore,58,Two Year,DSL,694.24,41698.89,22.12,425,0,1,0,UPI,Feature Phone,Postpaid,Yes,No
CUST02994,63,Other,Mumbai,25,One Year,Fiber Optic,846.6,21056.7,24.16,421,51,1,1,Net Banking,Smartphone,Prepaid,No,Yes
CUST02995,66,Female,Mumbai,6,Month-to-Month,Fiber Optic,912.29,5272.77,28.96,381,25,0,0,Cash,Feature Phone,Prepaid,Yes,No
CUST02996,38,Male,Bangalore,37,Month-to-Month,Fiber Optic,1107.39,37192.91,47.11,474,41,2,1,UPI,Smartphone,Postpaid,Yes,No
CUST02997,52,Male,Kolkata,64,Two Year,No Internet,187.62,12171.82,7.51,202,47,1,0,Credit Card,Smartphone,Prepaid,Yes,No
CUST02998,49,Female,Mumbai,19,Month-to-Month,Fiber Optic,909.41,16996.41,50.25,404,32,0,0,Cash,Tablet,Postpaid,No,No
CUST02999,47,Female,Mumbai,6,Month-to-Month,DSL,479.24,2879.59,14.57,224,34,1,1,Cash,Tablet,Prepaid,Yes,No
CUST03000,56,Female,Chennai,4,Month-to-Month,Fiber Optic,953.01,3612.33,33.57,329,0,1,1,Cash,Tablet,Postpaid,Yes,Yes
CUST03001,66,Male,Mumbai,39,Two Year,Fiber Optic,792.27,28999.92,18.69,321,78,1,0,Net Banking,Smartphone,Prepaid,Yes,No
CUST03002,29,Male,Chennai,35,Month-to-Month,No Internet,272.13,9477.81,0.57,204,123,0,0,Credit Card,Smartphone,Prepaid,Yes,No
CUST03003,58,Male,Bangalore,15,One Year,Fiber Optic,901.2,13024.86,44.26,448,0,1,0,Net Banking,Tablet,Postpaid,Yes,No
CUST03004,64,Male,Delhi,33,Two Year,No Internet,370.94,11661.26,5.61,451,20,0,0,Cash,Smartphone,Postpaid,Yes,No
CUST03005,35,Male,Bangalore,56,Two Year,No Internet,149.0,7774.78,0.5,203,47,1,0,UPI,Smartphone,Prepaid,Yes,No
CUST03006,38,Female,Jaipur,37,Two Year,DSL,510.01,18134.53,27.28,223,34,1,0,Net Banking,Smartphone,Prepaid,No,No
CUST03007,30,Male,Mumbai,4,Month-to-Month,Fiber Optic,1003.27,4173.99,49.7,349,28,4,1,UPI,Router Only,Postpaid,No,Yes
CUST03008,38,Male,Mumbai,9,Month-to-Month,No Internet,474.93,3917.08,0.5,307,29,2,1,Debit Card,Router Only,Postpaid,Yes,Yes
CUST03009,25,Male,Delhi,6,Month-to-Month,No Internet,308.18,1709.25,16.11,172,73,2,1,UPI,Smartphone,Prepaid,Yes,No
CUST03010,63,Male,Chennai,0,Month-to-Month,No Internet,316.71,316.71,2.52,300,46,0,0,Net Banking,Router Only,Prepaid,Yes,No
CUST03011,57,Female,Ahmedabad,42,Two Year,No Internet,269.34,10589.26,1.82,150,58,2,1,UPI,Feature Phone,Prepaid,No,No
CUST03012,63,Female,Bangalore,32,Two Year,Fiber Optic,881.35,29070.03,40.39,197,18,2,1,UPI,Smartphone,Prepaid,No,No
CUST03013,24,Female,Mumbai,38,Month-to-Month,DSL,536.56,20951.62,35.79,47,59,2,1,UPI,Smartphone,Prepaid,Yes,No
CUST03014,40,Male,Lucknow,0,Month-to-Month,DSL,733.37,733.37,27.11,353,56,2,1,Debit Card,Smartphone,Postpaid,Yes,Yes
CUST03015,61,Male,Kolkata,27,Month-to-Month,Fiber Optic,901.68,24395.27,43.05,269,38,4,1,UPI,Tablet,Prepaid,No,Yes
CUST03016,49,Male,Chennai,18,Month-to-Month,DSL,499.13,9131.94,2.93,160,25,2,1,UPI,Smartphone,Prepaid,Yes,No
CUST03017,28,Male,Mumbai,16,Month-to-Month,DSL,510.51,7756.33,31.69,307,96,1,0,Debit Card,Smartphone,Prepaid,Yes,Yes
CUST03018,39,Female,Mumbai,3,One Year,DSL,632.84,1799.31,32.77,0,59,3,1,Net Banking,Router Only,Prepaid,Yes,No
CUST03019,39,Male,Pune,14,One Year,No Internet,170.78,2152.8,6.51,230,60,2,1,Cash,Smartphone,Prepaid,Yes,No
CUST03020,60,Female,Hyderabad,62,Two Year,Fiber Optic,839.04,48651.7,26.06,140,22,1,0,Credit Card,Smartphone,Prepaid,No,No
CUST03021,42,Male,Hyderabad,41,Month-to-Month,Fiber Optic,852.95,35047.85,49.76,164,53,2,1,UPI,Tablet,Prepaid,Yes,Yes
CUST03022,39,Female,Delhi,3,Month-to-Month,Fiber Optic,702.05,2035.42,54.19,203,83,2,1,Debit Card,Smartphone,Prepaid,Yes,Yes
CUST03023,45,Female,Hyderabad,16,Two Year,Fiber Optic,754.89,12013.11,43.2,128,21,1,0,UPI,Smartphone,Prepaid,Yes,No
CUST03024,46,Female,Ahmedabad,50,Month-to-Month,Fiber Optic,871.06,40672.99,51.77,391,2,2,1,Debit Card,Smartphone,Postpaid,No,No
CUST03025,30,Female,Lucknow,3,Month-to-Month,No Internet,429.61,1277.75,0.5,214,52,5,1,UPI,Feature Phone,Postpaid,No,Yes
CUST03026,35,Female,Delhi,26,Month-to-Month,DSL,608.23,14812.81,25.25,347,23,1,0,Debit Card,Smartphone,Postpaid,Yes,No
CUST03027,19,Female,Chennai,55,Two Year,Fiber Optic,882.89,,,88,95,1,0,,Smartphone,Prepaid,No,No
CUST03028,46,Male,Chennai,30,One Year,Fiber Optic,848.11,23496.25,40.17,386,78,1,0,Debit Card,Smartphone,Prepaid,No,No
CUST03029,38,Male,Jaipur,72,Two Year,DSL,748.47,50840.91,21.81,456,33,4,1,UPI,Smartphone,Postpaid,No,No
CUST03030,32,Female,Kolkata,1,Month-to-Month,Fiber Optic,925.64,925.64,48.98,426,17,3,1,Credit Card,Smartphone,Postpaid,Yes,Yes
CUST03031,69,Female,Lucknow,17,One Year,DSL,776.1,11924.41,12.98,601,0,1,0,Debit Card,Smartphone,Postpaid,Yes,No
CUST03032,44,Male,Lucknow,33,One Year,Fiber Optic,665.74,22778.16,42.85,129,58,3,2,Credit Card,Smartphone,Prepaid,No,No
CUST03033,67,Male,Mumbai,1,Month-to-Month,Fiber Optic,827.93,827.93,35.48,239,75,4,2,Debit Card,Smartphone,Prepaid,No,Yes
CUST03034,48,Other,Pune,15,Two Year,DSL,517.15,7464.72,24.36,339,55,1,0,Credit Card,Feature Phone,Prepaid,No,No
CUST03035,32,Male,Hyderabad,9,One Year,DSL,659.07,5653.65,38.35,174,27,3,1,Debit Card,Router Only,Prepaid,No,Yes
CUST03036,68,Male,Mumbai,19,Two Year,Fiber Optic,774.88,13653.29,36.83,323,8,3,1,Net Banking,Smartphone,Prepaid,Yes,No
CUST03037,40,Male,Mumbai,40,Two Year,No Internet,306.02,11832.57,9.08,213,17,0,0,UPI,Smartphone,Prepaid,No,No
CUST03038,41,Female,Delhi,11,Month-to-Month,Fiber Optic,893.78,9591.42,46.68,478,52,2,1,UPI,Smartphone,Postpaid,No,No
CUST03039,61,Male,Kolkata,4,Month-to-Month,Fiber Optic,921.46,3464.52,36.19,453,9,4,2,UPI,Tablet,Postpaid,No,Yes
CUST03040,30,Female,Mumbai,5,Month-to-Month,DSL,603.83,2955.52,24.82,154,88,0,0,Cash,Router Only,Prepaid,Yes,Yes
CUST03041,39,Male,Ahmedabad,35,One Year,DSL,538.7,18785.21,22.18,303,22,0,0,UPI,Feature Phone,Prepaid,No,No
CUST03042,60,Female,Chennai,35,One Year,Fiber Optic,719.46,24628.31,35.94,184,25,3,1,Credit Card,Smartphone,Prepaid,Yes,No
CUST03043,54,Female,Pune,19,One Year,DSL,673.74,13245.38,16.84,368,37,0,0,Cash,Feature Phone,Postpaid,Yes,No
CUST03044,50,Male,Mumbai,5,Month-to-Month,Fiber Optic,868.56,3997.91,38.03,283,18,2,1,Credit Card,Smartphone,Postpaid,Yes,Yes
CUST03045,20,Female,Bangalore,29,One Year,No Internet,340.76,,,311,26,2,1,,Smartphone,Postpaid,Yes,Yes
CUST03046,36,Male,Bangalore,25,Month-to-Month,DSL,727.51,16766.14,28.76,412,26,0,0,UPI,Smartphone,Postpaid,Yes,No
CUST03047,40,Male,Mumbai,9,Month-to-Month,Fiber Optic,860.69,7471.32,47.2,189,33,1,1,Credit Card,Feature Phone,Prepaid,Yes,Yes
CUST03048,46,Female,Ahmedabad,12,Two Year,Fiber Optic,881.66,9764.65,42.1,179,66,3,1,Net Banking,Tablet,Prepaid,No,No
CUST03049,47,Male,Chennai,1,Month-to-Month,DSL,592.91,592.91,22.03,299,46,2,1,Credit Card,Tablet,Postpaid,No,No
CUST03050,56,Female,Delhi,34,Month-to-Month,DSL,599.16,19390.35,23.61,462,36,1,0,Credit Card,Smartphone,Postpaid,No,No
CUST03051,61,Male,Kolkata,8,Month-to-Month,No Internet,304.94,2360.97,0.5,304,21,0,0,Debit Card,Router Only,Prepaid,Yes,Yes
CUST03052,64,Male,Delhi,20,Month-to-Month,No Internet,416.74,7706.39,0.65,493,24,0,0,UPI,Feature Phone,Postpaid,Yes,No
CUST03053,42,Male,Bangalore,0,Month-to-Month,Fiber Optic,888.66,888.66,25.25,179,39,4,1,Credit Card,Smartphone,Prepaid,No,Yes
CUST03054,54,Female,Chennai,13,One Year,No Internet,402.59,5288.32,6.28,590,0,1,0,UPI,Tablet,Postpaid,Yes,No
CUST03055,64,Male,Delhi,14,One Year,DSL,538.8,7846.21,29.7,396,16,0,0,Net Banking,Smartphone,Postpaid,No,No
CUST03056,25,Female,Pune,21,Month-to-Month,DSL,504.48,9986.17,37.95,225,67,2,1,Credit Card,Smartphone,Prepaid,No,No
CUST03057,59,Male,Pune,2,Month-to-Month,DSL,745.61,1439.17,9.4,451,22,0,0,UPI,Router Only,Postpaid,No,Yes
CUST03058,33,Male,Pune,28,Month-to-Month,Fiber Optic,1123.93,32018.43,51.96,357,35,1,0,Cash,Router Only,Postpaid,No,No
CUST03059,25,Female,Delhi,22,One Year,Fiber Optic,921.08,19932.82,64.2,111,42,0,0,Cash,Router Only,Prepaid,No,Yes
CUST03060,18,Female,Mumbai,4,Month-to-Month,No Internet,268.76,1086.83,0.5,10,101,1,0,Credit Card,Smartphone,Prepaid,Yes,Yes
CUST03061,61,Male,Mumbai,25,Month-to-Month,DSL,655.65,16682.11,13.45,347,0,1,0,Net Banking,Smartphone,Postpaid,No,No
CUST03062,22,Female,Lucknow,6,Month-to-Month,No Internet,336.93,2041.89,4.08,300,55,1,0,Net Banking,Smartphone,Postpaid,No,No
CUST03063,20,Male,Delhi,7,Month-to-Month,Fiber Optic,945.98,6905.29,61.81,468,0,2,1,Net Banking,Smartphone,Postpaid,Yes,No
CUST03064,18,Female,Bangalore,19,One Year,Fiber Optic,820.99,15750.77,75.59,161,45,4,2,Debit Card,Smartphone,Prepaid,No,No
CUST03065,21,Female,Ahmedabad,2,Month-to-Month,Fiber Optic,956.11,1755.18,58.97,299,53,4,2,Debit Card,Smartphone,Postpaid,Yes,Yes
CUST03066,57,Female,Kolkata,13,Month-to-Month,Fiber Optic,839.17,11129.29,30.48,457,22,1,0,Credit Card,Smartphone,Postpaid,No,Yes
CUST03067,52,Female,Ahmedabad,8,Month-to-Month,No Internet,404.55,2956.03,16.51,232,58,0,0,Debit Card,Router Only,Prepaid,Yes,No
CUST03068,49,Male,Lucknow,39,Two Year,Fiber Optic,965.07,36115.46,54.36,475,32,2,1,Credit Card,Smartphone,Postpaid,Yes,No
CUST03069,59,Female,Bangalore,11,One Year,DSL,717.55,7519.45,32.37,632,29,3,2,Net Banking,Smartphone,Postpaid,No,Yes
CUST03070,51,Female,Mumbai,10,Month-to-Month,DSL,637.86,5890.67,13.45,290,0,1,0,Credit Card,Smartphone,Postpaid,No,No
CUST03071,60,Male,Delhi,4,Month-to-Month,DSL,619.12,2268.74,15.88,298,0,4,2,Net Banking,Router Only,Prepaid,Yes,Yes
CUST03072,42,Male,Delhi,27,Two Year,DSL,549.57,13998.61,9.95,367,23,2,1,Credit Card,Smartphone,Postpaid,Yes,No
CUST03073,27,Female,Chennai,7,Month-to-Month,DSL,631.19,4431.41,24.14,329,38,0,0,UPI,Smartphone,Postpaid,No,No
CUST03074,38,Female,Delhi,23,Two Year,DSL,736.51,15768.85,29.42,506,36,0,0,Debit Card,Smartphone,Postpaid,No,No
CUST03075,63,Male,Pune,38,Month-to-Month,Fiber Optic,999.84,39723.36,32.81,446,49,2,1,UPI,Smartphone,Postpaid,Yes,No
CUST03076,56,Female,Delhi,15,Month-to-Month,No Internet,212.4,2869.84,12.26,87,0,0,0,UPI,Smartphone,Prepaid,No,No
CUST03077,44,Female,Mumbai,23,One Year,No Internet,212.06,4805.94,3.49,350,40,1,0,UPI,Smartphone,Prepaid,No,No
CUST03078,44,Male,Pune,24,One Year,Fiber Optic,1001.14,23638.68,45.51,483,39,2,1,Credit Card,Smartphone,Postpaid,No,No
CUST03079,19,Male,Mumbai,11,Two Year,DSL,563.11,5829.65,25.5,279,65,0,0,Credit Card,Feature Phone,Postpaid,No,Yes
CUST03080,58,Female,Pune,12,Two Year,DSL,684.51,8126.42,23.67,429,0,0,0,UPI,Smartphone,Postpaid,Yes,No
CUST03081,65,Male,Lucknow,7,Month-to-Month,No Internet,341.7,2354.03,0.5,206,28,1,0,Debit Card,Smartphone,Prepaid,No,No
CUST03082,30,Male,Kolkata,16,One Year,Fiber Optic,876.32,14065.72,62.1,455,0,5,3,Credit Card,Smartphone,Postpaid,No,Yes
CUST03083,26,Female,Bangalore,42,Two Year,DSL,669.24,28978.87,30.7,320,73,1,0,Credit Card,Smartphone,Postpaid,No,No
CUST03084,69,Female,Jaipur,4,Month-to-Month,Fiber Optic,923.68,3380.94,39.38,396,27,4,2,Net Banking,Router Only,Prepaid,No,Yes
CUST03085,53,Female,Delhi,12,Month-to-Month,Fiber Optic,829.05,10200.22,49.41,210,24,2,1,UPI,Smartphone,Prepaid,Yes,Yes
CUST03086,39,Female,Pune,12,Month-to-Month,DSL,511.98,5548.25,35.01,325,27,0,0,Credit Card,Smartphone,Prepaid,Yes,No
CUST03087,59,Male,Delhi,11,Month-to-Month,No Internet,323.7,3237.55,2.38,395,12,3,1,Credit Card,Smartphone,Prepaid,Yes,Yes
CUST03088,43,Male,Delhi,42,Two Year,DSL,452.6,19696.07,26.2,171,48,1,0,Debit Card,Smartphone,Prepaid,No,No
CUST03089,29,Female,Lucknow,17,Month-to-Month,DSL,461.6,7893.07,39.17,38,80,0,0,Debit Card,Tablet,Prepaid,Yes,No
CUST03090,34,Male,Bangalore,15,Month-to-Month,DSL,402.21,6011.47,19.08,226,40,5,2,Net Banking,Feature Phone,Prepaid,Yes,No
CUST03091,31,Female,Ahmedabad,30,Two Year,No Internet,240.4,7050.99,8.75,229,117,0,0,Cash,Smartphone,Prepaid,Yes,No
CUST03092,31,Male,Bangalore,1,Month-to-Month,Fiber Optic,1111.42,1130.33,65.56,448,51,0,0,Debit Card,Router Only,Postpaid,No,No
CUST03093,51,Male,Ahmedabad,23,One Year,Fiber Optic,806.64,18725.89,46.46,364,69,1,0,UPI,Smartphone,Prepaid,Yes,No
CUST03094,37,Male,Lucknow,36,Two Year,No Internet,308.96,10584.1,12.15,264,13,1,1,UPI,Smartphone,Prepaid,Yes,No
CUST03095,28,Female,Bangalore,9,Month-to-Month,Fiber Optic,942.99,8268.77,63.86,221,3,3,2,UPI,Smartphone,Postpaid,Yes,Yes
CUST03096,33,Male,Hyderabad,7,Month-to-Month,Fiber Optic,845.28,5753.36,52.06,425,12,3,1,Credit Card,Smartphone,Postpaid,No,Yes
CUST03097,68,Male,Chennai,28,Month-to-Month,DSL,496.19,13408.0,6.62,324,45,1,0,UPI,Smartphone,Prepaid,No,No
CUST03098,48,Male,Jaipur,30,One Year,DSL,446.22,13416.99,33.4,262,40,1,0,Debit Card,Smartphone,Prepaid,No,No
CUST03099,23,Female,Mumbai,8,Month-to-Month,DSL,473.29,3868.35,39.15,101,26,2,1,UPI,Tablet,Prepaid,No,No
CUST03100,36,Male,Chennai,13,Month-to-Month,No Internet,310.62,,7.05,251,79,1,0,Credit Card,Smartphone,Postpaid,Yes,No
CUST03101,54,Male,Mumbai,6,Month-to-Month,Fiber Optic,847.01,4888.7,33.72,224,33,1,0,Net Banking,Smartphone,Prepaid,Yes,Yes
CUST03102,21,Male,Mumbai,16,One Year,Fiber Optic,848.3,13637.65,73.53,312,73,2,1,Net Banking,Feature Phone,Prepaid,Yes,No
CUST03103,64,Female,Delhi,34,Month-to-Month,Fiber Optic,826.23,27655.27,33.73,170,0,3,1,Debit Card,Tablet,Prepaid,No,Yes
CUST03104,21,Male,Chennai,19,One Year,Fiber Optic,743.52,13097.61,63.47,235,80,4,1,Credit Card,Smartphone,Prepaid,No,No
CUST03105,37,Male,Jaipur,19,One Year,DSL,628.98,,,434,45,0,0,,Smartphone,Postpaid,No,Yes
CUST03106,27,Male,Bangalore,15,One Year,Fiber Optic,724.67,11167.61,80.76,324,11,3,1,Cash,Smartphone,Prepaid,No,Yes
CUST03107,41,Female,Hyderabad,26,Two Year,No Internet,149.32,3964.5,0.5,80,69,0,0,UPI,Smartphone,Prepaid,Yes,No
CUST03108,52,Female,Chennai,8,Month-to-Month,DSL,665.16,5468.82,18.47,451,28,1,0,Credit Card,Smartphone,Postpaid,Yes,No
CUST03109,43,Female,Bangalore,1,Month-to-Month,Fiber Optic,997.28,997.28,45.07,520,57,3,2,Debit Card,Smartphone,Postpaid,No,No
CUST03110,54,Female,Jaipur,22,One Year,Fiber Optic,824.84,19026.56,33.22,201,0,3,1,Cash,Smartphone,Prepaid,No,No
CUST03111,55,Female,Bangalore,9,Month-to-Month,Fiber Optic,738.48,6537.2,43.62,377,63,1,0,UPI,Tablet,Prepaid,No,No
CUST03112,38,Male,Delhi,16,One Year,DSL,556.23,8685.29,37.07,187,68,3,2,Credit Card,Smartphone,Prepaid,Yes,No
CUST03113,57,Female,Delhi,23,Two Year,Fiber Optic,1046.37,24311.06,43.33,500,0,3,1,Net Banking,Feature Phone,Postpaid,No,No
CUST03114,56,Female,Jaipur,31,Two Year,DSL,657.71,18752.83,11.58,362,22,2,1,Debit Card,Smartphone,Postpaid,Yes,No
CUST03115,38,Female,Lucknow,27,One Year,Fiber Optic,867.63,21886.57,56.48,160,60,2,1,UPI,Smartphone,Prepaid,Yes,No
CUST03116,27,Male,Mumbai,36,Two Year,No Internet,211.7,7936.01,9.27,230,53,2,1,Debit Card,Feature Phone,Prepaid,Yes,No
CUST03117,55,Female,Delhi,5,Month-to-Month,DSL,592.73,2759.22,15.47,442,23,0,0,Net Banking,Smartphone,Postpaid,Yes,No
CUST03118,63,Male,Hyderabad,13,Month-to-Month,No Internet,149.0,1841.09,2.55,218,43,1,0,Credit Card,Smartphone,Prepaid,Yes,No
CUST03119,21,Female,Pune,11,Month-to-Month,DSL,624.95,6440.86,44.27,267,89,3,1,Debit Card,Router Only,Prepaid,Yes,Yes
CUST03120,62,Male,Chennai,2,Month-to-Month,DSL,768.95,1495.62,2.1,549,0,3,1,Net Banking,Router Only,Postpaid,Yes,No
CUST03121,37,Male,Lucknow,9,Month-to-Month,DSL,623.73,5729.17,39.95,207,11,0,0,UPI,Feature Phone,Postpaid,Yes,No
CUST03122,34,Male,Kolkata,57,Two Year,No Internet,399.28,23342.4,0.5,302,26,1,0,Credit Card,Smartphone,Postpaid,Yes,No
CUST03123,24,Male,Ahmedabad,0,One Year,DSL,408.1,408.1,30.43,327,21,3,2,Debit Card,Smartphone,Prepaid,Yes,Yes
CUST03124,21,Female,Hyderabad,11,One Year,DSL,635.12,6365.47,32.05,262,45,4,1,Credit Card,Smartphone,Postpaid,No,No
CUST03125,46,Male,Mumbai,7,Month-to-Month,Fiber Optic,782.31,5021.0,39.87,78,41,0,0,UPI,Smartphone,Prepaid,Yes,No
CUST03126,31,Male,Pune,35,Month-to-Month,Fiber Optic,757.12,27095.2,51.58,337,49,0,0,Debit Card,Smartphone,Prepaid,No,Yes
CUST03127,20,Female,Bangalore,26,Two Year,Fiber Optic,812.26,20365.09,67.28,52,78,2,1,Credit Card,Smartphone,Prepaid,Yes,No
CUST03128,41,Male,Mumbai,10,One Year,DSL,746.02,7633.17,10.73,205,0,3,1,UPI,Router Only,Postpaid,Yes,No
CUST03129,54,Female,Delhi,46,One Year,Fiber Optic,828.86,34395.68,34.68,9,14,0,0,Cash,Tablet,Prepaid,No,No
CUST03130,33,Male,Hyderabad,32,Two Year,DSL,596.14,17268.78,33.43,174,66,0,0,Cash,Router Only,Prepaid,No,No
CUST03131,69,Male,Chennai,10,One Year,Fiber Optic,744.54,7053.2,36.09,413,42,2,1,Debit Card,Smartphone,Prepaid,No,No
CUST03132,21,Female,Chennai,9,One Year,Fiber Optic,850.25,7121.37,63.72,182,85,2,1,UPI,Feature Phone,Prepaid,Yes,No
CUST03133,41,Female,Delhi,0,Month-to-Month,Fiber Optic,1002.34,1002.34,50.88,478,29,3,1,Debit Card,Router Only,Postpaid,No,Yes
CUST03134,51,Male,Chennai,10,Month-to-Month,Fiber Optic,1045.81,10330.49,50.19,397,0,5,1,Credit Card,Tablet,Postpaid,No,Yes
CUST03135,47,Female,Delhi,9,One Year,DSL,537.16,4999.51,29.88,101,23,0,0,UPI,Smartphone,Prepaid,Yes,No
CUST03136,35,Female,Pune,13,Month-to-Month,DSL,906.01,11993.31,14.57,427,49,1,1,Net Banking,Router Only,Postpaid,No,No
CUST03137,36,Female,Bangalore,17,One Year,Fiber Optic,750.21,11671.06,59.92,296,78,2,1,Net Banking,Feature Phone,Prepaid,Yes,No
CUST03138,48,Male,Ahmedabad,2,Month-to-Month,No Internet,392.47,810.89,3.85,523,0,6,3,Cash,Smartphone,Postpaid,No,Yes
CUST03139,36,Male,Kolkata,7,Month-to-Month,Fiber Optic,783.58,5035.3,46.13,104,37,1,0,Cash,Smartphone,Prepaid,Yes,No
CUST03140,66,Female,Pune,1,Month-to-Month,DSL,490.07,490.07,16.08,229,29,1,0,Credit Card,Smartphone,Prepaid,No,Yes
CUST03141,63,Female,Pune,24,Month-to-Month,No Internet,238.69,5589.91,1.28,327,61,3,1,Cash,Feature Phone,Prepaid,Yes,No
CUST03142,36,Male,Chennai,32,Two Year,Fiber Optic,823.44,24156.1,47.48,54,58,1,1,Debit Card,Smartphone,Prepaid,Yes,No
CUST03143,39,Female,Delhi,15,Month-to-Month,Fiber Optic,991.55,13891.95,58.69,298,0,0,0,Net Banking,Smartphone,Postpaid,Yes,No
CUST03144,41,Male,Pune,22,One Year,Fiber Optic,1097.15,23344.55,61.86,376,0,1,0,UPI,Router Only,Postpaid,No,No
CUST03145,62,Male,Hyderabad,7,Month-to-Month,DSL,815.32,5349.19,12.82,472,12,0,0,UPI,Router Only,Postpaid,Yes,No
CUST03146,29,Male,Hyderabad,17,Month-to-Month,Fiber Optic,830.97,14719.67,52.32,215,14,3,2,Credit Card,Smartphone,Postpaid,Yes,Yes
CUST03147,47,Female,Bangalore,42,Month-to-Month,Fiber Optic,1037.74,40285.72,43.37,423,5,0,0,Credit Card,Feature Phone,Postpaid,No,Yes
CUST03148,55,Male,Jaipur,0,Two Year,Fiber Optic,774.73,774.73,44.38,320,0,7,3,UPI,Smartphone,Prepaid,Yes,No
CUST03149,48,Female,Mumbai,11,Month-to-Month,Fiber Optic,1010.52,10834.23,26.35,549,0,2,1,Cash,Tablet,Postpaid,Yes,Yes
CUST03150,53,Female,Mumbai,51,Two Year,Fiber Optic,904.79,44661.96,38.32,330,85,1,0,Debit Card,Router Only,Prepaid,Yes,No
CUST03151,36,Female,Lucknow,33,Month-to-Month,Fiber Optic,897.28,27687.63,58.71,34,58,3,2,Credit Card,Tablet,Prepaid,Yes,No
CUST03152,65,Other,Kolkata,14,Month-to-Month,DSL,747.32,9715.59,14.19,541,0,1,0,Credit Card,Smartphone,Postpaid,Yes,Yes
CUST03153,62,Female,Delhi,48,One Year,Fiber Optic,862.98,,,243,50,1,0,,Smartphone,Prepaid,Yes,No
CUST03154,53,Other,Jaipur,29,Month-to-Month,DSL,598.19,17154.63,17.85,363,0,2,1,Debit Card,Tablet,Prepaid,Yes,No
CUST03155,47,Male,Mumbai,12,Month-to-Month,No Internet,190.82,2260.37,8.77,367,0,0,0,Credit Card,Tablet,Prepaid,Yes,No
CUST03156,66,Male,Pune,16,Month-to-Month,DSL,628.71,10219.11,27.41,268,24,0,0,Debit Card,Smartphone,Prepaid,Yes,No
CUST03157,50,Male,Hyderabad,14,Month-to-Month,No Internet,234.78,3107.84,4.94,208,73,2,1,Cash,Feature Phone,Prepaid,Yes,No
CUST03158,35,Male,Hyderabad,8,Month-to-Month,DSL,604.59,,,328,20,0,0,Net Banking,Smartphone,Postpaid,No,No
CUST03159,69,Female,Pune,34,Two Year,DSL,413.82,14524.68,2.81,383,20,3,2,Debit Card,Smartphone,Prepaid,Yes,No
CUST03160,66,Male,Mumbai,28,Month-to-Month,Fiber Optic,930.03,26787.8,27.46,471,24,0,0,Cash,Smartphone,Postpaid,Yes,Yes
CUST03161,45,Female,Delhi,23,Two Year,Fiber Optic,906.37,20218.23,44.51,371,49,7,3,Debit Card,Router Only,Postpaid,No,No
CUST03162,64,Female,Pune,14,Month-to-Month,Fiber Optic,931.44,13029.72,26.84,424,17,3,1,Net Banking,Tablet,Postpaid,Yes,Yes
CUST03163,28,Female,Mumbai,40,Month-to-Month,Fiber Optic,946.23,38785.54,56.87,281,21,1,0,UPI,Smartphone,Postpaid,Yes,No
CUST03164,62,Male,Lucknow,4,Month-to-Month,No Internet,282.93,1044.9,5.14,420,61,2,1,Credit Card,Smartphone,Prepaid,Yes,No
CUST03165,50,Female,Bangalore,8,Month-to-Month,No Internet,367.78,3070.52,2.28,377,27,1,0,Debit Card,Smartphone,Postpaid,Yes,No
CUST03166,34,Male,Delhi,19,Month-to-Month,Fiber Optic,884.86,16649.73,59.34,371,7,1,0,Cash,Smartphone,Postpaid,No,Yes
CUST03167,23,Male,Pune,1,Month-to-Month,DSL,505.24,505.24,40.13,114,110,3,1,Credit Card,Smartphone,Prepaid,No,Yes
CUST03168,21,Female,Mumbai,41,Two Year,DSL,646.28,25930.77,36.97,235,60,1,0,Credit Card,Router Only,Prepaid,No,No
CUST03169,37,Female,Delhi,18,One Year,DSL,763.0,13878.15,25.95,542,19,1,1,Cash,Router Only,Postpaid,Yes,Yes
CUST03170,65,Male,Bangalore,19,One Year,DSL,528.02,10264.9,13.23,484,0,2,1,Credit Card,Smartphone,Postpaid,Yes,No
CUST03171,64,Female,Lucknow,0,Month-to-Month,Fiber Optic,993.26,993.26,47.2,456,24,1,0,UPI,Smartphone,Postpaid,Yes,Yes
CUST03172,44,Male,Bangalore,67,Two Year,DSL,735.45,46877.21,23.01,471,7,1,0,Cash,Tablet,Postpaid,No,No
CUST03173,32,Male,Bangalore,13,Month-to-Month,DSL,707.11,9400.9,13.37,420,35,3,1,Cash,Smartphone,Postpaid,No,Yes
CUST03174,23,Male,Bangalore,20,Two Year,DSL,574.06,11778.71,38.89,81,65,1,1,Cash,Feature Phone,Prepaid,No,No
CUST03175,64,Female,Delhi,1,Month-to-Month,Fiber Optic,863.47,866.15,40.65,247,38,4,2,UPI,Tablet,Prepaid,Yes,Yes
CUST03176,31,Female,Delhi,9,Month-to-Month,No Internet,398.9,3599.14,4.67,257,19,0,0,Credit Card,Smartphone,Postpaid,Yes,Yes
CUST03177,28,Male,Ahmedabad,52,Two Year,No Internet,338.02,16481.98,6.78,183,68,2,1,Net Banking,Router Only,Prepaid,Yes,No
CUST03178,56,Male,Lucknow,9,Month-to-Month,DSL,535.3,5026.87,10.96,166,74,3,1,UPI,Smartphone,Prepaid,Yes,Yes
CUST03179,26,Female,Delhi,45,Two Year,Fiber Optic,815.3,37698.62,58.44,295,72,1,0,UPI,Smartphone,Prepaid,No,No
CUST03180,43,Male,Hyderabad,13,Month-to-Month,Fiber Optic,990.42,13271.52,42.69,363,27,2,1,Net Banking,Smartphone,Postpaid,No,Yes
CUST03181,33,Male,Lucknow,35,Month-to-Month,DSL,712.59,23178.2,38.84,469,22,0,0,Cash,Router Only,Postpaid,Yes,No
CUST03182,22,Female,Delhi,13,Two Year,Fiber Optic,793.17,10801.73,61.94,316,28,4,1,UPI,Smartphone,Prepaid,No,No
CUST03183,69,Male,Mumbai,28,One Year,Fiber Optic,1077.81,29177.72,28.25,520,34,2,1,Credit Card,Router Only,Postpaid,No,No
CUST03184,27,Female,Jaipur,27,One Year,Fiber Optic,916.74,24808.43,64.49,240,46,1,0,Credit Card,Router Only,Prepaid,No,No
CUST03185,67,Male,Pune,2,Month-to-Month,Fiber Optic,941.92,1949.4,23.57,404,0,4,2,Debit Card,Router Only,Postpaid,No,Yes
CUST03186,20,Female,Delhi,8,Month-to-Month,Fiber Optic,1039.73,7611.9,63.66,216,40,5,1,Debit Card,Feature Phone,Postpaid,No,Yes
CUST03187,30,Female,Bangalore,3,Month-to-Month,Fiber Optic,1056.76,3004.61,63.65,448,32,1,0,Credit Card,Smartphone,Postpaid,Yes,Yes
CUST03188,60,Female,Delhi,2,Month-to-Month,DSL,573.86,1096.34,15.58,298,6,1,0,UPI,Router Only,Prepaid,Yes,No
CUST03189,66,Male,Bangalore,12,Two Year,No Internet,314.51,3834.88,0.5,473,33,2,1,UPI,Router Only,Prepaid,Yes,No
CUST03190,47,Female,Kolkata,3,Month-to-Month,DSL,463.8,1313.95,10.26,264,66,2,1,UPI,Tablet,Prepaid,Yes,Yes
CUST03191,62,Female,Hyderabad,22,One Year,DSL,486.94,10269.33,11.36,213,38,1,0,Credit Card,Smartphone,Prepaid,No,No
CUST03192,23,Male,Chennai,43,Two Year,DSL,645.07,26543.38,31.93,308,35,1,0,Debit Card,Smartphone,Postpaid,No,No
CUST03193,34,Female,Mumbai,17,Month-to-Month,Fiber Optic,1013.15,17857.31,54.17,254,47,0,0,Credit Card,Router Only,Postpaid,Yes,Yes
CUST03194,62,Female,Delhi,41,Two Year,Fiber Optic,1066.02,39358.44,43.93,428,13,3,1,UPI,Feature Phone,Postpaid,No,No
CUST03195,68,Female,Delhi,46,Two Year,Fiber Optic,816.5,34593.99,33.15,180,23,4,1,UPI,Smartphone,Prepaid,Yes,No
CUST03196,36,Male,Ahmedabad,9,Month-to-Month,DSL,545.85,5105.47,8.22,119,47,1,0,UPI,Smartphone,Prepaid,Yes,No
CUST03197,59,Male,Chennai,14,Month-to-Month,DSL,560.06,7773.84,25.66,349,10,1,1,Debit Card,Smartphone,Prepaid,Yes,No
CUST03198,52,Female,Mumbai,6,Month-to-Month,Fiber Optic,971.73,5326.67,51.37,157,1,2,1,Debit Card,Router Only,Prepaid,Yes,No
CUST03199,63,Male,Bangalore,13,One Year,DSL,540.99,6829.79,3.74,344,42,3,1,Net Banking,Feature Phone,Prepaid,Yes,No
CUST03200,43,Other,Kolkata,2,Month-to-Month,No Internet,241.03,501.6,8.62,136,73,3,1,Credit Card,Smartphone,Prepaid,No,Yes
CUST03201,68,Female,Hyderabad,6,One Year,Fiber Optic,796.81,4844.83,50.24,312,12,0,0,UPI,Tablet,Prepaid,Yes,No
CUST03202,22,Female,Mumbai,13,Month-to-Month,DSL,650.84,7939.68,27.42,146,62,0,0,Credit Card,Router Only,Prepaid,No,Yes
CUST03203,46,Male,Mumbai,31,Two Year,Fiber Optic,1015.49,30384.05,47.49,426,21,1,1,Credit Card,Smartphone,Postpaid,No,No
CUST03204,54,Male,Mumbai,40,Two Year,DSL,559.13,21774.95,21.91,422,12,0,0,Debit Card,Smartphone,Postpaid,Yes,No
CUST03205,37,Female,Ahmedabad,58,Two Year,DSL,730.98,43020.74,23.52,311,54,2,1,Net Banking,Smartphone,Postpaid,No,No
CUST03206,66,Female,Chennai,20,Month-to-Month,DSL,638.85,12990.82,30.96,403,0,1,0,Credit Card,Feature Phone,Prepaid,Yes,No
CUST03207,38,Other,Pune,5,Month-to-Month,DSL,571.52,2697.75,17.77,86,101,0,0,Cash,Router Only,Prepaid,Yes,Yes
CUST03208,27,Male,Ahmedabad,14,Month-to-Month,DSL,649.95,9180.42,51.37,262,24,0,0,Net Banking,Smartphone,Postpaid,No,Yes
CUST03209,22,Male,Lucknow,13,Month-to-Month,Fiber Optic,864.45,11755.46,84.89,33,82,2,1,UPI,Smartphone,Prepaid,No,No
CUST03210,53,Male,Mumbai,2,Month-to-Month,Fiber Optic,877.26,1598.17,39.65,334,11,1,1,Debit Card,Smartphone,Postpaid,No,Yes
CUST03211,23,Female,Mumbai,50,Two Year,DSL,528.95,27037.07,55.12,155,66,1,0,Cash,Feature Phone,Prepaid,Yes,No
CUST03212,43,Male,Hyderabad,49,Two Year,Fiber Optic,1072.71,51985.54,43.89,228,2,5,2,UPI,Router Only,Postpaid,No,Yes
CUST03213,21,Male,Delhi,14,Month-to-Month,Fiber Optic,848.84,11373.95,56.66,379,49,2,1,Debit Card,Smartphone,Postpaid,No,No
CUST03214,56,Male,Kolkata,30,One Year,Fiber Optic,715.95,21874.96,43.05,376,54,3,1,UPI,Feature Phone,Prepaid,No,No
CUST03215,56,Male,Jaipur,8,Month-to-Month,Fiber Optic,1173.98,8911.74,42.45,537,16,3,1,Debit Card,Router Only,Postpaid,Yes,No
CUST03216,67,Other,Pune,0,Month-to-Month,Fiber Optic,976.0,976.0,34.82,302,0,3,1,Debit Card,Smartphone,Postpaid,Yes,Yes
CUST03217,52,Female,Mumbai,7,Two Year,DSL,666.12,4546.59,32.15,393,0,0,0,Cash,Smartphone,Postpaid,Yes,No
CUST03218,18,Male,Delhi,41,Two Year,Fiber Optic,896.41,35600.82,61.62,194,27,5,2,Net Banking,Smartphone,Prepaid,No,No
CUST03219,41,Male,Bangalore,6,Month-to-Month,DSL,595.98,3289.64,36.5,302,31,0,0,UPI,Smartphone,Prepaid,Yes,No
CUST03220,53,Male,Ahmedabad,48,Two Year,DSL,576.05,24990.05,21.42,419,0,1,0,Debit Card,Smartphone,Postpaid,Yes,No
CUST03221,23,Male,Bangalore,29,Two Year,No Internet,220.7,6367.62,7.3,99,95,2,1,Net Banking,Feature Phone,Prepaid,No,No
CUST03222,58,Male,Delhi,1,Month-to-Month,Fiber Optic,936.99,936.99,34.54,484,31,3,1,UPI,Smartphone,Postpaid,No,Yes
CUST03223,63,Female,Mumbai,1,Month-to-Month,No Internet,279.42,279.42,8.78,342,91,2,1,Debit Card,Smartphone,Prepaid,No,No
CUST03224,61,Male,Lucknow,23,One Year,Fiber Optic,752.79,16116.42,30.48,335,59,0,0,UPI,Smartphone,Prepaid,Yes,No
CUST03225,48,Male,Pune,36,Two Year,DSL,780.98,27698.02,14.37,456,0,1,0,Debit Card,Feature Phone,Postpaid,Yes,No
CUST03226,37,Male,Jaipur,1,Month-to-Month,Fiber Optic,778.4,778.4,52.05,345,47,5,2,Credit Card,Router Only,Prepaid,No,Yes
CUST03227,41,Female,Kolkata,29,Month-to-Month,DSL,553.21,15908.53,23.95,376,0,0,0,Cash,Smartphone,Postpaid,No,Yes
CUST03228,42,Female,Hyderabad,6,One Year,Fiber Optic,773.57,,,133,71,1,0,Cash,Smartphone,Prepaid,Yes,Yes
CUST03229,53,Female,Delhi,22,One Year,Fiber Optic,812.53,,,263,65,1,0,,Smartphone,Prepaid,Yes,No
CUST03230,38,Female,Bangalore,12,Month-to-Month,Fiber Optic,1090.66,12625.62,41.19,296,25,2,1,UPI,Smartphone,Postpaid,No,No
CUST03231,47,Female,Chennai,9,Month-to-Month,No Internet,419.8,3811.81,6.58,459,15,2,1,Net Banking,Smartphone,Postpaid,No,Yes
CUST03232,41,Male,Ahmedabad,20,Two Year,Fiber Optic,969.18,19596.18,30.13,490,38,0,0,Net Banking,Smartphone,Postpaid,No,No
CUST03233,61,Female,Mumbai,23,One Year,DSL,552.72,12167.41,20.81,346,62,0,0,Credit Card,Smartphone,Prepaid,No,No
CUST03234,59,Male,Delhi,32,Two Year,No Internet,253.9,8312.84,0.5,163,30,0,0,Debit Card,Smartphone,Prepaid,Yes,No
CUST03235,47,Male,Hyderabad,49,Two Year,Fiber Optic,1038.78,50775.16,43.49,452,0,4,2,Debit Card,Router Only,Postpaid,No,No
CUST03236,39,Female,Delhi,45,Two Year,No Internet,218.99,10331.3,1.41,492,9,0,0,Cash,Smartphone,Prepaid,No,No
CUST03237,45,Male,Chennai,23,Two Year,Fiber Optic,800.24,17979.95,35.71,194,18,3,1,Net Banking,Smartphone,Prepaid,Yes,No
CUST03238,24,Female,Mumbai,22,Two Year,No Internet,482.5,10151.37,0.5,321,45,2,1,Credit Card,Smartphone,Postpaid,Yes,No
CUST03239,52,Male,Mumbai,34,One Year,No Internet,233.04,8223.64,0.5,257,66,1,0,Cash,Tablet,Prepaid,Yes,No
CUST03240,45,Female,Bangalore,24,One Year,No Internet,241.69,5571.55,0.5,265,64,0,0,Cash,Smartphone,Prepaid,Yes,No
CUST03241,31,Female,Chennai,43,One Year,DSL,472.69,20245.48,35.28,131,61,1,0,Debit Card,Tablet,Prepaid,Yes,No
CUST03242,27,Other,Hyderabad,2,One Year,No Internet,393.09,804.94,5.95,448,45,2,1,UPI,Smartphone,Postpaid,Yes,No
CUST03243,33,Female,Mumbai,13,Month-to-Month,Fiber Optic,827.84,10429.31,46.68,374,33,4,1,UPI,Feature Phone,Prepaid,Yes,Yes
CUST03244,33,Female,Jaipur,22,Month-to-Month,Fiber Optic,735.76,15640.8,53.02,91,39,3,1,Net Banking,Smartphone,Prepaid,No,No
CUST03245,48,Female,Delhi,14,Month-to-Month,Fiber Optic,844.37,11150.7,48.13,244,32,5,3,UPI,Smartphone,Prepaid,No,No
CUST03246,59,Male,Delhi,2,Month-to-Month,Fiber Optic,959.91,2004.91,29.12,426,0,2,1,UPI,Feature Phone,Postpaid,No,No
CUST03247,42,Male,Chennai,12,Month-to-Month,DSL,540.16,6751.55,40.96,147,47,0,0,Cash,Smartphone,Prepaid,Yes,No
CUST03248,30,Female,Delhi,33,Two Year,Fiber Optic,841.11,,,332,61,1,0,,Smartphone,Prepaid,Yes,No
CUST03249,23,Female,Hyderabad,28,Month-to-Month,No Internet,201.9,5365.36,8.98,189,46,1,0,Credit Card,Smartphone,Prepaid,No,No
CUST03250,61,Female,Lucknow,1,Month-to-Month,DSL,577.02,577.02,18.38,263,43,5,1,Credit Card,Router Only,Prepaid,No,Yes
CUST03251,26,Female,Pune,7,One Year,No Internet,175.77,1195.52,6.48,82,52,0,0,Credit Card,Smartphone,Prepaid,No,No
CUST03252,62,Female,Chennai,6,Month-to-Month,No Internet,366.11,2271.57,0.5,455,0,2,1,UPI,Smartphone,Postpaid,Yes,No
CUST03253,53,Male,Chennai,52,Two Year,DSL,630.47,33780.35,17.2,417,13,0,0,Debit Card,Smartphone,Postpaid,Yes,No
CUST03254,60,Male,Delhi,21,Month-to-Month,Fiber Optic,1052.72,20281.79,34.39,527,36,0,0,Net Banking,Feature Phone,Postpaid,Yes,No
CUST03255,37,Male,Bangalore,7,Month-to-Month,DSL,541.04,3684.58,33.91,257,22,0,0,Net Banking,Feature Phone,Prepaid,No,Yes
CUST03256,35,Male,Bangalore,40,Two Year,Fiber Optic,727.75,29760.35,66.28,293,44,3,1,Net Banking,Smartphone,Prepaid,No,No
CUST03257,60,Female,Lucknow,34,One Year,Fiber Optic,728.36,25389.57,48.4,285,0,0,0,Net Banking,Smartphone,Prepaid,No,No
CUST03258,38,Female,Mumbai,37,Two Year,Fiber Optic,940.81,36207.54,50.66,318,41,1,0,Debit Card,Smartphone,Prepaid,No,No
CUST03259,21,Female,Hyderabad,29,Month-to-Month,DSL,517.44,,,207,108,0,0,,Tablet,Prepaid,No,No
CUST03260,67,Male,Jaipur,10,Month-to-Month,Fiber Optic,702.4,6758.67,37.24,444,26,0,0,Debit Card,Smartphone,Prepaid,Yes,No
CUST03261,50,Male,Kolkata,3,Month-to-Month,Fiber Optic,753.03,,31.25,151,14,1,1,Credit Card,Smartphone,Prepaid,Yes,Yes
CUST03262,44,Male,Lucknow,9,Month-to-Month,Fiber Optic,706.24,5978.87,58.56,279,26,3,1,Cash,Smartphone,Prepaid,No,Yes
CUST03263,24,Female,Chennai,36,Month-to-Month,Fiber Optic,941.18,32195.95,80.19,280,25,0,0,UPI,Smartphone,Postpaid,No,Yes
CUST03264,23,Male,Bangalore,13,Month-to-Month,DSL,508.93,6178.43,11.67,170,33,3,1,Credit Card,Smartphone,Prepaid,Yes,Yes
CUST03265,32,Male,Ahmedabad,55,Two Year,DSL,727.35,39236.38,22.76,432,52,1,0,Credit Card,Feature Phone,Postpaid,Yes,No
CUST03266,35,Male,Mumbai,38,One Year,No Internet,322.6,12007.01,0.5,333,57,1,0,UPI,Smartphone,Postpaid,Yes,No
CUST03267,49,Male,Delhi,8,Month-to-Month,Fiber Optic,863.92,7067.37,36.0,196,29,1,0,Credit Card,Router Only,Prepaid,No,No
CUST03268,28,Female,Pune,15,Month-to-Month,Fiber Optic,969.47,13988.33,61.05,472,28,1,0,Debit Card,Smartphone,Postpaid,Yes,Yes
CUST03269,37,Male,Chennai,38,Two Year,Fiber Optic,841.09,29964.9,37.17,203,84,3,2,UPI,Smartphone,Prepaid,No,No
CUST03270,41,Male,Ahmedabad,5,Month-to-Month,No Internet,467.8,2396.57,10.47,436,21,2,1,Cash,Smartphone,Postpaid,No,Yes
CUST03271,32,Male,Lucknow,7,Month-to-Month,Fiber Optic,838.57,5854.88,44.11,399,78,0,0,Cash,Smartphone,Postpaid,No,Yes
CUST03272,65,Male,Ahmedabad,9,Month-to-Month,Fiber Optic,960.32,7981.17,52.67,478,16,0,0,UPI,Smartphone,Postpaid,Yes,No
CUST03273,24,Female,Delhi,5,One Year,Fiber Optic,928.59,4575.75,61.74,152,71,4,1,Debit Card,Router Only,Prepaid,Yes,No
CUST03274,38,Female,Pune,21,Month-to-Month,Fiber Optic,999.62,20340.85,59.02,527,42,1,0,Cash,Smartphone,Postpaid,Yes,Yes
CUST03275,59,Male,Kolkata,40,Two Year,Fiber Optic,946.11,38861.14,30.05,519,6,0,0,Net Banking,Feature Phone,Postpaid,No,No
CUST03276,43,Female,Lucknow,68,Month-to-Month,DSL,628.57,42325.91,24.54,200,33,1,0,UPI,Router Only,Prepaid,No,Yes
CUST03277,61,Male,Bangalore,11,Month-to-Month,DSL,736.32,8250.76,30.72,340,0,1,1,Net Banking,Smartphone,Postpaid,No,Yes
CUST03278,31,Female,Delhi,22,Month-to-Month,Fiber Optic,940.17,20053.5,51.98,245,26,2,1,UPI,Tablet,Postpaid,Yes,No
CUST03279,54,Male,Ahmedabad,2,Month-to-Month,DSL,657.82,1377.56,18.49,467,0,4,1,Credit Card,Tablet,Postpaid,No,Yes
CUST03280,38,Male,Mumbai,0,Month-to-Month,Fiber Optic,795.06,795.06,55.1,348,43,1,0,Cash,Tablet,Prepaid,No,Yes
CUST03281,35,Female,Chennai,49,Two Year,DSL,478.26,23195.48,17.49,70,30,0,0,UPI,Smartphone,Prepaid,Yes,No
CUST03282,22,Female,Bangalore,0,Month-to-Month,No Internet,269.27,269.27,0.5,0,14,1,0,UPI,Router Only,Prepaid,No,No
CUST03283,20,Female,Bangalore,55,Two Year,No Internet,378.69,19745.96,3.01,185,75,1,0,Debit Card,Smartphone,Postpaid,No,No
CUST03284,40,Male,Pune,21,Month-to-Month,Fiber Optic,841.12,18486.93,49.5,400,37,2,1,Credit Card,Tablet,Prepaid,No,Yes
CUST03285,43,Male,Bangalore,5,Month-to-Month,DSL,537.67,2586.86,29.99,285,41,1,1,Debit Card,Smartphone,Prepaid,No,Yes
CUST03286,54,Other,Pune,6,Month-to-Month,No Internet,344.77,1976.69,12.71,237,25,0,0,Credit Card,Router Only,Prepaid,No,Yes
CUST03287,41,Male,Delhi,6,Month-to-Month,DSL,499.39,3050.68,12.5,95,65,0,0,Credit Card,Smartphone,Prepaid,Yes,No
CUST03288,66,Male,Mumbai,40,One Year,Fiber Optic,692.06,27532.57,29.12,301,31,1,0,Credit Card,Feature Phone,Prepaid,Yes,No
CUST03289,36,Male,Mumbai,31,Two Year,DSL,815.17,25655.52,21.4,322,39,0,0,UPI,Router Only,Postpaid,No,Yes
CUST03290,68,Male,Kolkata,16,One Year,DSL,378.09,6151.87,3.6,231,41,0,0,Cash,Smartphone,Prepaid,Yes,No
CUST03291,42,Male,Mumbai,3,Month-to-Month,Fiber Optic,720.23,2150.93,55.99,250,29,5,2,Net Banking,Smartphone,Prepaid,No,No
CUST03292,38,Female,Chennai,2,Month-to-Month,Fiber Optic,799.26,1641.16,60.84,0,40,2,1,Credit Card,Smartphone,Prepaid,Yes,No
CUST03293,29,Male,Pune,45,Two Year,DSL,683.29,31023.66,43.12,440,20,0,0,Net Banking,Smartphone,Postpaid,Yes,No
CUST03294,58,Female,Pune,57,Two Year,No Internet,488.59,27477.02,0.5,317,0,1,0,UPI,Smartphone,Postpaid,Yes,No
CUST03295,50,Male,Chennai,11,Month-to-Month,No Internet,307.35,3428.77,0.5,363,37,2,1,UPI,Smartphone,Prepaid,No,Yes
CUST03296,67,Male,Bangalore,15,Month-to-Month,Fiber Optic,842.48,12317.16,35.02,85,17,2,1,Credit Card,Smartphone,Prepaid,Yes,Yes
CUST03297,21,Female,Bangalore,34,One Year,DSL,674.5,22308.96,44.16,293,70,2,1,Debit Card,Feature Phone,Postpaid,No,No
CUST03298,59,Female,Chennai,13,One Year,Fiber Optic,634.94,7849.33,28.97,262,74,3,1,Net Banking,Smartphone,Prepaid,No,No
CUST03299,24,Male,Delhi,4,Month-to-Month,No Internet,377.1,1549.24,5.65,271,34,3,1,UPI,Router Only,Prepaid,Yes,Yes
CUST03300,39,Female,Ahmedabad,23,Month-to-Month,Fiber Optic,1114.32,24217.13,48.74,461,0,1,0,Credit Card,Router Only,Postpaid,Yes,Yes
CUST03301,50,Male,Ahmedabad,54,Two Year,Fiber Optic,708.65,35883.26,36.7,351,69,1,0,Debit Card,Feature Phone,Prepaid,Yes,No
CUST03302,34,Female,Bangalore,0,Month-to-Month,Fiber Optic,910.5,910.5,56.8,195,91,5,1,Debit Card,Router Only,Prepaid,Yes,No
CUST03303,41,Female,Chennai,25,Month-to-Month,DSL,654.88,16356.85,21.39,482,3,0,0,UPI,Router Only,Postpaid,No,No
CUST03304,51,Male,Jaipur,1,Month-to-Month,Fiber Optic,845.34,845.34,36.66,168,26,1,0,Cash,Smartphone,Prepaid,No,Yes
CUST03305,45,Female,Mumbai,15,Month-to-Month,DSL,541.93,8373.91,26.0,87,28,1,0,Net Banking,Router Only,Prepaid,Yes,Yes
CUST03306,60,Female,Kolkata,43,Two Year,DSL,741.59,32038.58,19.58,448,42,1,0,Net Banking,Router Only,Prepaid,Yes,No
CUST03307,58,Male,Delhi,15,One Year,Fiber Optic,851.06,13001.73,41.21,331,58,0,0,Net Banking,Smartphone,Prepaid,No,No
CUST03308,56,Male,Hyderabad,16,Two Year,Fiber Optic,809.5,11930.39,32.85,167,5,2,1,Credit Card,Smartphone,Prepaid,Yes,No
CUST03309,39,Male,Jaipur,2,Month-to-Month,Fiber Optic,800.96,1445.33,49.18,262,33,0,0,Credit Card,Smartphone,Prepaid,No,Yes
CUST03310,66,Female,Hyderabad,26,Two Year,Fiber Optic,996.51,23634.18,28.48,390,0,2,1,UPI,Feature Phone,Postpaid,No,No
CUST03311,34,Male,Chennai,1,Month-to-Month,DSL,690.29,691.37,29.52,431,0,1,1,Credit Card,Tablet,Postpaid,Yes,Yes
CUST03312,51,Male,Jaipur,25,Month-to-Month,DSL,617.6,14135.27,21.81,216,0,1,0,Net Banking,Router Only,Prepaid,No,No
CUST03313,23,Male,Pune,22,Two Year,Fiber Optic,731.85,15631.01,61.44,155,95,3,1,Credit Card,Feature Phone,Prepaid,Yes,Yes
CUST03314,63,Female,Pune,36,Month-to-Month,DSL,546.24,20066.81,23.32,290,24,0,0,Debit Card,Smartphone,Prepaid,Yes,No
CUST03315,23,Female,Chennai,11,Month-to-Month,Fiber Optic,767.63,8052.54,55.82,288,62,2,1,Debit Card,Smartphone,Prepaid,No,Yes
CUST03316,51,Female,Chennai,11,Month-to-Month,DSL,405.59,4046.82,24.33,386,33,3,1,UPI,Smartphone,Prepaid,No,Yes
CUST03317,18,Male,Kolkata,71,Month-to-Month,No Internet,392.48,28772.03,14.07,284,32,0,0,UPI,Smartphone,Postpaid,Yes,No
CUST03318,27,Female,Lucknow,30,Month-to-Month,Fiber Optic,775.64,23414.38,61.04,50,74,3,1,Cash,Tablet,Prepaid,Yes,Yes
CUST03319,38,Female,Kolkata,36,One Year,DSL,663.72,21630.71,17.73,310,54,1,0,Debit Card,Tablet,Postpaid,No,No
CUST03320,22,Female,Pune,4,Month-to-Month,DSL,732.96,2781.36,30.42,383,30,4,2,UPI,Router Only,Postpaid,Yes,Yes
CUST03321,19,Male,Delhi,0,Month-to-Month,Fiber Optic,763.91,763.91,64.93,47,45,2,1,Credit Card,Tablet,Prepaid,Yes,Yes
CUST03322,39,Male,Kolkata,16,One Year,DSL,679.48,11201.11,22.01,562,44,1,0,Credit Card,Smartphone,Postpaid,Yes,No
CUST03323,65,Female,Pune,0,Month-to-Month,DSL,532.0,532.0,11.32,149,55,1,0,Credit Card,Smartphone,Prepaid,Yes,No
CUST03324,19,Male,Kolkata,21,One Year,Fiber Optic,697.41,14872.51,71.01,66,36,2,1,UPI,Smartphone,Prepaid,Yes,No
CUST03325,27,Female,Mumbai,72,Two Year,DSL,632.94,47673.54,27.68,195,54,3,1,UPI,Smartphone,Postpaid,No,No
CUST03326,51,Female,Jaipur,2,Month-to-Month,DSL,509.43,975.9,22.49,279,84,0,0,Credit Card,Smartphone,Prepaid,Yes,No
CUST03327,33,Female,Delhi,24,One Year,No Internet,346.41,7512.09,11.23,283,28,0,0,Debit Card,Smartphone,Postpaid,No,No
CUST03328,65,Female,Mumbai,6,Month-to-Month,DSL,675.7,3794.82,14.9,482,21,2,1,Credit Card,Smartphone,Postpaid,Yes,No
CUST03329,68,Female,Pune,33,One Year,Fiber Optic,950.31,28820.28,43.94,500,0,1,1,UPI,Smartphone,Postpaid,Yes,Yes
CUST03330,56,Male,Pune,9,Month-to-Month,DSL,488.7,4479.02,3.53,317,47,3,1,UPI,Smartphone,Prepaid,Yes,Yes
CUST03331,39,Male,Mumbai,1,Month-to-Month,DSL,608.12,608.12,22.68,266,54,3,1,Net Banking,Smartphone,Postpaid,Yes,Yes
CUST03332,29,Male,Pune,32,Month-to-Month,DSL,625.2,20701.6,12.87,318,36,5,3,UPI,Smartphone,Postpaid,Yes,No
CUST03333,41,Female,Bangalore,13,One Year,No Internet,463.18,,0.5,529,23,0,0,UPI,Smartphone,Postpaid,Yes,No
CUST03334,64,Male,Delhi,7,Month-to-Month,No Internet,331.36,2215.86,0.5,204,32,0,0,Debit Card,Smartphone,Prepaid,No,Yes
CUST03335,57,Male,Delhi,4,Month-to-Month,Fiber Optic,1000.3,3964.02,47.13,369,17,1,1,Credit Card,Router Only,Postpaid,Yes,Yes
CUST03336,55,Female,Jaipur,30,Two Year,Fiber Optic,788.51,24639.97,29.34,245,53,2,1,Net Banking,Smartphone,Prepaid,Yes,No
CUST03337,27,Female,Mumbai,5,Month-to-Month,DSL,441.67,2016.09,22.83,211,80,0,0,UPI,Smartphone,Prepaid,Yes,No
CUST03338,52,Other,Delhi,23,One Year,DSL,644.05,15049.28,15.86,357,0,0,0,Cash,Feature Phone,Postpaid,No,No
CUST03339,68,Female,Pune,37,Month-to-Month,DSL,514.47,17271.78,5.13,325,26,1,0,Cash,Smartphone,Prepaid,No,No
CUST03340,66,Female,Bangalore,56,Two Year,Fiber Optic,802.89,43457.76,41.47,321,29,1,1,Net Banking,Smartphone,Prepaid,Yes,No
CUST03341,49,Female,Kolkata,42,Month-to-Month,Fiber Optic,640.76,26289.41,45.49,323,42,1,0,Cash,Tablet,Prepaid,Yes,No
CUST03342,24,Other,Ahmedabad,66,Month-to-Month,Fiber Optic,872.25,56555.77,63.8,244,41,4,2,UPI,Smartphone,Prepaid,No,No
CUST03343,38,Female,Ahmedabad,31,One Year,DSL,470.07,14970.79,23.25,63,54,0,0,Credit Card,Smartphone,Prepaid,Yes,No
CUST03344,37,Female,Mumbai,17,Two Year,Fiber Optic,725.72,11485.67,47.62,240,67,5,3,Credit Card,Smartphone,Prepaid,No,No
CUST03345,43,Female,Hyderabad,44,Two Year,DSL,448.41,19062.3,23.79,186,68,0,0,Net Banking,Smartphone,Prepaid,No,No
CUST03346,21,Female,Pune,5,Month-to-Month,No Internet,312.4,1470.08,1.26,35,50,2,1,Debit Card,Smartphone,Prepaid,No,Yes
CUST03347,63,Male,Mumbai,28,Two Year,Fiber Optic,841.66,23296.74,22.76,400,43,5,2,Credit Card,Smartphone,Prepaid,Yes,No
CUST03348,69,Male,Delhi,14,One Year,Fiber Optic,796.08,10963.7,40.8,190,58,1,0,UPI,Feature Phone,Prepaid,Yes,No
CUST03349,39,Male,Hyderabad,42,Two Year,Fiber Optic,794.92,33991.98,50.95,70,25,1,0,Debit Card,Smartphone,Prepaid,Yes,No
CUST03350,32,Male,Delhi,38,Two Year,Fiber Optic,872.79,30732.44,39.72,298,0,4,2,UPI,Smartphone,Postpaid,No,No
CUST03351,57,Male,Lucknow,28,Month-to-Month,Fiber Optic,1009.04,28886.36,27.95,409,0,4,1,UPI,Smartphone,Postpaid,Yes,No
CUST03352,38,Male,Kolkata,26,One Year,DSL,553.93,13714.87,15.94,171,65,2,1,UPI,Smartphone,Prepaid,No,No
CUST03353,32,Male,Mumbai,25,One Year,DSL,576.92,14211.08,15.61,416,51,2,1,UPI,Smartphone,Prepaid,No,No
CUST03354,39,Female,Mumbai,23,One Year,Fiber Optic,961.17,20653.6,53.85,344,15,4,2,Debit Card,Smartphone,Postpaid,No,No
CUST03355,69,Female,Lucknow,11,Month-to-Month,DSL,570.62,6098.72,21.69,199,0,0,0,Credit Card,Feature Phone,Prepaid,Yes,No
CUST03356,45,Male,Bangalore,5,Month-to-Month,No Internet,345.17,1596.38,0.73,447,58,2,1,Cash,Smartphone,Postpaid,Yes,No
CUST03357,31,Female,Kolkata,13,Month-to-Month,Fiber Optic,803.0,10468.11,57.9,42,67,0,0,Debit Card,Smartphone,Prepaid,Yes,No
CUST03358,44,Female,Bangalore,56,Two Year,No Internet,304.66,15471.09,17.25,90,20,1,0,UPI,Smartphone,Prepaid,Yes,No
CUST03359,58,Female,Ahmedabad,16,Month-to-Month,Fiber Optic,942.85,14937.2,31.91,380,80,1,0,UPI,Router Only,Prepaid,No,Yes
CUST03360,57,Female,Pune,39,Month-to-Month,Fiber Optic,895.69,35374.3,50.24,384,28,2,1,Debit Card,Smartphone,Prepaid,Yes,No
CUST03361,45,Male,Delhi,6,Month-to-Month,DSL,562.17,3481.82,17.75,129,55,0,0,Debit Card,Router Only,Prepaid,Yes,No
CUST03362,43,Male,Mumbai,20,One Year,Fiber Optic,850.44,17394.03,41.94,441,53,0,0,Debit Card,Smartphone,Prepaid,Yes,No
CUST03363,66,Male,Hyderabad,48,Two Year,Fiber Optic,876.96,43532.67,36.22,410,35,1,1,Debit Card,Feature Phone,Postpaid,Yes,No
CUST03364,19,Male,Jaipur,32,One Year,Fiber Optic,689.62,21895.03,75.74,35,95,2,1,Credit Card,Smartphone,Prepaid,Yes,No
CUST03365,42,Female,Delhi,18,Month-to-Month,No Internet,421.2,6882.41,6.79,426,45,1,0,Cash,Smartphone,Postpaid,Yes,Yes
CUST03366,20,Male,Chennai,30,Two Year,Fiber Optic,905.94,28417.15,63.58,119,93,0,0,UPI,Smartphone,Prepaid,No,No
CUST03367,25,Male,Mumbai,0,Month-to-Month,DSL,737.56,737.56,29.18,273,22,2,1,Credit Card,Smartphone,Postpaid,No,Yes
CUST03368,61,Male,Jaipur,65,Two Year,DSL,597.0,38376.98,14.42,363,0,2,1,UPI,Smartphone,Postpaid,Yes,No
CUST03369,50,Male,Kolkata,25,Month-to-Month,Fiber Optic,798.93,19352.52,49.95,173,31,2,1,Debit Card,Smartphone,Prepaid,Yes,Yes
CUST03370,59,Female,Bangalore,7,One Year,Fiber Optic,732.06,4686.95,31.98,327,24,2,1,Debit Card,Smartphone,Prepaid,No,No
CUST03371,69,Female,Delhi,52,Month-to-Month,Fiber Optic,807.67,37864.9,40.87,372,31,0,0,Net Banking,Smartphone,Prepaid,Yes,No
CUST03372,52,Male,Delhi,23,Two Year,Fiber Optic,837.26,,,258,36,2,1,,Smartphone,Prepaid,Yes,No
CUST03373,23,Male,Chennai,7,Month-to-Month,Fiber Optic,1026.15,7513.55,66.58,455,24,1,0,UPI,Router Only,Postpaid,No,Yes
CUST03374,56,Male,Bangalore,0,Month-to-Month,Fiber Optic,963.89,963.89,45.64,402,13,5,3,Cash,Smartphone,Postpaid,No,Yes
CUST03375,69,Male,Mumbai,34,Two Year,Fiber Optic,907.67,29590.64,45.75,519,0,2,1,Cash,Feature Phone,Postpaid,No,No
CUST03376,40,Female,Lucknow,2,Month-to-Month,Fiber Optic,763.39,1478.36,39.6,321,53,2,1,UPI,Feature Phone,Prepaid,No,Yes
CUST03377,42,Male,Hyderabad,12,One Year,DSL,542.49,6150.31,30.35,343,85,1,0,Cash,Router Only,Prepaid,No,Yes
CUST03378,67,Female,Kolkata,6,One Year,Fiber Optic,746.33,4686.26,50.44,241,56,4,2,UPI,Smartphone,Prepaid,No,Yes
CUST03379,60,Female,Delhi,18,One Year,No Internet,354.25,5866.28,10.68,272,38,2,1,Credit Card,Smartphone,Prepaid,Yes,Yes
CUST03380,36,Male,Delhi,2,Month-to-Month,Fiber Optic,831.51,1670.13,68.1,223,97,2,1,Net Banking,Smartphone,Prepaid,Yes,Yes
CUST03381,22,Male,Bangalore,57,Two Year,DSL,389.36,21477.13,31.39,394,92,3,1,Credit Card,Smartphone,Prepaid,Yes,No
CUST03382,68,Female,Pune,14,Two Year,No Internet,425.43,5496.71,1.9,468,32,1,0,Debit Card,Tablet,Postpaid,Yes,No
CUST03383,28,Female,Hyderabad,19,Month-to-Month,Fiber Optic,828.43,15553.89,46.99,44,74,1,0,Debit Card,Smartphone,Prepaid,No,Yes
CUST03384,29,Male,Jaipur,10,Month-to-Month,DSL,609.51,6029.34,27.41,346,83,0,0,Net Banking,Smartphone,Prepaid,No,No
CUST03385,27,Female,Bangalore,25,Month-to-Month,DSL,426.73,9889.07,29.48,121,35,0,0,Credit Card,Smartphone,Prepaid,Yes,Yes
CUST03386,25,Female,Mumbai,35,Month-to-Month,No Internet,433.71,14711.5,16.65,341,26,1,0,UPI,Smartphone,Postpaid,No,Yes
CUST03387,41,Male,Jaipur,30,Month-to-Month,DSL,493.28,15313.34,26.16,100,30,1,0,UPI,Smartphone,Prepaid,No,Yes
CUST03388,45,Female,Bangalore,44,Two Year,Fiber Optic,814.27,32858.18,52.04,256,72,2,1,UPI,Smartphone,Prepaid,Yes,No
CUST03389,58,Male,Mumbai,20,One Year,DSL,539.59,11291.78,6.76,355,0,1,1,Debit Card,Smartphone,Prepaid,Yes,Yes
CUST03390,53,Female,Delhi,20,One Year,DSL,368.42,6640.65,22.27,165,48,2,1,UPI,Smartphone,Prepaid,Yes,No
CUST03391,54,Other,Kolkata,7,Month-to-Month,Fiber Optic,831.13,5779.64,40.55,358,70,3,1,Cash,Smartphone,Prepaid,No,Yes
CUST03392,38,Female,Ahmedabad,1,Month-to-Month,DSL,533.19,533.19,26.99,330,83,1,0,Credit Card,Feature Phone,Prepaid,No,Yes
CUST03393,25,Male,Delhi,29,One Year,DSL,515.05,13468.35,37.78,236,66,1,0,Net Banking,Smartphone,Prepaid,No,No
CUST03394,26,Male,Bangalore,40,One Year,Fiber Optic,984.91,,,292,46,1,0,Debit Card,Router Only,Postpaid,No,No
CUST03395,64,Female,Kolkata,21,One Year,No Internet,390.63,8363.36,6.71,441,21,1,0,UPI,Smartphone,Postpaid,No,No
CUST03396,32,Female,Lucknow,29,Month-to-Month,Fiber Optic,884.06,23298.77,55.85,134,78,5,2,Net Banking,Smartphone,Prepaid,No,No
CUST03397,65,Female,Bangalore,40,One Year,DSL,496.56,19371.06,28.64,226,0,1,0,Cash,Smartphone,Prepaid,No,No
CUST03398,63,Female,Ahmedabad,17,Month-to-Month,Fiber Optic,846.57,14528.58,31.89,359,43,0,0,Credit Card,Smartphone,Prepaid,Yes,No
CUST03399,57,Female,Bangalore,0,Month-to-Month,No Internet,280.06,280.06,7.24,347,0,1,1,UPI,Smartphone,Prepaid,No,Yes
CUST03400,35,Male,Delhi,29,One Year,DSL,567.72,16849.47,33.49,204,89,1,0,Credit Card,Feature Phone,Prepaid,Yes,No
CUST03401,59,Male,Delhi,39,Month-to-Month,DSL,846.95,30132.14,9.05,505,0,3,1,UPI,Router Only,Postpaid,No,No
CUST03402,37,Male,Bangalore,22,Two Year,No Internet,149.0,3276.45,0.56,213,66,1,0,Net Banking,Smartphone,Prepaid,No,No
CUST03403,23,Female,Bangalore,8,Month-to-Month,Fiber Optic,1009.77,8143.57,60.1,285,21,2,1,Credit Card,Router Only,Postpaid,No,Yes
CUST03404,29,Female,Lucknow,17,One Year,Fiber Optic,951.58,15225.87,70.05,228,0,4,1,Net Banking,Smartphone,Postpaid,Yes,No
CUST03405,19,Female,Mumbai,48,Two Year,DSL,626.1,31443.63,22.69,83,73,2,1,Debit Card,Smartphone,Prepaid,No,No
CUST03406,24,Male,Bangalore,17,Month-to-Month,Fiber Optic,1014.9,17386.96,59.94,346,27,1,0,UPI,Feature Phone,Postpaid,Yes,No
CUST03407,33,Male,Delhi,45,Two Year,DSL,681.86,31836.19,23.01,344,27,2,1,UPI,Smartphone,Postpaid,Yes,No
CUST03408,20,Male,Kolkata,38,One Year,DSL,532.89,20333.06,22.33,64,45,0,0,UPI,Feature Phone,Prepaid,No,No
CUST03409,62,Female,Jaipur,25,Two Year,DSL,541.3,12443.28,22.15,339,0,2,1,Credit Card,Router Only,Prepaid,Yes,No
CUST03410,20,Male,Mumbai,7,Month-to-Month,Fiber Optic,1082.57,7114.72,56.83,389,20,2,1,Credit Card,Router Only,Postpaid,Yes,No
CUST03411,44,Male,Bangalore,60,Month-to-Month,No Internet,305.25,17646.43,6.6,366,22,1,0,Net Banking,Smartphone,Postpaid,No,No
CUST03412,67,Male,Delhi,72,Month-to-Month,DSL,658.83,45742.3,24.56,558,1,0,0,Cash,Smartphone,Postpaid,No,No
CUST03413,60,Female,Bangalore,20,One Year,No Internet,528.85,10543.59,0.5,283,13,4,2,UPI,Router Only,Postpaid,No,No
CUST03414,57,Male,Delhi,12,Month-to-Month,No Internet,454.2,5378.91,0.5,494,25,0,0,UPI,Tablet,Postpaid,No,No
CUST03415,55,Female,Hyderabad,14,Month-to-Month,Fiber Optic,860.8,11001.13,48.0,628,51,5,1,Net Banking,Tablet,Postpaid,Yes,Yes
CUST03416,50,Female,Pune,7,Month-to-Month,DSL,478.35,3435.79,31.59,317,19,1,0,Debit Card,Feature Phone,Prepaid,No,No
CUST03417,45,Female,Hyderabad,10,Month-to-Month,Fiber Optic,874.4,8988.85,39.09,268,51,1,0,Debit Card,Feature Phone,Postpaid,No,Yes
CUST03418,18,Female,Mumbai,5,One Year,No Internet,478.94,2461.0,0.5,321,27,1,1,Net Banking,Smartphone,Postpaid,No,No
CUST03419,25,Male,Bangalore,11,Month-to-Month,DSL,753.22,7730.12,25.8,441,76,0,0,Credit Card,Tablet,Postpaid,No,Yes
CUST03420,54,Male,Chennai,6,Month-to-Month,Fiber Optic,1004.25,5711.17,39.8,290,8,2,1,Net Banking,Smartphone,Postpaid,Yes,No
CUST03421,49,Female,Chennai,5,Month-to-Month,No Internet,174.99,884.04,0.5,112,27,2,1,UPI,Feature Phone,Prepaid,No,Yes
CUST03422,65,Female,Delhi,13,One Year,DSL,497.55,6214.81,11.62,488,61,0,0,UPI,Smartphone,Prepaid,No,No
CUST03423,60,Female,Ahmedabad,66,Two Year,No Internet,382.79,24433.43,7.89,273,29,1,0,UPI,Router Only,Prepaid,No,No
CUST03424,54,Female,Hyderabad,21,One Year,Fiber Optic,915.85,19031.42,29.2,198,0,2,1,Debit Card,Router Only,Prepaid,Yes,No
CUST03425,21,Male,Delhi,3,Month-to-Month,No Internet,281.61,764.56,7.31,33,80,3,1,UPI,Smartphone,Prepaid,No,Yes
CUST03426,47,Male,Delhi,7,Month-to-Month,DSL,512.09,3242.65,18.68,272,49,0,0,UPI,Tablet,Prepaid,Yes,No
CUST03427,23,Female,Lucknow,14,Month-to-Month,DSL,615.56,7833.63,38.31,170,35,1,0,Credit Card,Router Only,Prepaid,No,No
CUST03428,63,Male,Mumbai,24,One Year,No Internet,338.95,7593.16,24.3,418,36,1,0,UPI,Smartphone,Postpaid,Yes,No
CUST03429,36,Male,Jaipur,8,Month-to-Month,DSL,651.07,5454.46,15.0,344,32,3,1,Debit Card,Router Only,Prepaid,No,Yes
CUST03430,49,Female,Bangalore,37,Two Year,DSL,393.58,13320.72,15.61,161,58,1,0,UPI,Smartphone,Prepaid,No,No
CUST03431,26,Male,Bangalore,12,Two Year,Fiber Optic,1004.5,12446.85,58.84,349,53,1,1,Credit Card,Smartphone,Postpaid,Yes,No
CUST03432,29,Male,Pune,8,Month-to-Month,No Internet,259.13,1903.03,0.5,252,123,1,0,Net Banking,Tablet,Postpaid,Yes,No
CUST03433,28,Female,Delhi,40,Month-to-Month,DSL,820.75,33175.38,30.82,364,38,1,1,Credit Card,Router Only,Postpaid,No,Yes
CUST03434,63,Female,Bangalore,0,Month-to-Month,No Internet,249.73,249.73,7.25,314,6,1,0,UPI,Smartphone,Prepaid,No,No
CUST03435,33,Male,Mumbai,7,Month-to-Month,Fiber Optic,926.07,6542.21,52.15,350,31,0,0,Net Banking,Tablet,Postpaid,Yes,No
CUST03436,18,Female,Ahmedabad,10,One Year,Fiber Optic,869.7,7940.36,66.49,0,115,1,0,Net Banking,Smartphone,Prepaid,No,No
CUST03437,62,Female,Hyderabad,15,One Year,Fiber Optic,993.34,15090.42,33.17,452,51,2,1,Net Banking,Smartphone,Postpaid,Yes,Yes
CUST03438,38,Male,Bangalore,11,Month-to-Month,DSL,471.33,4920.26,15.03,382,28,0,0,Debit Card,Smartphone,Prepaid,No,No
CUST03439,47,Male,Mumbai,23,Two Year,Fiber Optic,1042.77,22491.25,34.34,214,0,0,0,Cash,Smartphone,Postpaid,No,No
CUST03440,30,Male,Chennai,37,One Year,Fiber Optic,899.35,33065.77,62.08,186,57,1,0,Credit Card,Router Only,Prepaid,No,Yes
CUST03441,51,Female,Delhi,40,Two Year,DSL,650.22,23800.82,34.19,565,0,1,0,UPI,Feature Phone,Postpaid,No,No
CUST03442,21,Male,Mumbai,24,One Year,Fiber Optic,818.49,18390.41,65.7,84,65,2,1,Debit Card,Tablet,Prepaid,No,No
CUST03443,45,Other,Mumbai,28,One Year,No Internet,267.34,7357.65,0.5,165,35,1,0,Net Banking,Smartphone,Prepaid,No,No
CUST03444,55,Female,Chennai,16,Month-to-Month,DSL,658.27,10710.92,12.58,554,42,1,0,Net Banking,Smartphone,Postpaid,No,Yes
CUST03445,48,Female,Bangalore,22,One Year,No Internet,451.54,10235.24,18.23,383,45,3,1,Net Banking,Smartphone,Postpaid,No,No
CUST03446,44,Female,Hyderabad,23,Month-to-Month,Fiber Optic,781.96,17337.06,45.32,277,101,1,0,Debit Card,Feature Phone,Prepaid,Yes,No
CUST03447,22,Female,Pune,11,One Year,Fiber Optic,853.7,9826.46,54.32,158,53,3,1,Debit Card,Smartphone,Prepaid,Yes,No
CUST03448,42,Male,Lucknow,8,Month-to-Month,Fiber Optic,742.27,6033.46,50.13,246,23,1,0,UPI,Smartphone,Prepaid,No,No
CUST03449,20,Male,Kolkata,9,Month-to-Month,DSL,606.61,5243.14,33.24,364,91,2,1,Cash,Router Only,Prepaid,Yes,No
CUST03450,50,Female,Bangalore,8,Month-to-Month,Fiber Optic,822.39,6307.57,51.01,49,39,2,1,Debit Card,Smartphone,Prepaid,No,Yes
CUST03451,21,Male,Kolkata,24,Month-to-Month,Fiber Optic,907.77,21045.16,64.52,360,70,1,0,Cash,Smartphone,Postpaid,No,Yes
CUST03452,42,Male,Lucknow,9,Month-to-Month,No Internet,236.91,2157.95,0.5,425,57,0,0,UPI,Smartphone,Prepaid,No,No
CUST03453,37,Female,Hyderabad,43,Two Year,Fiber Optic,987.77,40264.21,42.82,382,48,0,0,Net Banking,Smartphone,Postpaid,No,No
CUST03454,51,Female,Bangalore,28,Month-to-Month,DSL,448.39,11491.99,13.24,330,44,0,0,UPI,Smartphone,Prepaid,Yes,No
CUST03455,43,Male,Delhi,28,One Year,DSL,644.53,17765.77,13.04,298,36,0,0,Net Banking,Router Only,Prepaid,Yes,No
CUST03456,22,Female,Jaipur,12,Month-to-Month,Fiber Optic,1081.48,12880.8,64.68,342,88,1,0,Cash,Router Only,Postpaid,No,No
CUST03457,52,Male,Mumbai,3,Month-to-Month,DSL,493.02,1539.77,24.99,402,52,2,1,Credit Card,Smartphone,Prepaid,Yes,Yes
CUST03458,45,Female,Delhi,20,Month-to-Month,DSL,473.51,8714.38,13.74,202,37,1,0,Debit Card,Smartphone,Prepaid,Yes,No
CUST03459,46,Male,Hyderabad,22,Month-to-Month,Fiber Optic,747.74,16121.48,57.26,149,11,0,0,Net Banking,Smartphone,Prepaid,Yes,Yes
CUST03460,26,Female,Ahmedabad,9,Month-to-Month,Fiber Optic,904.91,7594.04,75.03,32,62,1,0,Credit Card,Smartphone,Prepaid,No,Yes
CUST03461,69,Male,Bangalore,3,Month-to-Month,No Internet,225.51,685.62,12.7,225,5,3,1,Debit Card,Smartphone,Prepaid,Yes,Yes
CUST03462,55,Female,Kolkata,19,Month-to-Month,Fiber Optic,713.9,12927.57,31.75,346,28,2,1,Credit Card,Smartphone,Prepaid,Yes,Yes
CUST03463,67,Male,Ahmedabad,55,Two Year,DSL,427.78,23426.54,8.31,319,70,1,0,UPI,Feature Phone,Prepaid,No,No
CUST03464,23,Male,Bangalore,22,Month-to-Month,DSL,514.48,10479.41,31.67,274,98,2,1,Debit Card,Smartphone,Prepaid,Yes,No
CUST03465,36,Female,Chennai,62,Two Year,Fiber Optic,913.29,55897.17,63.5,458,4,3,1,Debit Card,Feature Phone,Postpaid,Yes,Yes
CUST03466,61,Male,Hyderabad,46,Two Year,No Internet,262.47,10893.91,15.75,179,11,2,1,UPI,Router Only,Prepaid,Yes,No
CUST03467,28,Male,Jaipur,14,One Year,Fiber Optic,892.76,12825.0,70.77,347,58,0,0,Debit Card,Smartphone,Postpaid,Yes,No
CUST03468,19,Male,Pune,51,Two Year,Fiber Optic,863.99,43559.53,82.03,235,28,2,1,UPI,Smartphone,Prepaid,No,No
CUST03469,64,Female,Jaipur,4,Month-to-Month,DSL,653.65,2439.62,26.56,392,48,2,1,Credit Card,Router Only,Prepaid,No,Yes
CUST03470,61,Female,Mumbai,39,Two Year,Fiber Optic,861.27,31916.2,30.02,405,0,2,1,Net Banking,Smartphone,Postpaid,Yes,No
CUST03471,61,Male,Mumbai,10,Month-to-Month,DSL,517.94,4777.98,29.4,470,0,2,1,UPI,Tablet,Postpaid,Yes,No
CUST03472,26,Female,Delhi,44,Month-to-Month,No Internet,343.65,15134.99,0.5,311,72,1,0,UPI,Smartphone,Prepaid,Yes,No
CUST03473,38,Male,Hyderabad,40,One Year,Fiber Optic,718.6,,61.67,174,36,2,1,UPI,Smartphone,Prepaid,No,No
CUST03474,41,Female,Ahmedabad,29,Two Year,Fiber Optic,768.15,23237.54,44.9,219,10,3,2,Credit Card,Smartphone,Prepaid,No,Yes
CUST03475,51,Male,Mumbai,49,Two Year,Fiber Optic,948.94,48088.46,42.18,347,29,1,0,Net Banking,Smartphone,Postpaid,No,No
CUST03476,39,Female,Delhi,7,Month-to-Month,No Internet,301.88,2159.91,0.5,311,3,0,0,Cash,Smartphone,Postpaid,No,No
CUST03477,20,Male,Delhi,24,Month-to-Month,Fiber Optic,1067.21,24069.48,69.32,280,15,2,1,UPI,Router Only,Postpaid,No,Yes
CUST03478,29,Other,Bangalore,19,One Year,Fiber Optic,717.84,12871.26,67.04,89,72,2,1,Debit Card,Smartphone,Prepaid,Yes,No
CUST03479,45,Male,Delhi,16,One Year,DSL,463.85,7134.59,24.85,193,21,3,1,Net Banking,Smartphone,Prepaid,Yes,No
CUST03480,47,Male,Bangalore,5,Month-to-Month,Fiber Optic,1073.83,5571.79,48.37,357,1,2,1,Net Banking,Smartphone,Postpaid,No,Yes
CUST03481,43,Male,Kolkata,6,Month-to-Month,Fiber Optic,779.55,4541.9,51.3,188,31,4,2,UPI,Tablet,Prepaid,Yes,Yes
CUST03482,65,Female,Bangalore,48,Two Year,No Internet,243.52,10688.05,1.81,262,53,1,0,Cash,Feature Phone,Prepaid,Yes,No
CUST03483,38,Female,Chennai,8,One Year,Fiber Optic,868.81,6498.68,53.48,315,30,1,0,UPI,Feature Phone,Postpaid,No,No
CUST03484,45,Female,Hyderabad,7,Month-to-Month,Fiber Optic,652.87,4145.72,35.64,251,43,0,0,Debit Card,Smartphone,Prepaid,No,Yes
CUST03485,43,Female,Pune,4,One Year,Fiber Optic,860.73,3128.32,53.35,353,46,0,0,Credit Card,Smartphone,Prepaid,No,No
CUST03486,50,Female,Delhi,25,One Year,No Internet,403.32,10470.52,4.65,147,21,3,1,UPI,Router Only,Prepaid,Yes,No
CUST03487,38,Female,Jaipur,33,Two Year,Fiber Optic,820.98,26890.45,48.33,118,39,2,1,UPI,Tablet,Prepaid,No,No
CUST03488,52,Male,Chennai,26,One Year,Fiber Optic,795.54,18929.97,30.27,139,41,2,1,Credit Card,Smartphone,Prepaid,Yes,No
CUST03489,69,Female,Mumbai,29,Month-to-Month,Fiber Optic,910.43,26073.87,34.42,372,0,3,2,Credit Card,Router Only,Prepaid,No,Yes
CUST03490,51,Male,Delhi,31,Two Year,No Internet,341.95,11084.93,0.5,314,24,0,0,Cash,Smartphone,Prepaid,Yes,No
CUST03491,58,Female,Delhi,21,Month-to-Month,Fiber Optic,845.73,16024.76,34.79,199,6,2,1,Debit Card,Smartphone,Prepaid,Yes,Yes
CUST03492,68,Female,Kolkata,22,Two Year,Fiber Optic,1097.28,,,572,59,1,0,,Router Only,Postpaid,Yes,No
CUST03493,64,Female,Chennai,5,One Year,DSL,656.37,3040.48,20.53,548,9,1,0,Credit Card,Tablet,Postpaid,No,Yes
CUST03494,35,Female,Bangalore,37,Two Year,Fiber Optic,873.38,30911.44,45.22,373,70,2,1,Debit Card,Feature Phone,Postpaid,No,No
CUST03495,28,Female,Bangalore,15,Month-to-Month,DSL,709.19,9756.13,32.7,197,28,1,0,UPI,Router Only,Postpaid,Yes,No
CUST03496,40,Female,Ahmedabad,18,One Year,DSL,451.27,7318.44,24.17,333,0,3,1,Cash,Feature Phone,Postpaid,Yes,Yes
CUST03497,65,Male,Ahmedabad,32,Two Year,Fiber Optic,775.63,22712.05,34.67,301,55,3,1,Net Banking,Smartphone,Prepaid,Yes,No
CUST03498,39,Male,Chennai,27,One Year,DSL,431.58,11488.56,18.83,178,43,3,1,Credit Card,Smartphone,Prepaid,No,Yes
CUST03499,34,Female,Hyderabad,11,Month-to-Month,Fiber Optic,917.97,10452.75,51.99,265,48,1,0,UPI,Smartphone,Prepaid,Yes,Yes
CUST03500,22,Female,Kolkata,10,Month-to-Month,Fiber Optic,961.13,8681.22,63.56,248,50,1,0,Net Banking,Smartphone,Postpaid,Yes,Yes
CUST03501,61,Male,Kolkata,6,One Year,DSL,760.72,4150.92,15.61,428,19,0,0,Debit Card,Smartphone,Postpaid,Yes,No
CUST03502,28,Male,Bangalore,1,Month-to-Month,Fiber Optic,990.56,990.56,61.32,273,64,2,1,Debit Card,Router Only,Postpaid,Yes,No
CUST03503,47,Male,Delhi,17,One Year,Fiber Optic,870.27,15474.59,57.97,130,49,1,0,Cash,Smartphone,Prepaid,No,No
CUST03504,32,Male,Kolkata,39,Month-to-Month,Fiber Optic,975.77,35221.19,66.66,273,32,1,1,Net Banking,Feature Phone,Postpaid,Yes,No
CUST03505,44,Female,Delhi,42,Two Year,No Internet,559.62,22808.68,4.26,415,54,1,0,UPI,Router Only,Postpaid,Yes,No
CUST03506,52,Female,Delhi,0,Month-to-Month,No Internet,235.15,235.15,9.4,149,29,3,1,UPI,Feature Phone,Prepaid,Yes,No
CUST03507,50,Female,Ahmedabad,29,Month-to-Month,Fiber Optic,942.38,28083.37,35.91,525,46,3,1,UPI,Smartphone,Postpaid,Yes,No
CUST03508,37,Female,Chennai,4,Month-to-Month,Fiber Optic,933.15,3889.86,42.72,270,70,3,1,UPI,Router Only,Prepaid,No,Yes
CUST03509,33,Female,Jaipur,11,One Year,No Internet,258.96,2886.83,18.74,141,57,2,1,Debit Card,Smartphone,Prepaid,No,No
CUST03510,51,Male,Hyderabad,17,Month-to-Month,DSL,619.86,10374.18,18.57,385,17,0,0,Debit Card,Smartphone,Postpaid,Yes,No
CUST03511,19,Male,Jaipur,9,Month-to-Month,DSL,416.82,3516.28,37.8,217,50,0,0,Credit Card,Smartphone,Prepaid,Yes,No
CUST03512,52,Female,Bangalore,34,One Year,DSL,739.36,23298.94,18.52,275,29,2,1,Cash,Feature Phone,Postpaid,No,Yes
CUST03513,57,Male,Pune,10,Month-to-Month,Fiber Optic,693.91,6781.86,43.86,115,18,3,1,Credit Card,Tablet,Prepaid,Yes,No
CUST03514,45,Male,Mumbai,28,Two Year,DSL,522.12,13794.63,40.35,180,75,1,0,UPI,Smartphone,Prepaid,No,No
CUST03515,64,Male,Delhi,43,Two Year,No Internet,354.8,15265.05,0.5,187,0,2,1,Cash,Router Only,Prepaid,No,No
CUST03516,56,Male,Bangalore,4,Month-to-Month,Fiber Optic,793.3,2982.06,41.08,363,46,2,1,Debit Card,Smartphone,Postpaid,No,Yes
CUST03517,23,Male,Pune,44,Two Year,DSL,662.05,26960.96,28.7,171,82,2,1,Debit Card,Smartphone,Postpaid,No,No
CUST03518,26,Female,Delhi,27,One Year,DSL,499.05,13302.31,30.41,0,98,1,1,Cash,Smartphone,Prepaid,Yes,Yes
CUST03519,37,Male,Hyderabad,64,Month-to-Month,No Internet,403.69,26201.12,0.5,398,48,1,0,Net Banking,Tablet,Postpaid,Yes,Yes
CUST03520,18,Female,Mumbai,34,One Year,Fiber Optic,830.69,25731.62,65.03,218,67,3,1,UPI,Smartphone,Prepaid,Yes,No
CUST03521,25,Male,Delhi,23,Two Year,No Internet,159.14,3634.12,0.5,52,49,2,1,UPI,Smartphone,Prepaid,No,No
CUST03522,40,Female,Chennai,22,Two Year,Fiber Optic,993.07,22335.29,59.29,448,36,0,0,Debit Card,Smartphone,Postpaid,Yes,No
CUST03523,20,Female,Lucknow,8,One Year,Fiber Optic,902.69,6506.23,62.57,396,48,3,1,UPI,Smartphone,Postpaid,No,No
CUST03524,21,Female,Mumbai,3,Month-to-Month,Fiber Optic,773.8,2167.24,66.32,131,83,2,1,Net Banking,Smartphone,Prepaid,No,Yes
CUST03525,42,Female,Chennai,23,One Year,No Internet,245.1,5326.05,11.48,111,57,4,2,Credit Card,Smartphone,Prepaid,No,Yes
CUST03526,64,Male,Lucknow,2,Month-to-Month,Fiber Optic,1026.25,1851.57,42.5,476,0,3,1,Credit Card,Smartphone,Postpaid,Yes,Yes
CUST03527,55,Male,Pune,30,One Year,No Internet,241.5,7257.3,13.23,244,58,1,0,Debit Card,Feature Phone,Prepaid,Yes,Yes
CUST03528,32,Male,Pune,21,Two Year,DSL,594.84,12028.3,35.58,367,27,0,0,Debit Card,Smartphone,Postpaid,Yes,No
CUST03529,38,Male,Delhi,4,Month-to-Month,No Internet,475.94,1898.25,6.94,384,48,6,3,Cash,Smartphone,Postpaid,No,Yes
CUST03530,52,Male,Hyderabad,16,Month-to-Month,Fiber Optic,884.42,13595.16,37.95,502,55,1,0,UPI,Smartphone,Postpaid,No,Yes
CUST03531,63,Female,Bangalore,24,One Year,Fiber Optic,918.26,20409.4,34.47,447,22,1,0,Debit Card,Smartphone,Postpaid,Yes,No
CUST03532,69,Female,Hyderabad,19,Month-to-Month,DSL,728.66,13531.16,17.97,377,0,0,0,Net Banking,Smartphone,Postpaid,No,No
CUST03533,31,Female,Kolkata,7,Month-to-Month,DSL,533.62,3767.04,20.8,337,64,4,2,Debit Card,Smartphone,Prepaid,No,Yes
CUST03534,53,Female,Hyderabad,17,One Year,Fiber Optic,758.64,11906.46,34.69,286,58,5,3,Cash,Smartphone,Prepaid,No,Yes
CUST03535,29,Female,Delhi,30,Two Year,DSL,587.44,16796.01,32.05,206,8,1,0,Net Banking,Smartphone,Postpaid,Yes,No
CUST03536,34,Female,Jaipur,45,One Year,Fiber Optic,835.95,38000.25,42.8,348,56,0,0,Net Banking,Feature Phone,Prepaid,Yes,No
CUST03537,56,Female,Hyderabad,28,Month-to-Month,DSL,418.1,11688.76,3.81,274,28,2,1,Debit Card,Smartphone,Prepaid,Yes,No
CUST03538,26,Male,Jaipur,32,One Year,Fiber Optic,879.0,29532.47,45.17,173,102,2,1,Credit Card,Smartphone,Prepaid,No,No
CUST03539,52,Male,Chennai,4,Month-to-Month,Fiber Optic,813.46,3013.13,27.85,163,19,4,1,Debit Card,Smartphone,Prepaid,No,Yes
CUST03540,30,Female,Delhi,4,Two Year,No Internet,202.06,769.13,1.41,129,62,1,0,Debit Card,Feature Phone,Prepaid,Yes,No
CUST03541,32,Female,Hyderabad,15,One Year,DSL,533.65,7442.12,26.46,226,77,1,0,Net Banking,Smartphone,Prepaid,Yes,No
CUST03542,35,Female,Chennai,33,Two Year,DSL,775.35,23964.96,18.9,214,24,0,0,Credit Card,Smartphone,Postpaid,Yes,No
CUST03543,68,Male,Mumbai,30,Two Year,Fiber Optic,989.09,27576.52,28.7,496,0,1,0,UPI,Tablet,Postpaid,No,No
CUST03544,50,Female,Hyderabad,18,Month-to-Month,Fiber Optic,784.36,14801.31,31.69,275,46,1,0,UPI,Smartphone,Prepaid,Yes,Yes
CUST03545,23,Male,Bangalore,37,Two Year,DSL,683.25,25203.21,33.46,215,55,2,1,Debit Card,Feature Phone,Postpaid,No,No
CUST03546,44,Male,Chennai,59,Two Year,Fiber Optic,912.54,49139.44,43.37,242,87,1,0,Credit Card,Tablet,Prepaid,Yes,No
CUST03547,40,Male,Mumbai,5,One Year,Fiber Optic,1122.4,5489.01,50.76,373,30,2,1,Net Banking,Router Only,Postpaid,Yes,No
CUST03548,44,Male,Chennai,20,Month-to-Month,Fiber Optic,944.94,17243.7,43.17,370,14,0,0,Credit Card,Smartphone,Postpaid,No,No
CUST03549,51,Male,Mumbai,21,One Year,Fiber Optic,802.99,16164.32,36.01,249,39,2,1,Debit Card,Smartphone,Prepaid,Yes,Yes
CUST03550,63,Male,Bangalore,2,Month-to-Month,Fiber Optic,831.18,1655.75,37.04,260,49,1,0,Net Banking,Smartphone,Prepaid,No,Yes
CUST03551,55,Male,Delhi,19,One Year,No Internet,248.25,4278.65,4.62,282,59,1,0,UPI,Smartphone,Prepaid,No,No
CUST03552,31,Male,Delhi,2,Month-to-Month,Fiber Optic,760.33,1379.17,67.39,174,79,1,0,Net Banking,Smartphone,Prepaid,Yes,Yes
CUST03553,53,Female,Mumbai,31,One Year,DSL,564.34,16402.7,23.54,397,30,3,1,Net Banking,Smartphone,Prepaid,Yes,No
CUST03554,25,Female,Mumbai,34,Two Year,Fiber Optic,828.94,28151.85,75.91,58,97,1,0,Net Banking,Smartphone,Prepaid,No,No
CUST03555,52,Male,Bangalore,33,Month-to-Month,No Internet,315.34,10808.79,0.5,27,26,4,2,Debit Card,Smartphone,Prepaid,Yes,No
CUST03556,36,Male,Lucknow,31,One Year,Fiber Optic,727.77,21224.6,44.7,60,61,1,0,UPI,Smartphone,Prepaid,No,No
CUST03557,47,Female,Hyderabad,14,Month-to-Month,Fiber Optic,940.98,13746.4,39.2,240,3,3,1,UPI,Tablet,Postpaid,No,No
CUST03558,31,Female,Hyderabad,6,One Year,Fiber Optic,874.49,5153.79,63.21,174,32,1,0,Net Banking,Router Only,Prepaid,Yes,No
CUST03559,37,Male,Lucknow,12,One Year,Fiber Optic,768.07,8990.26,47.06,138,70,2,1,UPI,Smartphone,Prepaid,Yes,No
CUST03560,66,Female,Jaipur,5,Month-to-Month,No Internet,233.99,1071.07,11.65,373,58,1,0,UPI,Smartphone,Prepaid,Yes,Yes
CUST03561,42,Female,Jaipur,21,One Year,Fiber Optic,843.05,18470.98,37.95,228,3,2,1,UPI,Router Only,Prepaid,No,No
CUST03562,57,Male,Delhi,38,Two Year,No Internet,484.9,18771.14,0.5,399,0,3,1,Debit Card,Smartphone,Postpaid,Yes,No
CUST03563,41,Male,Chennai,13,Month-to-Month,No Internet,219.15,2565.44,3.77,246,95,0,0,Net Banking,Smartphone,Prepaid,Yes,No
CUST03564,31,Male,Kolkata,29,One Year,Fiber Optic,775.14,22904.79,73.2,148,3,1,0,Credit Card,Smartphone,Prepaid,Yes,No
CUST03565,43,Female,Ahmedabad,18,One Year,Fiber Optic,952.6,16855.32,51.28,458,12,3,2,Net Banking,Smartphone,Postpaid,No,No
CUST03566,55,Male,Chennai,0,Month-to-Month,No Internet,465.87,465.87,7.29,273,90,0,0,UPI,Smartphone,Postpaid,No,No
CUST03567,40,Male,Delhi,53,Two Year,Fiber Optic,785.64,41855.02,42.5,143,17,0,0,UPI,Router Only,Prepaid,Yes,No
CUST03568,39,Male,Lucknow,19,One Year,DSL,681.98,12956.47,21.64,366,40,4,1,UPI,Smartphone,Postpaid,Yes,No
CUST03569,65,Female,Hyderabad,5,Month-to-Month,No Internet,445.05,2230.37,5.31,472,15,2,1,Credit Card,Router Only,Postpaid,Yes,Yes
CUST03570,36,Female,Bangalore,26,Month-to-Month,DSL,580.59,15568.49,12.02,404,32,1,0,Net Banking,Smartphone,Postpaid,Yes,No
CUST03571,63,Female,Bangalore,46,Month-to-Month,DSL,607.58,28340.33,15.61,563,0,4,2,Credit Card,Tablet,Postpaid,No,Yes
CUST03572,68,Female,Bangalore,21,One Year,No Internet,202.59,4410.3,13.44,321,25,0,0,Debit Card,Smartphone,Prepaid,Yes,No
CUST03573,20,Male,Mumbai,11,One Year,DSL,522.95,5506.92,42.36,230,78,2,1,Credit Card,Smartphone,Prepaid,No,No
CUST03574,59,Female,Mumbai,29,One Year,Fiber Optic,808.78,23087.01,53.2,651,30,3,1,Credit Card,Smartphone,Postpaid,No,Yes
CUST03575,36,Female,Lucknow,14,One Year,Fiber Optic,992.53,14560.6,50.64,471,18,2,1,Debit Card,Router Only,Postpaid,Yes,No
CUST03576,26,Male,Bangalore,1,Month-to-Month,DSL,563.73,563.73,18.86,192,78,2,1,Credit Card,Feature Phone,Prepaid,Yes,No
CUST03577,45,Female,Hyderabad,20,Month-to-Month,No Internet,322.96,6222.54,0.5,128,44,0,0,UPI,Smartphone,Prepaid,Yes,No
CUST03578,37,Female,Ahmedabad,53,Two Year,DSL,616.49,31696.25,26.66,493,23,1,0,UPI,Smartphone,Postpaid,Yes,No
CUST03579,62,Female,Hyderabad,58,Two Year,DSL,582.96,34177.2,24.43,588,16,3,1,Net Banking,Tablet,Postpaid,No,No
CUST03580,24,Male,Mumbai,7,Month-to-Month,Fiber Optic,859.04,5741.33,65.63,249,72,0,0,Debit Card,Router Only,Prepaid,No,No
CUST03581,31,Female,Hyderabad,12,One Year,No Internet,264.39,2878.31,7.7,377,100,1,0,Debit Card,Smartphone,Prepaid,No,No
CUST03582,26,Female,Delhi,4,Month-to-Month,Fiber Optic,988.03,4099.11,59.09,342,3,1,1,Debit Card,Smartphone,Postpaid,Yes,No
CUST03583,36,Male,Delhi,34,Month-to-Month,DSL,652.11,21557.25,23.33,389,58,1,0,Net Banking,Smartphone,Postpaid,No,Yes
CUST03584,64,Male,Pune,22,One Year,No Internet,273.33,,,385,69,1,0,UPI,Smartphone,Prepaid,No,No
CUST03585,69,Male,Jaipur,8,Month-to-Month,Fiber Optic,826.77,6311.85,25.61,325,58,2,1,UPI,Smartphone,Prepaid,No,Yes
CUST03586,31,Other,Pune,7,Month-to-Month,No Internet,251.41,1826.78,0.5,430,67,1,0,Debit Card,Smartphone,Prepaid,Yes,No
CUST03587,55,Female,Delhi,18,One Year,No Internet,268.39,4481.68,5.39,448,5,1,0,Credit Card,Smartphone,Prepaid,No,No
CUST03588,53,Male,Bangalore,40,Two Year,No Internet,394.65,15132.59,7.26,267,10,1,0,Credit Card,Smartphone,Prepaid,Yes,No
CUST03589,57,Male,Delhi,24,Two Year,DSL,712.36,16359.72,20.63,319,0,2,1,Net Banking,Router Only,Postpaid,Yes,No
CUST03590,34,Male,Hyderabad,26,One Year,Fiber Optic,967.23,24530.18,56.42,430,12,4,2,Debit Card,Router Only,Postpaid,No,No
CUST03591,47,Female,Mumbai,72,Month-to-Month,DSL,762.28,57374.14,17.78,451,46,2,1,Cash,Smartphone,Postpaid,Yes,No
CUST03592,26,Male,Ahmedabad,11,Month-to-Month,Fiber Optic,1058.38,10827.6,74.17,403,66,5,1,Cash,Smartphone,Postpaid,No,No
CUST03593,50,Female,Delhi,25,One Year,Fiber Optic,912.48,22703.69,41.83,266,63,0,0,UPI,Smartphone,Prepaid,Yes,No
CUST03594,69,Female,Delhi,46,Two Year,No Internet,322.32,14584.76,0.92,337,59,3,1,Cash,Router Only,Prepaid,Yes,No
CUST03595,42,Female,Bangalore,37,Two Year,DSL,544.29,18917.42,29.42,169,59,2,1,Credit Card,Smartphone,Prepaid,Yes,No
CUST03596,31,Male,Delhi,18,One Year,Fiber Optic,982.17,17007.34,69.95,434,31,0,0,Credit Card,Smartphone,Postpaid,Yes,No
CUST03597,28,Male,Pune,6,Month-to-Month,Fiber Optic,688.02,3976.79,67.09,0,57,1,0,Debit Card,Smartphone,Prepaid,Yes,Yes
CUST03598,52,Male,Jaipur,42,Month-to-Month,DSL,471.06,18493.47,25.44,283,51,2,1,Credit Card,Smartphone,Prepaid,No,No
CUST03599,58,Male,Delhi,5,Month-to-Month,No Internet,208.5,1014.01,0.5,379,4,1,1,Debit Card,Smartphone,Prepaid,No,Yes
CUST03600,31,Male,Bangalore,49,Two Year,Fiber Optic,920.15,41834.93,70.8,277,39,2,1,UPI,Smartphone,Postpaid,No,No
CUST03601,47,Female,Lucknow,18,Month-to-Month,Fiber Optic,999.1,16742.4,54.37,477,0,1,0,Credit Card,Smartphone,Postpaid,No,Yes
CUST03602,58,Male,Pune,0,Month-to-Month,DSL,601.85,601.85,18.87,426,20,1,0,UPI,Smartphone,Postpaid,No,No
CUST03603,21,Male,Lucknow,37,Month-to-Month,Fiber Optic,783.53,30152.34,66.83,50,46,5,2,Debit Card,Smartphone,Prepaid,Yes,No
CUST03604,21,Male,Delhi,38,One Year,Fiber Optic,841.36,30643.14,72.84,0,74,5,2,Credit Card,Smartphone,Prepaid,Yes,No
CUST03605,45,Male,Mumbai,22,One Year,DSL,439.11,8709.52,22.59,86,79,1,1,Net Banking,Smartphone,Prepaid,Yes,No
CUST03606,25,Other,Delhi,23,One Year,DSL,586.85,13950.27,46.39,345,24,1,0,UPI,Smartphone,Postpaid,Yes,No
CUST03607,19,Male,Mumbai,22,One Year,DSL,462.54,10366.03,43.78,324,85,0,0,Net Banking,Smartphone,Prepaid,Yes,No
CUST03608,58,Male,Pune,21,One Year,No Internet,401.75,8119.5,0.5,364,13,1,0,Cash,Smartphone,Postpaid,Yes,No
CUST03609,63,Female,Delhi,14,Month-to-Month,DSL,546.03,7590.27,16.16,151,54,0,0,UPI,Tablet,Prepaid,Yes,No
CUST03610,39,Male,Hyderabad,13,Month-to-Month,No Internet,407.35,5492.08,0.5,481,22,0,0,Net Banking,Smartphone,Postpaid,No,No
CUST03611,58,Male,Mumbai,42,Two Year,No Internet,149.0,6559.24,15.52,179,55,1,0,Credit Card,Smartphone,Prepaid,Yes,No
CUST03612,33,Male,Ahmedabad,35,Month-to-Month,DSL,737.78,,,229,52,0,0,,Router Only,Postpaid,No,Yes
CUST03613,46,Male,Delhi,44,Month-to-Month,Fiber Optic,802.44,34261.23,32.69,205,53,1,0,UPI,Smartphone,Prepaid,No,Yes
CUST03614,66,Male,Mumbai,5,Month-to-Month,No Internet,465.79,2400.38,0.5,606,0,3,1,UPI,Router Only,Postpaid,Yes,No
CUST03615,65,Male,Chennai,3,Month-to-Month,No Internet,241.95,734.47,0.5,244,46,0,0,UPI,Smartphone,Prepaid,No,Yes
CUST03616,47,Female,Delhi,6,Month-to-Month,Fiber Optic,732.24,4478.75,45.05,57,40,0,0,Net Banking,Smartphone,Prepaid,No,No
CUST03617,29,Male,Hyderabad,27,One Year,DSL,583.33,15637.28,25.2,512,24,1,1,UPI,Smartphone,Postpaid,No,No
CUST03618,52,Female,Bangalore,27,Two Year,Fiber Optic,746.53,19243.97,36.06,262,8,1,1,Credit Card,Tablet,Prepaid,No,Yes
CUST03619,28,Female,Ahmedabad,23,One Year,Fiber Optic,777.59,16607.99,71.19,270,21,4,2,Debit Card,Smartphone,Prepaid,No,Yes
CUST03620,63,Female,Chennai,25,Month-to-Month,DSL,604.66,15765.42,19.95,381,20,0,0,UPI,Smartphone,Postpaid,Yes,No
CUST03621,67,Male,Chennai,24,One Year,Fiber Optic,1001.67,22184.42,38.19,424,0,1,0,UPI,Feature Phone,Postpaid,Yes,No
CUST03622,38,Male,Lucknow,66,Two Year,Fiber Optic,832.11,53114.94,48.51,175,19,2,1,Credit Card,Feature Phone,Prepaid,Yes,No
CUST03623,38,Female,Lucknow,25,Two Year,DSL,655.19,15915.69,24.88,44,46,1,0,Cash,Router Only,Prepaid,Yes,No
CUST03624,22,Female,Pune,27,Month-to-Month,No Internet,502.72,14029.29,8.64,363,47,1,0,Cash,Router Only,Postpaid,Yes,No
CUST03625,65,Female,Hyderabad,5,Month-to-Month,No Internet,360.4,1813.74,15.06,432,14,1,0,Net Banking,Feature Phone,Postpaid,Yes,Yes
CUST03626,37,Male,Chennai,42,Two Year,No Internet,386.39,15191.01,5.17,345,31,2,1,Credit Card,Smartphone,Postpaid,No,No
CUST03627,54,Female,Bangalore,23,One Year,DSL,641.52,13723.06,14.44,446,0,1,0,UPI,Smartphone,Postpaid,Yes,Yes
CUST03628,20,Male,Lucknow,17,Month-to-Month,DSL,537.29,9518.2,34.87,207,118,0,0,Debit Card,Smartphone,Prepaid,No,No
CUST03629,61,Male,Pune,2,Month-to-Month,No Internet,227.45,412.39,3.32,317,14,5,2,UPI,Smartphone,Prepaid,Yes,No
CUST03630,50,Male,Mumbai,17,One Year,DSL,485.92,8543.38,42.52,211,48,1,1,Credit Card,Smartphone,Prepaid,Yes,No
CUST03631,26,Male,Delhi,13,Month-to-Month,Fiber Optic,771.02,9348.74,60.39,87,38,5,3,UPI,Smartphone,Prepaid,Yes,Yes
CUST03632,26,Female,Delhi,9,Month-to-Month,Fiber Optic,836.4,6876.44,63.63,261,58,1,1,Net Banking,Smartphone,Prepaid,Yes,Yes
CUST03633,21,Female,Mumbai,38,Month-to-Month,No Internet,482.58,17285.32,10.68,24,43,0,0,Cash,Router Only,Prepaid,No,No
CUST03634,52,Female,Mumbai,15,Month-to-Month,Fiber Optic,950.61,14014.34,40.99,275,7,4,2,UPI,Router Only,Prepaid,No,No
CUST03635,34,Female,Bangalore,10,Month-to-Month,Fiber Optic,790.84,8138.52,63.6,217,53,1,1,Cash,Smartphone,Prepaid,Yes,Yes
CUST03636,51,Male,Mumbai,4,Month-to-Month,Fiber Optic,984.09,3942.22,40.84,311,50,3,1,Cash,Smartphone,Postpaid,No,No
CUST03637,41,Female,Chennai,8,Month-to-Month,No Internet,233.61,1898.73,0.62,168,72,1,0,UPI,Router Only,Prepaid,No,Yes
CUST03638,49,Male,Mumbai,3,Month-to-Month,Fiber Optic,949.82,2955.09,45.47,477,0,4,2,UPI,Smartphone,Postpaid,Yes,Yes
CUST03639,18,Male,Mumbai,15,Month-to-Month,DSL,635.93,8592.92,35.42,229,18,1,0,Credit Card,Smartphone,Postpaid,Yes,No
CUST03640,25,Male,Hyderabad,12,Month-to-Month,Fiber Optic,1048.11,12547.94,68.97,367,75,2,1,UPI,Router Only,Postpaid,Yes,Yes
CUST03641,62,Male,Jaipur,4,Month-to-Month,DSL,548.54,2101.61,14.22,187,61,1,0,Credit Card,Smartphone,Prepaid,Yes,Yes
CUST03642,40,Male,Hyderabad,0,Month-to-Month,DSL,541.59,541.59,29.37,195,42,1,0,Credit Card,Router Only,Prepaid,No,Yes
CUST03643,64,Male,Bangalore,56,Month-to-Month,Fiber Optic,876.49,44564.3,47.07,243,73,2,1,Net Banking,Smartphone,Prepaid,No,Yes
CUST03644,57,Female,Chennai,0,Month-to-Month,No Internet,392.57,392.57,0.5,309,37,2,1,Net Banking,Router Only,Prepaid,No,Yes
CUST03645,29,Female,Mumbai,11,Month-to-Month,No Internet,446.09,4944.74,4.54,306,31,2,1,Debit Card,Smartphone,Postpaid,No,Yes
CUST03646,29,Male,Bangalore,42,Two Year,Fiber Optic,949.58,41167.32,53.39,372,9,0,0,UPI,Smartphone,Postpaid,No,No
CUST03647,63,Other,Mumbai,12,Month-to-Month,Fiber Optic,785.04,9181.58,43.13,160,8,1,0,UPI,Smartphone,Prepaid,Yes,No
CUST03648,64,Female,Chennai,52,Two Year,Fiber Optic,793.57,38338.79,36.84,311,53,2,1,UPI,Smartphone,Prepaid,No,No
CUST03649,32,Female,Pune,17,Month-to-Month,No Internet,235.25,4041.31,0.5,178,15,0,0,Credit Card,Smartphone,Prepaid,Yes,No
CUST03650,58,Female,Pune,25,Two Year,Fiber Optic,950.38,21566.84,32.23,331,30,1,0,Net Banking,Smartphone,Postpaid,Yes,No
CUST03651,36,Male,Mumbai,1,Month-to-Month,Fiber Optic,970.81,979.88,67.29,289,39,2,1,Debit Card,Smartphone,Postpaid,Yes,Yes
CUST03652,43,Female,Kolkata,6,One Year,DSL,825.65,5059.44,21.78,378,37,1,0,Credit Card,Router Only,Postpaid,Yes,No
CUST03653,69,Female,Mumbai,0,Month-to-Month,Fiber Optic,913.58,913.58,36.52,394,0,0,0,UPI,Smartphone,Postpaid,Yes,No
CUST03654,46,Other,Delhi,49,Two Year,Fiber Optic,808.58,38055.71,47.5,155,21,0,0,Net Banking,Smartphone,Prepaid,Yes,No
CUST03655,39,Female,Bangalore,13,Month-to-Month,DSL,574.71,6861.29,17.05,513,15,1,0,Cash,Tablet,Postpaid,No,Yes
CUST03656,57,Female,Chennai,29,Two Year,Fiber Optic,818.91,24296.36,43.73,274,11,2,1,UPI,Smartphone,Prepaid,Yes,No
CUST03657,38,Female,Delhi,19,One Year,No Internet,299.34,5818.68,0.5,476,70,3,1,Credit Card,Smartphone,Postpaid,Yes,No
CUST03658,68,Male,Chennai,11,One Year,No Internet,195.33,2231.03,8.61,244,25,1,0,UPI,Smartphone,Prepaid,Yes,No
CUST03659,55,Male,Ahmedabad,13,Two Year,Fiber Optic,779.13,9316.82,31.0,247,24,5,2,Cash,Smartphone,Prepaid,Yes,No
CUST03660,37,Male,Mumbai,33,Two Year,DSL,553.77,18420.4,25.47,258,55,2,1,Debit Card,Smartphone,Postpaid,No,No
CUST03661,46,Male,Bangalore,36,One Year,DSL,602.83,22425.9,30.22,523,50,0,0,Cash,Smartphone,Postpaid,Yes,Yes
CUST03662,68,Male,Mumbai,5,Month-to-Month,DSL,794.33,3836.85,12.18,390,0,4,2,Credit Card,Router Only,Postpaid,Yes,No
CUST03663,21,Female,Bangalore,19,Month-to-Month,Fiber Optic,665.37,12000.33,65.03,209,20,1,1,Net Banking,Feature Phone,Prepaid,No,No
CUST03664,24,Female,Delhi,46,Month-to-Month,Fiber Optic,958.77,44419.79,60.15,328,29,0,0,Credit Card,Feature Phone,Postpaid,No,No
CUST03665,45,Female,Lucknow,14,Month-to-Month,No Internet,548.97,7385.65,6.41,552,0,0,0,Net Banking,Router Only,Postpaid,Yes,Yes
CUST03666,45,Female,Bangalore,3,Month-to-Month,Fiber Optic,1063.88,3085.71,36.2,470,21,3,1,Credit Card,Smartphone,Postpaid,No,Yes
CUST03667,21,Female,Kolkata,16,One Year,DSL,591.46,9541.98,28.64,320,75,1,0,Debit Card,Smartphone,Postpaid,No,No
CUST03668,39,Female,Delhi,49,Two Year,DSL,500.01,23713.52,27.09,173,68,0,0,Net Banking,Tablet,Prepaid,No,No
CUST03669,29,Female,Kolkata,7,Month-to-Month,Fiber Optic,877.95,6290.92,75.32,297,76,0,0,UPI,Smartphone,Prepaid,Yes,No
CUST03670,62,Female,Ahmedabad,26,One Year,DSL,597.05,15612.86,19.62,271,55,0,0,Net Banking,Tablet,Postpaid,No,No
CUST03671,20,Male,Pune,13,Month-to-Month,No Internet,517.88,7015.41,3.34,279,28,1,0,Debit Card,Router Only,Postpaid,No,No
CUST03672,39,Male,Jaipur,33,Two Year,Fiber Optic,867.28,28072.07,48.46,294,33,1,0,Cash,Smartphone,Prepaid,No,No
CUST03673,61,Male,Delhi,2,Month-to-Month,No Internet,471.34,941.52,18.54,398,5,2,1,Credit Card,Smartphone,Postpaid,Yes,Yes
CUST03674,19,Female,Hyderabad,5,One Year,Fiber Optic,794.82,3612.0,73.96,121,62,1,0,UPI,Smartphone,Prepaid,No,Yes
CUST03675,41,Female,Chennai,38,Two Year,No Internet,239.39,9241.75,0.5,321,57,0,0,Cash,Feature Phone,Prepaid,No,No
CUST03676,51,Female,Chennai,12,Month-to-Month,DSL,624.85,7448.1,3.42,629,0,1,0,UPI,Smartphone,Postpaid,No,Yes
CUST03677,44,Male,Ahmedabad,15,One Year,DSL,646.51,9427.39,12.89,359,37,2,1,Cash,Tablet,Postpaid,Yes,No
CUST03678,58,Female,Mumbai,46,Two Year,Fiber Optic,904.45,43509.86,37.33,169,11,1,0,UPI,Smartphone,Prepaid,Yes,No
CUST03679,18,Female,Delhi,18,Month-to-Month,Fiber Optic,821.85,14191.54,67.25,153,88,0,0,UPI,Smartphone,Prepaid,Yes,No
CUST03680,25,Male,Mumbai,55,Two Year,No Internet,283.53,14351.48,5.94,360,37,4,1,UPI,Feature Phone,Postpaid,No,No
CUST03681,40,Female,Jaipur,35,Two Year,DSL,631.6,20821.18,38.12,368,58,2,1,Net Banking,Smartphone,Postpaid,Yes,No
CUST03682,55,Female,Lucknow,6,Month-to-Month,DSL,781.78,4862.4,18.87,373,27,3,1,Cash,Tablet,Postpaid,No,Yes
CUST03683,23,Female,Chennai,16,Month-to-Month,No Internet,368.43,5490.76,5.43,183,45,2,1,UPI,Router Only,Prepaid,Yes,Yes
CUST03684,39,Female,Hyderabad,10,One Year,DSL,473.16,4943.88,23.08,175,73,1,1,Debit Card,Smartphone,Prepaid,Yes,Yes
CUST03685,42,Male,Chennai,43,Two Year,Fiber Optic,825.68,35572.46,50.49,284,0,1,0,Debit Card,Smartphone,Postpaid,No,No
CUST03686,35,Male,Chennai,2,Month-to-Month,No Internet,478.74,890.72,8.9,341,12,2,1,UPI,Smartphone,Postpaid,Yes,Yes
CUST03687,34,Male,Delhi,22,One Year,No Internet,505.65,10122.65,4.09,228,54,1,1,Debit Card,Router Only,Prepaid,Yes,No
CUST03688,29,Female,Pune,8,Month-to-Month,Fiber Optic,1005.42,7809.37,50.01,448,90,0,0,UPI,Tablet,Postpaid,Yes,Yes
CUST03689,23,Male,Bangalore,24,Two Year,DSL,648.86,15189.55,23.74,461,36,2,1,Net Banking,Smartphone,Postpaid,Yes,No
CUST03690,43,Female,Hyderabad,36,One Year,No Internet,358.04,12274.91,7.59,382,35,0,0,UPI,Smartphone,Postpaid,Yes,No
CUST03691,44,Male,Delhi,35,Month-to-Month,Fiber Optic,795.62,25251.32,38.93,169,38,3,1,UPI,Feature Phone,Prepaid,Yes,Yes
CUST03692,25,Female,Kolkata,15,One Year,Fiber Optic,781.77,12180.4,60.99,186,71,3,2,Credit Card,Smartphone,Prepaid,No,No
CUST03693,36,Male,Ahmedabad,71,Two Year,DSL,550.09,38657.82,11.43,251,56,2,1,Net Banking,Smartphone,Prepaid,No,No
CUST03694,59,Female,Chennai,6,Month-to-Month,Fiber Optic,841.05,4908.37,43.49,135,0,2,1,UPI,Smartphone,Prepaid,No,No
CUST03695,18,Female,Kolkata,30,One Year,DSL,666.96,19078.52,27.98,289,64,1,0,Debit Card,Smartphone,Postpaid,Yes,No
CUST03696,46,Female,Hyderabad,0,Month-to-Month,DSL,673.83,673.83,4.74,358,4,0,0,UPI,Feature Phone,Postpaid,No,Yes
CUST03697,62,Male,Chennai,15,One Year,Fiber Optic,747.55,10980.26,41.32,349,50,3,1,Credit Card,Smartphone,Prepaid,No,No
CUST03698,66,Male,Bangalore,33,One Year,No Internet,499.38,16927.38,0.5,474,17,1,0,Debit Card,Feature Phone,Postpaid,Yes,Yes
CUST03699,52,Female,Kolkata,5,Month-to-Month,Fiber Optic,742.98,3653.63,29.36,261,0,0,0,Net Banking,Smartphone,Prepaid,Yes,Yes
CUST03700,57,Male,Hyderabad,2,One Year,Fiber Optic,762.73,1492.32,42.44,428,87,5,3,Debit Card,Smartphone,Prepaid,Yes,Yes
CUST03701,31,Male,Pune,2,One Year,Fiber Optic,848.28,1577.4,52.7,139,69,1,0,Cash,Smartphone,Prepaid,Yes,Yes
CUST03702,52,Male,Chennai,44,Two Year,No Internet,378.37,15167.68,16.98,365,3,0,0,UPI,Smartphone,Postpaid,No,No
CUST03703,65,Female,Pune,1,Month-to-Month,Fiber Optic,952.55,952.55,25.0,487,0,4,1,UPI,Smartphone,Postpaid,No,Yes
CUST03704,62,Female,Kolkata,21,Month-to-Month,Fiber Optic,792.03,15371.93,49.13,217,36,3,1,Debit Card,Smartphone,Prepaid,No,Yes
CUST03705,37,Male,Hyderabad,38,Two Year,No Internet,385.35,,0.5,218,44,1,0,Net Banking,Router Only,Prepaid,Yes,No
CUST03706,66,Male,Kolkata,37,Two Year,No Internet,436.22,15145.2,0.5,617,0,3,1,UPI,Router Only,Postpaid,No,No
CUST03707,30,Female,Hyderabad,17,Month-to-Month,Fiber Optic,987.94,16817.93,50.47,460,47,2,1,Net Banking,Tablet,Postpaid,Yes,Yes
CUST03708,55,Female,Lucknow,43,Two Year,Fiber Optic,722.04,30651.09,44.55,176,56,2,1,Debit Card,Smartphone,Prepaid,No,Yes
CUST03709,66,Male,Kolkata,32,One Year,DSL,627.46,18826.09,29.82,115,10,1,0,UPI,Tablet,Prepaid,No,No
CUST03710,63,Male,Delhi,10,Two Year,DSL,606.82,6018.6,14.3,261,0,0,0,Cash,Smartphone,Postpaid,Yes,No
CUST03711,66,Female,Ahmedabad,1,Month-to-Month,No Internet,390.39,392.09,0.5,481,6,0,0,Debit Card,Smartphone,Postpaid,No,Yes
CUST03712,25,Other,Hyderabad,18,Month-to-Month,Fiber Optic,876.14,14236.9,50.81,263,68,1,0,Cash,Tablet,Postpaid,Yes,No
CUST03713,60,Other,Lucknow,5,Month-to-Month,Fiber Optic,903.25,4442.95,45.3,417,20,5,1,Debit Card,Smartphone,Postpaid,No,Yes
CUST03714,37,Female,Pune,61,Two Year,DSL,533.66,33068.5,17.71,328,57,2,1,Credit Card,Smartphone,Postpaid,Yes,No
CUST03715,50,Male,Delhi,3,Month-to-Month,DSL,602.8,1658.47,9.52,403,0,4,2,Debit Card,Feature Phone,Postpaid,No,Yes
CUST03716,43,Female,Bangalore,55,Two Year,DSL,622.63,32833.52,22.79,315,8,1,0,Credit Card,Smartphone,Postpaid,No,No
CUST03717,56,Male,Hyderabad,21,One Year,No Internet,472.71,9374.45,0.5,366,0,1,0,Debit Card,Smartphone,Postpaid,Yes,No
CUST03718,38,Female,Ahmedabad,1,Month-to-Month,DSL,721.73,721.73,19.14,581,1,2,1,Credit Card,Feature Phone,Postpaid,Yes,Yes
CUST03719,66,Male,Pune,10,Month-to-Month,Fiber Optic,980.28,9942.48,34.66,442,0,3,1,Credit Card,Smartphone,Postpaid,No,Yes
CUST03720,59,Female,Bangalore,29,One Year,DSL,553.49,16768.38,12.15,443,0,0,0,Credit Card,Smartphone,Postpaid,Yes,No
CUST03721,60,Female,Pune,0,One Year,Fiber Optic,951.66,951.66,37.25,421,17,3,1,Credit Card,Smartphone,Postpaid,No,No
CUST03722,58,Male,Chennai,0,Month-to-Month,DSL,532.08,532.08,27.43,329,50,4,2,Debit Card,Smartphone,Prepaid,No,Yes
CUST03723,26,Female,Delhi,71,Two Year,No Internet,280.81,19510.33,0.5,299,28,0,0,Cash,Router Only,Prepaid,Yes,No
CUST03724,41,Male,Mumbai,38,One Year,DSL,432.75,15684.53,26.43,9,100,1,0,Cash,Smartphone,Prepaid,No,No
CUST03725,54,Male,Bangalore,34,Two Year,Fiber Optic,946.32,29944.44,47.54,343,39,1,0,Net Banking,Smartphone,Postpaid,No,No
CUST03726,66,Male,Mumbai,25,One Year,Fiber Optic,875.9,22624.18,38.73,328,69,3,1,Credit Card,Smartphone,Prepaid,No,No
CUST03727,58,Male,Delhi,23,Month-to-Month,Fiber Optic,844.51,19183.88,46.0,385,24,2,1,Credit Card,Smartphone,Prepaid,Yes,No
CUST03728,34,Male,Delhi,25,One Year,Fiber Optic,716.69,17847.09,60.56,48,35,2,1,Credit Card,Smartphone,Prepaid,Yes,Yes
CUST03729,41,Female,Ahmedabad,40,Two Year,DSL,673.69,26746.76,26.14,324,24,1,0,Debit Card,Smartphone,Postpaid,Yes,No
CUST03730,38,Male,Mumbai,34,Month-to-Month,DSL,538.58,17132.19,13.9,218,49,1,0,Cash,Smartphone,Prepaid,Yes,No
CUST03731,68,Male,Mumbai,28,Two Year,DSL,634.06,16838.24,5.85,407,7,0,0,Net Banking,Smartphone,Postpaid,No,No
CUST03732,56,Male,Mumbai,4,Month-to-Month,Fiber Optic,1009.98,4147.85,26.84,555,21,1,0,Debit Card,Router Only,Postpaid,Yes,Yes
CUST03733,58,Female,Hyderabad,31,Two Year,Fiber Optic,928.95,27857.53,44.26,493,41,1,0,Debit Card,Feature Phone,Postpaid,No,No
CUST03734,56,Female,Hyderabad,31,Two Year,Fiber Optic,1025.68,28686.11,34.32,569,25,2,1,Net Banking,Smartphone,Postpaid,No,No
CUST03735,30,Female,Mumbai,30,One Year,Fiber Optic,943.69,27333.46,60.38,381,35,1,0,Net Banking,Smartphone,Postpaid,No,Yes
CUST03736,28,Female,Chennai,23,Month-to-Month,No Internet,402.36,8651.88,6.54,446,87,1,0,Credit Card,Router Only,Prepaid,No,No
CUST03737,63,Female,Pune,34,One Year,DSL,491.59,17203.99,15.58,333,53,1,0,Credit Card,Smartphone,Prepaid,No,No
CUST03738,36,Female,Bangalore,30,Two Year,No Internet,290.07,8500.41,3.01,204,69,1,0,UPI,Smartphone,Prepaid,Yes,No
CUST03739,28,Female,Chennai,26,Month-to-Month,DSL,642.09,17514.35,38.27,324,40,1,0,Credit Card,Smartphone,Prepaid,No,No
CUST03740,30,Male,Hyderabad,12,One Year,DSL,638.38,6931.9,25.01,337,21,0,0,Net Banking,Router Only,Postpaid,Yes,No
CUST03741,63,Female,Mumbai,30,One Year,Fiber Optic,772.35,22771.91,38.29,231,4,1,0,Debit Card,Smartphone,Prepaid,No,No
CUST03742,62,Female,Pune,58,Month-to-Month,Fiber Optic,839.24,44191.83,30.53,218,0,2,1,Credit Card,Smartphone,Prepaid,No,No
CUST03743,18,Female,Kolkata,16,Month-to-Month,DSL,416.19,6276.89,31.74,116,69,0,0,Credit Card,Tablet,Prepaid,Yes,No
CUST03744,57,Female,Chennai,8,Month-to-Month,DSL,792.91,5927.61,26.72,339,14,3,1,Credit Card,Router Only,Postpaid,No,No
CUST03745,61,Female,Mumbai,9,Month-to-Month,DSL,568.71,4823.22,17.63,264,12,0,0,UPI,Smartphone,Prepaid,Yes,No
CUST03746,36,Female,Jaipur,48,Two Year,Fiber Optic,700.15,35190.61,48.35,232,30,0,0,Credit Card,Smartphone,Prepaid,No,No
CUST03747,29,Male,Bangalore,49,Two Year,No Internet,573.91,26483.82,12.41,396,29,0,0,Debit Card,Router Only,Postpaid,No,No
CUST03748,25,Male,Mumbai,25,Month-to-Month,Fiber Optic,895.47,20700.26,73.39,305,46,3,2,Net Banking,Smartphone,Postpaid,Yes,No
CUST03749,25,Male,Bangalore,36,Two Year,Fiber Optic,1046.61,39286.87,82.94,170,35,5,2,Credit Card,Tablet,Postpaid,No,No
CUST03750,62,Female,Pune,3,Month-to-Month,No Internet,255.29,761.11,4.71,319,47,2,1,Credit Card,Smartphone,Prepaid,No,Yes
CUST03751,29,Female,Ahmedabad,7,Month-to-Month,Fiber Optic,985.15,6502.87,52.28,353,18,1,0,Credit Card,Tablet,Postpaid,No,Yes
CUST03752,65,Female,Bangalore,14,Month-to-Month,No Internet,327.67,4582.24,0.5,340,10,3,2,Credit Card,Smartphone,Postpaid,No,Yes
CUST03753,50,Female,Mumbai,14,Two Year,Fiber Optic,884.98,12616.51,37.77,357,50,2,1,UPI,Smartphone,Postpaid,Yes,No
CUST03754,62,Female,Chennai,14,Two Year,DSL,567.63,7172.21,22.59,491,53,1,0,Credit Card,Smartphone,Postpaid,Yes,No
CUST03755,43,Female,Jaipur,21,One Year,Fiber Optic,783.55,15389.06,39.3,293,36,3,1,UPI,Smartphone,Prepaid,Yes,No
CUST03756,56,Female,Mumbai,6,Month-to-Month,Fiber Optic,935.97,5535.14,40.56,263,18,5,2,UPI,Smartphone,Postpaid,Yes,Yes
CUST03757,45,Female,Kolkata,12,Month-to-Month,DSL,732.63,8586.14,13.19,507,24,1,0,UPI,Tablet,Postpaid,Yes,No
CUST03758,22,Female,Hyderabad,20,One Year,Fiber Optic,1015.22,19557.03,63.98,401,53,2,1,Cash,Router Only,Postpaid,Yes,No
CUST03759,25,Male,Kolkata,11,Month-to-Month,Fiber Optic,926.01,9214.62,55.97,364,44,1,0,Credit Card,Smartphone,Postpaid,No,No
CUST03760,42,Female,Hyderabad,33,Month-to-Month,No Internet,268.48,9237.82,0.5,162,98,1,0,UPI,Smartphone,Prepaid,No,No
CUST03761,44,Male,Bangalore,31,One Year,No Internet,397.81,12421.66,12.98,344,31,0,0,Net Banking,Router Only,Prepaid,Yes,No
CUST03762,63,Male,Pune,25,Month-to-Month,Fiber Optic,930.43,24407.31,24.32,363,24,2,1,Cash,Tablet,Postpaid,No,Yes
CUST03763,40,Female,Jaipur,2,Month-to-Month,Fiber Optic,1020.33,2104.36,55.42,400,57,5,3,UPI,Smartphone,Postpaid,Yes,Yes
CUST03764,47,Female,Mumbai,6,Month-to-Month,DSL,470.7,2784.8,22.66,149,82,3,1,Credit Card,Smartphone,Prepaid,No,No
CUST03765,62,Female,Hyderabad,28,One Year,No Internet,203.68,5434.08,2.83,198,65,0,0,Credit Card,Smartphone,Prepaid,No,No
CUST03766,64,Male,Mumbai,50,Two Year,No Internet,436.55,20181.61,7.57,280,40,3,1,Debit Card,Smartphone,Postpaid,Yes,No
CUST03767,40,Male,Mumbai,20,Month-to-Month,Fiber Optic,818.69,15255.47,49.54,409,29,3,1,Cash,Smartphone,Postpaid,Yes,Yes
CUST03768,66,Male,Kolkata,2,Month-to-Month,DSL,531.69,1095.49,9.39,238,21,3,1,UPI,Smartphone,Prepaid,Yes,Yes
CUST03769,64,Male,Mumbai,8,Month-to-Month,Fiber Optic,825.28,6794.84,58.97,239,39,4,2,UPI,Smartphone,Prepaid,Yes,Yes
CUST03770,37,Male,Kolkata,16,Month-to-Month,Fiber Optic,827.67,13628.02,44.55,247,83,2,1,UPI,Smartphone,Prepaid,Yes,Yes
CUST03771,35,Male,Bangalore,35,One Year,Fiber Optic,805.71,29020.7,64.79,339,5,2,1,Debit Card,Tablet,Prepaid,No,Yes
CUST03772,35,Male,Lucknow,19,Month-to-Month,Fiber Optic,1131.37,19947.44,44.56,367,26,1,1,Credit Card,Router Only,Postpaid,Yes,Yes
CUST03773,19,Male,Mumbai,9,Month-to-Month,DSL,685.91,6346.37,52.02,299,24,0,0,Cash,Tablet,Postpaid,Yes,No
CUST03774,21,Male,Delhi,1,One Year,Fiber Optic,997.63,997.63,56.99,311,14,5,2,Net Banking,Smartphone,Postpaid,Yes,No
CUST03775,47,Female,Delhi,13,Month-to-Month,No Internet,491.72,6150.54,0.5,416,10,0,0,UPI,Smartphone,Postpaid,Yes,No
CUST03776,50,Male,Ahmedabad,20,Two Year,DSL,657.42,13791.39,5.42,433,25,2,1,Debit Card,Feature Phone,Postpaid,Yes,No
CUST03777,53,Female,Bangalore,2,Month-to-Month,Fiber Optic,876.04,1760.26,33.09,356,49,1,1,UPI,Smartphone,Prepaid,Yes,Yes
CUST03778,35,Female,Delhi,67,Month-to-Month,No Internet,365.1,24388.73,6.16,284,48,2,1,Credit Card,Tablet,Postpaid,Yes,Yes
CUST03779,54,Male,Ahmedabad,13,Month-to-Month,No Internet,457.83,5559.21,0.5,290,42,1,1,Debit Card,Smartphone,Postpaid,Yes,No
CUST03780,36,Female,Ahmedabad,3,Month-to-Month,DSL,519.06,1573.53,36.65,146,100,1,0,Debit Card,Feature Phone,Prepaid,No,Yes
CUST03781,64,Female,Kolkata,18,Two Year,Fiber Optic,934.22,16515.58,36.23,415,2,2,1,UPI,Smartphone,Postpaid,No,No
CUST03782,45,Female,Mumbai,17,One Year,Fiber Optic,1001.12,16546.26,48.53,273,40,5,2,Debit Card,Smartphone,Postpaid,Yes,No
CUST03783,57,Male,Bangalore,17,Month-to-Month,Fiber Optic,738.39,11737.95,36.14,374,58,3,1,Credit Card,Smartphone,Prepaid,Yes,Yes
CUST03784,37,Female,Kolkata,16,One Year,DSL,440.53,6475.54,19.97,264,24,0,0,Net Banking,Feature Phone,Prepaid,Yes,No
CUST03785,66,Female,Hyderabad,72,Two Year,Fiber Optic,927.43,62388.17,52.42,396,29,0,0,Net Banking,Smartphone,Postpaid,No,No
CUST03786,50,Male,Delhi,16,Month-to-Month,DSL,640.65,10002.11,22.68,366,18,2,1,Credit Card,Smartphone,Postpaid,No,No
CUST03787,29,Male,Mumbai,18,Month-to-Month,Fiber Optic,796.92,14985.62,58.7,45,65,2,1,Credit Card,Tablet,Prepaid,Yes,No
CUST03788,68,Male,Lucknow,19,Month-to-Month,DSL,562.38,10021.53,7.54,134,16,2,1,Net Banking,Smartphone,Prepaid,Yes,No
CUST03789,32,Female,Delhi,36,Two Year,Fiber Optic,877.83,31653.41,62.58,131,47,2,1,Net Banking,Router Only,Prepaid,Yes,No
CUST03790,58,Male,Pune,1,Month-to-Month,Fiber Optic,972.1,972.1,34.41,208,52,4,2,UPI,Router Only,Prepaid,No,Yes
CUST03791,56,Female,Hyderabad,25,Month-to-Month,Fiber Optic,825.95,19846.36,40.45,157,46,2,1,UPI,Smartphone,Prepaid,No,No
CUST03792,19,Male,Kolkata,2,Month-to-Month,DSL,643.94,1212.51,32.53,420,75,0,0,Credit Card,Smartphone,Postpaid,No,No
CUST03793,46,Female,Pune,9,One Year,No Internet,341.94,2929.17,12.42,371,20,0,0,Net Banking,Smartphone,Postpaid,Yes,No
CUST03794,58,Male,Bangalore,46,Two Year,DSL,394.14,16922.53,31.0,208,57,2,1,Net Banking,Feature Phone,Prepaid,Yes,No
CUST03795,27,Male,Bangalore,24,Month-to-Month,Fiber Optic,1056.33,,58.81,288,60,2,1,UPI,Router Only,Postpaid,Yes,No
CUST03796,19,Female,Kolkata,20,Month-to-Month,No Internet,149.0,2830.43,6.75,157,47,1,1,Cash,Smartphone,Prepaid,Yes,No
CUST03797,68,Male,Mumbai,40,Two Year,DSL,594.91,24530.46,8.26,181,1,0,0,Credit Card,Smartphone,Prepaid,Yes,No
CUST03798,28,Male,Kolkata,17,Month-to-Month,Fiber Optic,1013.96,16385.2,55.61,388,20,1,0,Debit Card,Smartphone,Postpaid,No,Yes
CUST03799,30,Male,Pune,2,Month-to-Month,Fiber Optic,772.55,1509.39,53.95,144,81,0,0,Debit Card,Smartphone,Prepaid,No,Yes
CUST03800,27,Female,Chennai,9,One Year,Fiber Optic,740.12,6908.45,60.01,214,76,3,1,Credit Card,Smartphone,Prepaid,Yes,No
CUST03801,31,Female,Bangalore,18,One Year,Fiber Optic,824.5,13843.32,48.84,140,56,2,1,Net Banking,Router Only,Prepaid,Yes,No
CUST03802,35,Female,Mumbai,35,Month-to-Month,Fiber Optic,915.97,31069.67,51.77,421,38,1,0,Net Banking,Feature Phone,Postpaid,No,No
CUST03803,68,Female,Pune,0,Month-to-Month,DSL,632.9,632.9,14.55,554,0,2,1,Net Banking,Feature Phone,Postpaid,Yes,Yes
CUST03804,26,Male,Delhi,11,One Year,No Internet,291.7,3297.58,22.88,363,35,0,0,Debit Card,Smartphone,Postpaid,No,No
CUST03805,56,Female,Lucknow,33,One Year,Fiber Optic,915.92,29652.49,30.64,330,35,3,1,Net Banking,Smartphone,Postpaid,Yes,No
CUST03806,45,Female,Lucknow,30,Two Year,Fiber Optic,775.34,21774.76,60.38,5,51,3,1,Credit Card,Smartphone,Prepaid,Yes,No
CUST03807,20,Male,Delhi,31,Two Year,Fiber Optic,1106.26,33673.06,60.21,93,33,4,2,Credit Card,Router Only,Postpaid,No,No
CUST03808,37,Male,Delhi,14,Month-to-Month,No Internet,415.16,5959.63,5.49,399,37,2,1,UPI,Smartphone,Postpaid,Yes,Yes
CUST03809,23,Male,Bangalore,35,Two Year,Fiber Optic,915.14,32098.16,66.46,159,21,1,1,Credit Card,Smartphone,Postpaid,No,No
CUST03810,44,Female,Lucknow,44,Month-to-Month,Fiber Optic,915.7,39337.72,55.49,389,15,2,1,Cash,Feature Phone,Postpaid,Yes,No
CUST03811,19,Male,Bangalore,55,Two Year,Fiber Optic,880.07,45341.68,75.11,309,48,3,2,Debit Card,Feature Phone,Postpaid,Yes,No
CUST03812,46,Female,Bangalore,25,One Year,DSL,711.57,17709.99,36.09,384,6,1,0,UPI,Smartphone,Postpaid,Yes,No
CUST03813,55,Male,Pune,26,One Year,Fiber Optic,947.16,23262.66,37.79,352,0,0,0,Net Banking,Smartphone,Postpaid,Yes,No
CUST03814,20,Male,Delhi,13,One Year,DSL,644.73,7558.88,40.56,229,67,2,1,Debit Card,Feature Phone,Postpaid,No,No
CUST03815,33,Male,Bangalore,11,Month-to-Month,Fiber Optic,1010.39,10635.92,50.37,432,27,0,0,UPI,Router Only,Postpaid,Yes,Yes
CUST03816,47,Male,Mumbai,3,Month-to-Month,Fiber Optic,884.19,2467.61,37.87,378,0,4,1,Debit Card,Smartphone,Postpaid,Yes,No
CUST03817,57,Male,Chennai,12,Month-to-Month,Fiber Optic,832.33,10328.26,41.91,355,30,1,0,Debit Card,Smartphone,Prepaid,No,Yes
CUST03818,19,Male,Delhi,47,Two Year,No Internet,309.47,13354.05,8.58,171,82,1,0,UPI,Smartphone,Prepaid,No,No
CUST03819,34,Male,Hyderabad,30,Month-to-Month,Fiber Optic,759.44,21664.01,66.07,185,9,1,1,Cash,Smartphone,Prepaid,No,Yes
CUST03820,58,Male,Ahmedabad,38,Month-to-Month,No Internet,403.62,14297.96,1.89,390,15,3,1,Cash,Router Only,Postpaid,Yes,Yes
CUST03821,29,Male,Hyderabad,42,Two Year,Fiber Optic,815.26,31683.86,60.3,133,40,3,1,UPI,Smartphone,Prepaid,No,No
CUST03822,52,Female,Pune,25,Month-to-Month,Fiber Optic,712.24,17348.19,29.0,242,46,4,2,UPI,Smartphone,Prepaid,Yes,No
CUST03823,60,Female,Delhi,54,Two Year,DSL,554.64,31363.22,27.89,261,16,2,1,Net Banking,Tablet,Prepaid,No,No
CUST03824,18,Female,Bangalore,17,Month-to-Month,Fiber Optic,738.58,12019.71,65.91,192,70,1,1,UPI,Smartphone,Prepaid,No,No
CUST03825,62,Male,Delhi,18,Month-to-Month,Fiber Optic,1001.37,17542.72,22.29,430,26,3,1,Net Banking,Smartphone,Postpaid,Yes,No
CUST03826,32,Male,Chennai,2,Month-to-Month,Fiber Optic,784.89,1562.66,70.19,331,64,1,0,Net Banking,Smartphone,Prepaid,No,No
CUST03827,43,Male,Mumbai,39,Two Year,Fiber Optic,1014.87,39735.82,56.9,495,0,1,0,Cash,Tablet,Postpaid,No,No
CUST03828,54,Female,Mumbai,2,Month-to-Month,Fiber Optic,826.41,1599.35,36.2,247,60,1,0,Net Banking,Router Only,Prepaid,Yes,No
CUST03829,38,Male,Delhi,2,Month-to-Month,Fiber Optic,699.73,1276.33,52.08,188,67,3,1,Net Banking,Smartphone,Prepaid,Yes,Yes
CUST03830,66,Male,Mumbai,18,One Year,Fiber Optic,805.38,14871.84,52.55,288,22,0,0,Debit Card,Smartphone,Prepaid,Yes,No
CUST03831,48,Female,Hyderabad,18,Two Year,DSL,721.7,12767.49,29.72,260,0,0,0,Debit Card,Smartphone,Postpaid,Yes,No
CUST03832,42,Female,Chennai,5,Month-to-Month,DSL,528.7,2564.82,24.9,235,33,1,0,Net Banking,Smartphone,Prepaid,No,Yes
CUST03833,40,Male,Delhi,14,One Year,Fiber Optic,941.77,13530.19,45.82,267,42,1,0,Credit Card,Smartphone,Postpaid,No,Yes
CUST03834,41,Male,Pune,20,One Year,DSL,671.75,13297.18,31.63,259,16,0,0,Debit Card,Smartphone,Postpaid,No,No
CUST03835,55,Female,Hyderabad,37,One Year,Fiber Optic,855.08,29482.23,36.91,436,11,1,0,Cash,Smartphone,Postpaid,Yes,No
CUST03836,45,Female,Hyderabad,6,Month-to-Month,DSL,675.54,3905.34,21.65,458,25,1,0,UPI,Tablet,Postpaid,No,Yes
CUST03837,38,Male,Ahmedabad,11,Month-to-Month,DSL,500.19,5519.92,24.32,192,81,2,1,Debit Card,Smartphone,Prepaid,No,Yes
CUST03838,60,Male,Bangalore,0,Month-to-Month,DSL,467.51,467.51,40.55,511,23,2,1,UPI,Smartphone,Prepaid,Yes,Yes
CUST03839,35,Female,Delhi,25,One Year,DSL,404.29,10024.82,32.85,234,81,2,1,Debit Card,Smartphone,Prepaid,No,No
CUST03840,53,Male,Hyderabad,3,Month-to-Month,Fiber Optic,837.21,2333.71,28.73,275,55,2,1,Net Banking,Smartphone,Prepaid,Yes,Yes
CUST03841,52,Female,Lucknow,33,One Year,Fiber Optic,752.86,22424.51,32.42,243,79,1,1,Net Banking,Smartphone,Prepaid,Yes,No
CUST03842,62,Female,Hyderabad,1,Month-to-Month,DSL,542.63,542.63,23.99,248,6,1,0,Net Banking,Router Only,Prepaid,Yes,Yes
CUST03843,26,Male,Ahmedabad,47,Month-to-Month,Fiber Optic,918.52,41624.01,50.55,173,64,2,1,Credit Card,Smartphone,Prepaid,Yes,No
CUST03844,55,Male,Kolkata,28,One Year,Fiber Optic,815.11,22672.65,39.19,373,81,3,2,Debit Card,Smartphone,Prepaid,Yes,No
CUST03845,47,Female,Hyderabad,47,Two Year,Fiber Optic,890.76,38901.9,35.87,362,28,0,0,Credit Card,Smartphone,Postpaid,No,No
CUST03846,61,Male,Chennai,20,One Year,Fiber Optic,1006.65,18372.95,30.57,378,7,7,3,Credit Card,Smartphone,Postpaid,No,Yes
CUST03847,51,Male,Bangalore,10,Month-to-Month,DSL,646.12,6031.86,20.73,228,2,1,0,Net Banking,Smartphone,Postpaid,Yes,No
CUST03848,49,Female,Hyderabad,14,Month-to-Month,Fiber Optic,1118.71,15351.27,39.11,484,39,2,1,UPI,Router Only,Postpaid,Yes,No
CUST03849,20,Male,Hyderabad,10,One Year,Fiber Optic,857.89,7888.61,52.49,443,52,3,1,Debit Card,Smartphone,Postpaid,Yes,No
CUST03850,20,Male,Pune,13,Month-to-Month,No Internet,265.14,3181.49,3.05,312,54,1,0,Debit Card,Smartphone,Prepaid,No,Yes
CUST03851,45,Male,Bangalore,18,One Year,Fiber Optic,916.95,17073.14,50.23,387,48,0,0,Credit Card,Smartphone,Postpaid,Yes,No
CUST03852,61,Female,Delhi,28,Month-to-Month,Fiber Optic,790.65,20221.17,39.29,247,79,1,0,Net Banking,Tablet,Prepaid,No,Yes
CUST03853,32,Male,Kolkata,41,Two Year,No Internet,341.51,14069.79,14.52,284,56,2,1,Credit Card,Smartphone,Prepaid,Yes,No
CUST03854,58,Female,Pune,52,Two Year,Fiber Optic,827.72,38896.67,27.3,263,46,1,0,Debit Card,Smartphone,Prepaid,No,No
CUST03855,40,Female,Lucknow,1,Month-to-Month,No Internet,149.0,149.0,7.81,133,46,3,1,Credit Card,Smartphone,Prepaid,Yes,Yes
CUST03856,57,Male,Bangalore,23,One Year,Fiber Optic,828.61,19510.34,34.98,340,30,1,0,UPI,Smartphone,Prepaid,Yes,No
CUST03857,28,Male,Delhi,10,Month-to-Month,Fiber Optic,712.84,6986.93,58.61,33,73,1,0,Debit Card,Smartphone,Prepaid,Yes,No
CUST03858,65,Male,Delhi,8,Month-to-Month,Fiber Optic,912.07,6846.48,39.13,608,13,1,1,UPI,Smartphone,Postpaid,No,No
CUST03859,49,Female,Kolkata,17,Month-to-Month,DSL,466.91,7167.91,15.98,118,24,0,0,UPI,Smartphone,Prepaid,Yes,Yes
CUST03860,53,Female,Delhi,24,One Year,No Internet,262.9,5688.07,0.5,342,53,2,1,Credit Card,Smartphone,Prepaid,No,No
CUST03861,50,Female,Jaipur,6,Month-to-Month,No Internet,252.41,1549.57,0.5,76,18,3,1,Credit Card,Smartphone,Prepaid,No,No
CUST03862,41,Male,Mumbai,24,Two Year,DSL,469.0,11190.56,24.26,231,80,0,0,Cash,Feature Phone,Prepaid,Yes,No
CUST03863,56,Female,Jaipur,2,Month-to-Month,Fiber Optic,1036.23,2006.68,36.56,293,56,4,2,Net Banking,Router Only,Postpaid,No,Yes
CUST03864,51,Male,Kolkata,5,Month-to-Month,No Internet,598.48,2920.39,0.5,381,0,1,0,Debit Card,Router Only,Postpaid,No,Yes
CUST03865,45,Female,Ahmedabad,30,Month-to-Month,DSL,498.28,14643.58,29.29,254,61,1,0,Credit Card,Smartphone,Prepaid,Yes,Yes
CUST03866,54,Female,Mumbai,26,One Year,Fiber Optic,689.89,17108.07,35.74,198,39,2,1,Debit Card,Feature Phone,Prepaid,Yes,No
CUST03867,24,Male,Chennai,26,Month-to-Month,No Internet,323.02,8604.85,20.73,347,45,1,0,UPI,Feature Phone,Postpaid,No,Yes
CUST03868,21,Male,Delhi,9,Month-to-Month,No Internet,188.7,1781.6,16.26,256,103,1,1,Cash,Smartphone,Prepaid,Yes,Yes
CUST03869,54,Female,Mumbai,12,Month-to-Month,DSL,626.94,7348.01,0.5,221,0,1,0,UPI,Smartphone,Prepaid,No,Yes
CUST03870,18,Female,Mumbai,13,Month-to-Month,Fiber Optic,739.72,9366.59,58.77,151,51,1,0,Credit Card,Smartphone,Prepaid,No,Yes
CUST03871,18,Male,Kolkata,6,Month-to-Month,No Internet,293.3,1828.44,1.23,310,99,1,0,UPI,Router Only,Prepaid,Yes,Yes
CUST03872,64,Male,Delhi,16,Month-to-Month,Fiber Optic,810.18,12954.53,47.28,286,0,0,0,Cash,Smartphone,Prepaid,Yes,Yes
CUST03873,37,Female,Jaipur,13,Month-to-Month,DSL,588.86,7622.94,2.54,253,44,1,0,Debit Card,Smartphone,Prepaid,No,No
CUST03874,36,Male,Delhi,6,Month-to-Month,Fiber Optic,928.43,5065.17,40.1,314,42,1,0,Cash,Feature Phone,Postpaid,No,Yes
CUST03875,46,Male,Bangalore,4,Month-to-Month,No Internet,358.14,1394.49,8.02,542,17,2,1,UPI,Feature Phone,Postpaid,Yes,Yes
CUST03876,27,Male,Delhi,25,One Year,Fiber Optic,880.78,21804.21,69.79,172,74,3,1,Credit Card,Smartphone,Prepaid,No,No
CUST03877,35,Male,Kolkata,23,Month-to-Month,DSL,652.86,15357.27,20.5,332,56,1,0,Credit Card,Smartphone,Postpaid,Yes,No
CUST03878,45,Female,Delhi,3,Month-to-Month,Fiber Optic,961.98,2914.86,43.99,356,43,3,1,Credit Card,Smartphone,Postpaid,Yes,Yes
CUST03879,52,Other,Jaipur,18,One Year,DSL,651.12,12289.38,15.4,151,32,1,0,UPI,Router Only,Prepaid,Yes,No
CUST03880,60,Female,Hyderabad,9,One Year,No Internet,256.35,2103.53,15.14,38,65,1,0,UPI,Smartphone,Prepaid,No,No
CUST03881,64,Male,Lucknow,21,Two Year,No Internet,292.32,6028.41,14.46,150,76,0,0,UPI,Smartphone,Prepaid,Yes,No
CUST03882,48,Female,Mumbai,1,Month-to-Month,Fiber Optic,921.89,921.89,29.17,380,0,1,0,Debit Card,Smartphone,Postpaid,Yes,Yes
CUST03883,44,Female,Bangalore,59,Two Year,Fiber Optic,761.97,45881.17,41.79,145,30,3,1,Cash,Smartphone,Prepaid,Yes,No
CUST03884,28,Male,Pune,30,One Year,Fiber Optic,918.15,27166.13,56.87,238,77,4,2,Credit Card,Router Only,Prepaid,No,Yes
CUST03885,66,Female,Ahmedabad,32,Two Year,DSL,706.0,21261.33,23.06,485,31,3,2,Debit Card,Smartphone,Postpaid,Yes,No
CUST03886,66,Male,Bangalore,14,Two Year,No Internet,381.9,5165.04,18.13,300,20,0,0,Credit Card,Smartphone,Postpaid,No,No
CUST03887,55,Other,Jaipur,24,Month-to-Month,DSL,613.12,15298.6,14.86,500,16,2,1,Debit Card,Smartphone,Postpaid,Yes,No
CUST03888,22,Male,Delhi,3,Month-to-Month,Fiber Optic,1051.61,3208.25,71.83,362,49,3,1,Cash,Smartphone,Postpaid,Yes,Yes
CUST03889,25,Female,Pune,23,One Year,Fiber Optic,986.25,22224.87,53.81,323,45,2,1,Credit Card,Tablet,Postpaid,No,Yes
CUST03890,51,Male,Bangalore,3,Month-to-Month,DSL,508.64,1556.68,19.61,409,44,1,0,Credit Card,Smartphone,Prepaid,No,No
CUST03891,65,Male,Delhi,39,Two Year,Fiber Optic,865.44,30531.89,42.79,489,0,2,1,UPI,Smartphone,Postpaid,Yes,No
CUST03892,69,Male,Bangalore,69,Month-to-Month,Fiber Optic,1078.95,77020.3,37.81,510,30,2,1,UPI,Router Only,Postpaid,Yes,Yes
CUST03893,29,Female,Jaipur,72,Two Year,Fiber Optic,726.98,53012.4,63.1,141,63,1,0,Credit Card,Smartphone,Prepaid,No,No
CUST03894,55,Female,Lucknow,13,Month-to-Month,Fiber Optic,1001.17,13268.72,48.5,452,13,2,1,Credit Card,Smartphone,Postpaid,No,Yes
CUST03895,18,Female,Bangalore,22,Month-to-Month,Fiber Optic,890.81,,,81,71,1,0,,Smartphone,Prepaid,Yes,Yes
CUST03896,48,Female,Jaipur,50,Two Year,No Internet,574.58,28850.79,6.78,447,11,2,1,Net Banking,Router Only,Postpaid,No,No
CUST03897,21,Female,Hyderabad,14,Month-to-Month,Fiber Optic,1028.77,14349.27,77.51,348,26,2,1,UPI,Smartphone,Postpaid,Yes,Yes
CUST03898,66,Male,Pune,18,Month-to-Month,No Internet,203.11,3736.3,14.88,366,18,2,1,Cash,Smartphone,Prepaid,Yes,Yes
CUST03899,62,Male,Delhi,8,Month-to-Month,DSL,703.76,5662.11,35.55,424,31,1,0,Credit Card,Smartphone,Postpaid,No,Yes
CUST03900,67,Female,Hyderabad,17,Two Year,DSL,626.42,10387.35,12.88,465,8,0,0,UPI,Tablet,Postpaid,Yes,No
CUST03901,22,Female,Delhi,27,One Year,Fiber Optic,1016.82,25059.03,44.82,302,61,1,1,Net Banking,Tablet,Postpaid,Yes,Yes
CUST03902,47,Female,Mumbai,57,Two Year,Fiber Optic,813.92,48671.75,48.81,178,74,2,1,Credit Card,Smartphone,Prepaid,Yes,No
CUST03903,41,Male,Chennai,0,Month-to-Month,Fiber Optic,1034.3,1034.3,59.23,463,5,6,3,UPI,Router Only,Postpaid,No,Yes
CUST03904,20,Male,Kolkata,12,Month-to-Month,DSL,631.22,7681.17,33.29,262,38,1,0,UPI,Smartphone,Postpaid,No,Yes
CUST03905,28,Female,Chennai,11,Month-to-Month,DSL,526.74,5745.88,31.48,265,99,2,1,UPI,Smartphone,Prepaid,Yes,No
CUST03906,62,Female,Jaipur,2,Month-to-Month,No Internet,366.37,766.93,8.27,455,12,1,0,UPI,Smartphone,Postpaid,Yes,No
CUST03907,21,Male,Kolkata,37,Month-to-Month,Fiber Optic,853.85,33000.7,63.1,393,52,0,0,UPI,Smartphone,Postpaid,Yes,No
CUST03908,43,Female,Delhi,7,One Year,DSL,564.26,3812.28,12.54,93,43,0,0,Net Banking,Smartphone,Prepaid,Yes,No
CUST03909,44,Female,Bangalore,1,Month-to-Month,DSL,579.0,595.11,6.44,249,91,3,1,Cash,Router Only,Prepaid,No,Yes
CUST03910,63,Male,Pune,0,Month-to-Month,Fiber Optic,885.86,885.86,22.23,432,22,3,1,UPI,Smartphone,Prepaid,No,Yes
CUST03911,60,Female,Jaipur,27,Month-to-Month,Fiber Optic,960.74,24168.65,33.69,188,28,0,0,Debit Card,Router Only,Prepaid,Yes,Yes
CUST03912,44,Female,Lucknow,25,Month-to-Month,No Internet,269.12,6633.8,3.46,184,55,1,0,Net Banking,Smartphone,Prepaid,Yes,Yes
CUST03913,59,Female,Kolkata,7,Month-to-Month,Fiber Optic,991.19,6465.14,32.67,250,41,5,2,Credit Card,Router Only,Prepaid,No,Yes
CUST03914,68,Female,Chennai,51,Month-to-Month,No Internet,221.69,10377.24,0.5,327,18,0,0,Credit Card,Smartphone,Prepaid,No,No
CUST03915,67,Female,Kolkata,51,Month-to-Month,Fiber Optic,1000.82,47491.03,33.37,413,31,1,1,UPI,Smartphone,Postpaid,Yes,Yes
CUST03916,23,Male,Mumbai,37,Two Year,Fiber Optic,957.34,33645.46,62.28,367,65,1,0,UPI,Smartphone,Postpaid,Yes,No
CUST03917,32,Male,Mumbai,0,Month-to-Month,DSL,538.73,538.73,35.4,444,17,3,1,Net Banking,Smartphone,Postpaid,Yes,Yes
CUST03918,47,Male,Pune,23,Two Year,Fiber Optic,1024.61,21520.23,45.78,501,10,4,2,Cash,Router Only,Postpaid,No,No
CUST03919,59,Male,Ahmedabad,6,Month-to-Month,No Internet,350.0,1916.91,1.46,398,2,0,0,Net Banking,Smartphone,Postpaid,Yes,Yes
CUST03920,54,Male,Lucknow,36,One Year,No Internet,212.45,6933.68,2.34,252,25,4,2,Cash,Smartphone,Prepaid,No,Yes
CUST03921,54,Male,Bangalore,16,Month-to-Month,DSL,445.33,6668.52,8.56,388,62,3,1,UPI,Smartphone,Prepaid,No,No
CUST03922,59,Male,Kolkata,25,One Year,No Internet,281.83,6459.29,4.77,252,7,1,0,Debit Card,Tablet,Postpaid,Yes,No
CUST03923,54,Male,Ahmedabad,9,Month-to-Month,Fiber Optic,973.51,7943.44,44.35,390,17,3,1,UPI,Smartphone,Postpaid,Yes,No
CUST03924,52,Female,Chennai,1,Month-to-Month,Fiber Optic,911.11,911.11,40.15,445,9,4,1,UPI,Smartphone,Postpaid,No,Yes
CUST03925,40,Male,Bangalore,43,Two Year,No Internet,491.05,21552.07,0.5,261,44,3,1,UPI,Router Only,Postpaid,Yes,No
CUST03926,23,Female,Chennai,24,One Year,Fiber Optic,938.5,20608.04,71.74,131,0,4,1,UPI,Router Only,Prepaid,No,No
CUST03927,21,Female,Chennai,4,Month-to-Month,Fiber Optic,790.74,2896.89,71.44,196,137,1,0,Net Banking,Tablet,Prepaid,No,Yes
CUST03928,35,Male,Chennai,10,Month-to-Month,Fiber Optic,994.02,10156.04,61.09,341,36,2,1,Credit Card,Smartphone,Postpaid,Yes,No
CUST03929,26,Female,Chennai,9,Month-to-Month,Fiber Optic,827.99,7072.85,63.47,278,65,4,2,Credit Card,Smartphone,Prepaid,Yes,Yes
CUST03930,66,Female,Ahmedabad,24,One Year,DSL,476.41,11148.38,22.51,273,0,1,0,UPI,Feature Phone,Prepaid,No,No
CUST03931,46,Male,Delhi,23,One Year,Fiber Optic,964.81,22570.94,44.28,352,68,2,1,Cash,Tablet,Postpaid,Yes,No
CUST03932,30,Male,Bangalore,8,Month-to-Month,Fiber Optic,944.78,7265.9,61.59,176,33,0,0,Credit Card,Router Only,Prepaid,No,No
CUST03933,64,Male,Chennai,8,Month-to-Month,Fiber Optic,785.71,5675.78,32.91,306,82,2,1,Cash,Smartphone,Prepaid,No,Yes
CUST03934,69,Male,Mumbai,3,Month-to-Month,DSL,536.13,1547.95,17.76,145,20,1,0,Cash,Smartphone,Prepaid,No,Yes
CUST03935,34,Male,Lucknow,2,Month-to-Month,No Internet,449.91,929.49,2.78,398,52,3,1,Debit Card,Feature Phone,Postpaid,Yes,Yes
CUST03936,62,Female,Mumbai,0,Month-to-Month,DSL,573.0,573.0,23.15,158,12,1,0,Net Banking,Router Only,Prepaid,No,No
CUST03937,49,Female,Hyderabad,18,One Year,Fiber Optic,839.97,15141.09,38.98,236,84,4,2,Credit Card,Smartphone,Prepaid,No,Yes
CUST03938,65,Female,Ahmedabad,34,One Year,Fiber Optic,924.48,30633.59,43.79,286,0,3,1,UPI,Smartphone,Postpaid,Yes,No
CUST03939,39,Male,Delhi,1,Month-to-Month,Fiber Optic,845.84,845.84,40.78,295,37,3,1,Debit Card,Smartphone,Prepaid,No,Yes
CUST03940,21,Male,Ahmedabad,10,Two Year,Fiber Optic,886.13,9078.47,48.77,175,22,2,1,Cash,Tablet,Postpaid,No,No
CUST03941,22,Male,Chennai,49,Month-to-Month,DSL,663.91,33113.19,22.44,412,61,1,0,UPI,Smartphone,Postpaid,Yes,Yes
CUST03942,54,Male,Delhi,28,One Year,Fiber Optic,911.9,26752.25,36.03,295,29,0,0,Debit Card,Router Only,Prepaid,No,No
CUST03943,58,Male,Jaipur,24,Two Year,Fiber Optic,834.11,18521.82,43.22,292,58,3,1,UPI,Smartphone,Prepaid,Yes,No
CUST03944,66,Female,Delhi,14,Month-to-Month,DSL,502.4,6597.94,10.99,413,13,0,0,Debit Card,Smartphone,Prepaid,No,No
CUST03945,30,Male,Hyderabad,22,Month-to-Month,DSL,487.22,10847.44,18.36,71,80,0,0,UPI,Smartphone,Prepaid,Yes,Yes
CUST03946,51,Female,Delhi,12,Month-to-Month,DSL,529.92,6523.62,12.94,211,58,0,0,Cash,Router Only,Prepaid,Yes,No
CUST03947,62,Male,Delhi,36,Two Year,DSL,484.29,17840.67,23.49,362,35,1,0,Credit Card,Smartphone,Prepaid,Yes,No
CUST03948,39,Female,Jaipur,20,Month-to-Month,Fiber Optic,911.6,17657.45,47.98,574,60,4,2,UPI,Smartphone,Postpaid,No,Yes
CUST03949,40,Female,Kolkata,24,One Year,Fiber Optic,856.13,18825.25,48.29,262,67,3,2,Credit Card,Smartphone,Prepaid,No,Yes
CUST03950,68,Female,Mumbai,24,Month-to-Month,DSL,534.13,12242.62,25.23,237,17,2,1,Net Banking,Smartphone,Prepaid,No,No
CUST03951,20,Male,Chennai,1,Month-to-Month,Fiber Optic,835.11,835.11,63.71,307,81,3,1,Credit Card,Smartphone,Postpaid,Yes,Yes
CUST03952,59,Female,Kolkata,4,Month-to-Month,Fiber Optic,908.41,3548.68,43.78,397,65,3,1,Credit Card,Smartphone,Prepaid,No,Yes
CUST03953,51,Female,Jaipur,13,Month-to-Month,DSL,690.31,8298.02,18.65,505,37,1,0,Net Banking,Smartphone,Postpaid,No,Yes
CUST03954,49,Female,Hyderabad,11,Two Year,DSL,633.01,6934.31,13.8,204,16,1,0,Debit Card,Smartphone,Postpaid,Yes,No
CUST03955,62,Female,Jaipur,59,Two Year,Fiber Optic,835.66,51513.09,41.63,296,31,4,2,UPI,Smartphone,Prepaid,Yes,No
CUST03956,68,Female,Hyderabad,2,Month-to-Month,Fiber Optic,888.79,1795.9,40.7,526,0,2,1,Net Banking,Tablet,Postpaid,No,Yes
CUST03957,66,Male,Pune,26,Month-to-Month,DSL,447.66,12193.5,20.62,292,0,4,2,Debit Card,Smartphone,Prepaid,Yes,Yes
CUST03958,38,Female,Lucknow,13,Month-to-Month,Fiber Optic,863.38,11299.62,68.35,287,52,2,1,Debit Card,Smartphone,Postpaid,No,Yes
CUST03959,63,Female,Mumbai,22,One Year,Fiber Optic,944.86,21020.44,42.79,618,0,3,1,Credit Card,Feature Phone,Postpaid,Yes,No
CUST03960,61,Male,Delhi,3,Month-to-Month,DSL,709.09,2084.25,8.4,411,4,3,1,UPI,Smartphone,Postpaid,Yes,Yes
CUST03961,38,Male,Bangalore,5,One Year,Fiber Optic,978.72,5100.13,53.19,489,51,1,0,Debit Card,Smartphone,Postpaid,Yes,Yes
CUST03962,61,Male,Delhi,2,Month-to-Month,Fiber Optic,806.09,1537.92,41.63,225,0,1,0,UPI,Smartphone,Prepaid,Yes,No
CUST03963,28,Female,Mumbai,17,One Year,DSL,508.51,8771.08,31.93,175,65,2,1,Debit Card,Tablet,Prepaid,Yes,No
CUST03964,56,Male,Kolkata,37,Two Year,No Internet,514.37,17133.08,0.5,421,28,1,0,Debit Card,Smartphone,Postpaid,Yes,No
CUST03965,21,Male,Hyderabad,26,Month-to-Month,No Internet,323.61,8593.68,0.5,237,60,2,1,Debit Card,Smartphone,Prepaid,Yes,No
CUST03966,68,Male,Bangalore,15,Two Year,No Internet,199.91,2831.14,0.5,270,6,3,1,Debit Card,Feature Phone,Prepaid,Yes,No
CUST03967,18,Female,Bangalore,16,One Year,Fiber Optic,872.26,12736.32,69.15,317,22,0,0,Credit Card,Smartphone,Postpaid,Yes,Yes
CUST03968,45,Male,Mumbai,9,One Year,DSL,500.1,4539.34,17.61,48,68,2,1,Debit Card,Smartphone,Prepaid,Yes,No
CUST03969,41,Female,Bangalore,22,Month-to-Month,No Internet,229.7,4943.9,0.5,183,37,0,0,Net Banking,Smartphone,Prepaid,Yes,No
CUST03970,52,Male,Chennai,15,Month-to-Month,DSL,709.0,10028.41,15.07,174,0,2,1,Credit Card,Tablet,Postpaid,Yes,No
CUST03971,30,Female,Delhi,40,Two Year,Fiber Optic,908.1,36800.44,50.97,321,34,1,0,Cash,Smartphone,Postpaid,Yes,No
CUST03972,64,Female,Lucknow,27,One Year,DSL,721.38,18773.49,20.12,417,0,1,0,UPI,Feature Phone,Postpaid,Yes,No
CUST03973,51,Male,Bangalore,33,One Year,No Internet,270.06,8889.91,2.21,299,67,2,1,Credit Card,Tablet,Prepaid,Yes,No
CUST03974,28,Male,Lucknow,23,One Year,No Internet,351.67,8490.38,8.68,344,75,1,0,Cash,Smartphone,Postpaid,Yes,Yes
CUST03975,53,Female,Delhi,12,Month-to-Month,Fiber Optic,728.57,7873.79,33.13,424,0,0,0,UPI,Smartphone,Prepaid,No,No
CUST03976,68,Male,Kolkata,19,Two Year,No Internet,408.21,7966.9,3.51,577,0,2,1,UPI,Feature Phone,Postpaid,Yes,No
CUST03977,34,Male,Chennai,13,Month-to-Month,DSL,717.33,9174.3,28.1,488,68,2,1,Credit Card,Router Only,Postpaid,No,Yes
CUST03978,52,Female,Ahmedabad,42,Two Year,Fiber Optic,1001.85,40219.33,42.13,536,0,4,2,Debit Card,Smartphone,Postpaid,Yes,No
CUST03979,35,Other,Chennai,15,Month-to-Month,No Internet,238.86,3735.88,4.27,206,55,1,0,UPI,Tablet,Prepaid,No,No
CUST03980,57,Female,Lucknow,29,Month-to-Month,No Internet,149.0,4497.52,0.5,206,79,3,1,Credit Card,Smartphone,Prepaid,Yes,No
CUST03981,39,Male,Chennai,7,Month-to-Month,DSL,649.8,4135.05,28.73,421,12,1,1,UPI,Smartphone,Postpaid,Yes,No
CUST03982,41,Male,Kolkata,42,Two Year,No Internet,150.14,6333.74,8.72,90,67,1,0,UPI,Smartphone,Prepaid,No,No
CUST03983,36,Male,Ahmedabad,18,Two Year,DSL,598.16,10664.08,26.68,540,27,0,0,Credit Card,Smartphone,Postpaid,Yes,No
CUST03984,54,Female,Pune,26,Two Year,Fiber Optic,717.94,18697.51,34.49,71,67,6,3,Net Banking,Smartphone,Prepaid,Yes,No
CUST03985,56,Female,Hyderabad,3,Month-to-Month,No Internet,387.54,1211.76,12.68,448,31,2,1,Credit Card,Smartphone,Postpaid,No,Yes
CUST03986,38,Female,Mumbai,8,Month-to-Month,No Internet,300.58,2521.42,7.44,378,12,0,0,Debit Card,Smartphone,Postpaid,No,No
CUST03987,25,Male,Ahmedabad,29,One Year,Fiber Optic,873.63,23733.7,66.54,393,3,1,1,Cash,Smartphone,Postpaid,Yes,Yes
CUST03988,45,Female,Hyderabad,1,Month-to-Month,Fiber Optic,1026.53,1026.53,46.38,449,10,2,1,Credit Card,Smartphone,Postpaid,No,Yes
CUST03989,22,Male,Chennai,21,One Year,Fiber Optic,805.47,17087.77,62.11,206,42,3,2,Net Banking,Tablet,Prepaid,No,No
CUST03990,34,Male,Delhi,43,One Year,No Internet,226.64,9797.59,9.48,258,62,2,1,UPI,Smartphone,Prepaid,No,No
CUST03991,54,Female,Hyderabad,7,Month-to-Month,DSL,556.54,3591.38,15.07,312,3,3,1,UPI,Router Only,Prepaid,No,No
CUST03992,53,Male,Pune,4,One Year,No Internet,190.5,794.19,7.6,106,12,3,1,UPI,Smartphone,Prepaid,Yes,No
CUST03993,36,Female,Chennai,36,Two Year,DSL,759.82,27924.95,16.27,422,0,0,0,Credit Card,Tablet,Postpaid,No,No
CUST03994,44,Female,Bangalore,36,Two Year,DSL,624.56,21353.55,28.5,327,0,1,0,UPI,Smartphone,Postpaid,Yes,No
CUST03995,51,Female,Mumbai,45,One Year,No Internet,149.0,6618.29,3.86,205,30,3,1,Cash,Smartphone,Prepaid,Yes,Yes
CUST03996,28,Female,Mumbai,27,One Year,Fiber Optic,740.58,20167.25,62.91,285,66,3,1,Credit Card,Smartphone,Prepaid,Yes,No
CUST03997,62,Female,Pune,69,Month-to-Month,DSL,713.75,50842.81,28.88,351,3,1,0,Debit Card,Smartphone,Postpaid,No,No
CUST03998,64,Female,Mumbai,3,Month-to-Month,DSL,731.09,2299.41,16.84,534,0,1,0,UPI,Feature Phone,Postpaid,Yes,No
CUST03999,29,Male,Chennai,2,Month-to-Month,DSL,538.79,1084.08,29.6,177,66,4,2,Debit Card,Smartphone,Postpaid,No,Yes
CUST04000,38,Male,Chennai,34,Month-to-Month,DSL,597.07,20052.61,23.13,308,8,1,1,Net Banking,Smartphone,Postpaid,No,Yes
CUST04001,28,Female,Lucknow,7,Month-to-Month,No Internet,167.95,1226.81,12.79,159,66,5,2,UPI,Smartphone,Prepaid,Yes,No
CUST04002,56,Female,Delhi,22,Month-to-Month,Fiber Optic,696.75,14981.91,29.44,319,85,3,1,Credit Card,Smartphone,Prepaid,No,No
CUST04003,45,Female,Delhi,42,Two Year,Fiber Optic,832.08,32647.65,43.27,255,85,1,1,UPI,Smartphone,Prepaid,Yes,No
CUST04004,22,Male,Hyderabad,17,One Year,No Internet,411.0,6387.28,9.91,379,15,1,0,Debit Card,Tablet,Postpaid,No,No
CUST04005,34,Male,Hyderabad,0,Month-to-Month,Fiber Optic,933.49,933.49,65.37,608,26,0,0,Debit Card,Feature Phone,Postpaid,No,Yes
CUST04006,37,Male,Delhi,64,Month-to-Month,Fiber Optic,1023.55,64773.56,56.66,367,103,3,2,Net Banking,Router Only,Postpaid,No,No
CUST04007,58,Female,Ahmedabad,0,Month-to-Month,Fiber Optic,929.75,929.75,32.61,312,8,2,1,Credit Card,Router Only,Prepaid,No,Yes
CUST04008,63,Female,Hyderabad,2,Month-to-Month,Fiber Optic,975.79,1982.99,34.21,549,0,1,0,UPI,Smartphone,Postpaid,No,Yes
CUST04009,29,Female,Bangalore,11,Month-to-Month,DSL,511.74,5321.8,28.09,217,46,1,0,UPI,Smartphone,Prepaid,Yes,Yes
CUST04010,23,Male,Mumbai,27,Two Year,DSL,516.57,13327.76,35.32,47,4,1,0,UPI,Tablet,Prepaid,Yes,No
CUST04011,34,Male,Ahmedabad,25,One Year,DSL,638.29,16268.69,19.99,93,71,1,1,Credit Card,Smartphone,Prepaid,No,No
CUST04012,68,Female,Mumbai,26,One Year,DSL,515.2,12348.44,15.22,368,31,1,0,Net Banking,Router Only,Prepaid,Yes,No
CUST04013,36,Female,Delhi,4,Month-to-Month,Fiber Optic,882.7,3633.64,51.58,415,60,2,1,Cash,Smartphone,Postpaid,No,Yes
CUST04014,43,Male,Mumbai,29,Month-to-Month,Fiber Optic,847.57,23163.18,57.04,254,33,0,0,UPI,Smartphone,Prepaid,Yes,No
CUST04015,65,Female,Chennai,1,Month-to-Month,No Internet,306.16,306.16,9.5,376,28,1,0,Debit Card,Smartphone,Prepaid,Yes,No
CUST04016,61,Male,Kolkata,9,One Year,Fiber Optic,1124.04,9449.25,31.72,404,33,4,1,Net Banking,Smartphone,Postpaid,Yes,No
CUST04017,61,Female,Bangalore,13,One Year,Fiber Optic,753.9,9033.61,39.61,133,56,1,0,Cash,Smartphone,Prepaid,No,No
CUST04018,69,Female,Delhi,14,Month-to-Month,DSL,544.27,7721.37,23.57,376,22,2,1,Net Banking,Smartphone,Prepaid,Yes,Yes
CUST04019,49,Female,Mumbai,39,Two Year,Fiber Optic,787.37,31293.21,27.59,194,44,1,0,Debit Card,Smartphone,Prepaid,No,No
CUST04020,23,Female,Chennai,20,Month-to-Month,Fiber Optic,842.21,15981.21,59.65,310,41,3,1,Debit Card,Smartphone,Prepaid,No,No
CUST04021,53,Male,Mumbai,10,Month-to-Month,Fiber Optic,672.75,6964.62,60.37,390,76,1,0,Credit Card,Smartphone,Prepaid,Yes,No
CUST04022,55,Female,Ahmedabad,45,One Year,No Internet,244.48,11021.52,8.19,267,69,0,0,Debit Card,Smartphone,Prepaid,No,No
CUST04023,28,Female,Delhi,19,Month-to-Month,DSL,640.49,11908.18,42.11,447,60,2,1,Debit Card,Tablet,Postpaid,Yes,No
CUST04024,50,Female,Delhi,19,One Year,Fiber Optic,889.28,17357.44,43.91,401,1,2,1,Cash,Tablet,Postpaid,No,No
CUST04025,41,Female,Delhi,7,Month-to-Month,DSL,767.94,5545.77,25.15,304,28,2,1,UPI,Router Only,Postpaid,No,No
CUST04026,40,Male,Ahmedabad,3,Month-to-Month,No Internet,189.22,561.94,0.5,237,59,0,0,Credit Card,Smartphone,Prepaid,Yes,Yes
CUST04027,32,Female,Pune,3,Month-to-Month,DSL,652.08,1932.06,42.62,358,27,1,0,UPI,Smartphone,Postpaid,No,Yes
CUST04028,44,Female,Lucknow,20,Month-to-Month,Fiber Optic,1024.77,20550.8,50.16,432,20,2,1,Credit Card,Router Only,Postpaid,No,Yes
CUST04029,28,Male,Bangalore,2,Month-to-Month,Fiber Optic,766.93,1511.43,64.98,159,48,1,0,UPI,Smartphone,Prepaid,No,Yes
CUST04030,68,Female,Mumbai,16,One Year,Fiber Optic,963.28,15210.19,48.82,414,0,3,1,Debit Card,Smartphone,Postpaid,Yes,Yes
CUST04031,67,Male,Chennai,1,Month-to-Month,DSL,673.83,673.83,14.29,346,0,1,0,Credit Card,Smartphone,Postpaid,No,Yes
CUST04032,34,Male,Hyderabad,4,Month-to-Month,DSL,717.17,2720.39,25.67,448,58,1,0,Debit Card,Router Only,Postpaid,No,Yes
CUST04033,68,Male,Chennai,17,One Year,Fiber Optic,898.27,,43.84,311,0,2,1,UPI,Smartphone,Postpaid,No,No
CUST04034,31,Female,Bangalore,31,Two Year,DSL,489.16,14462.35,24.06,133,59,0,0,Debit Card,Smartphone,Prepaid,No,No
CUST04035,44,Female,Delhi,18,One Year,DSL,673.91,12095.82,12.31,264,27,5,2,UPI,Tablet,Postpaid,Yes,No
CUST04036,35,Female,Delhi,58,Two Year,No Internet,437.11,25579.8,8.62,442,47,0,0,Net Banking,Smartphone,Postpaid,Yes,No
CUST04037,45,Female,Pune,31,One Year,DSL,717.34,21871.4,26.5,449,64,3,1,UPI,Router Only,Postpaid,No,No
CUST04038,68,Male,Hyderabad,1,Month-to-Month,DSL,584.14,584.14,12.62,539,12,0,0,UPI,Smartphone,Postpaid,No,No
CUST04039,64,Male,Ahmedabad,0,One Year,No Internet,377.04,377.04,3.32,548,11,3,1,Cash,Feature Phone,Postpaid,Yes,No
CUST04040,64,Male,Mumbai,60,Month-to-Month,Fiber Optic,952.12,58416.66,36.82,317,21,3,1,Credit Card,Feature Phone,Postpaid,No,Yes
CUST04041,21,Female,Kolkata,26,Month-to-Month,Fiber Optic,821.07,19469.92,64.03,262,13,2,1,Debit Card,Smartphone,Postpaid,No,Yes
CUST04042,24,Female,Bangalore,4,Month-to-Month,DSL,640.84,2560.2,32.71,330,63,1,0,Cash,Smartphone,Postpaid,Yes,Yes
CUST04043,62,Male,Delhi,0,Month-to-Month,Fiber Optic,731.09,731.09,48.9,193,47,3,1,Net Banking,Smartphone,Prepaid,Yes,Yes
CUST04044,52,Female,Lucknow,35,One Year,Fiber Optic,928.59,32408.19,38.68,395,32,2,1,Credit Card,Feature Phone,Postpaid,No,No
CUST04045,65,Female,Hyderabad,39,One Year,No Internet,225.61,8287.01,20.4,367,20,3,1,Cash,Smartphone,Prepaid,No,No
CUST04046,26,Male,Chennai,5,Month-to-Month,DSL,609.53,3150.08,30.91,326,26,1,0,Credit Card,Feature Phone,Postpaid,Yes,Yes
CUST04047,25,Female,Pune,42,Two Year,No Internet,222.02,8946.02,0.5,223,73,0,0,Net Banking,Tablet,Prepaid,Yes,No
CUST04048,69,Female,Bangalore,1,One Year,No Internet,468.74,468.74,18.91,504,0,4,1,Debit Card,Smartphone,Postpaid,Yes,No
CUST04049,62,Female,Kolkata,29,Month-to-Month,Fiber Optic,780.28,23262.46,29.08,359,49,2,1,Credit Card,Feature Phone,Prepaid,No,Yes
CUST04050,34,Male,Ahmedabad,38,Two Year,DSL,681.34,27042.32,11.16,263,60,0,0,UPI,Smartphone,Prepaid,Yes,No
CUST04051,34,Female,Bangalore,8,Month-to-Month,No Internet,464.76,3362.3,10.41,414,33,2,1,Net Banking,Router Only,Postpaid,Yes,No
CUST04052,66,Female,Pune,12,One Year,DSL,576.53,6735.77,37.76,544,0,1,0,Net Banking,Smartphone,Postpaid,No,No
CUST04053,50,Male,Kolkata,8,Month-to-Month,DSL,709.79,5592.62,16.37,526,0,0,0,Cash,Smartphone,Postpaid,Yes,No
CUST04054,49,Female,Mumbai,22,One Year,DSL,688.24,15730.94,21.31,400,26,0,0,UPI,Router Only,Postpaid,Yes,No
CUST04055,25,Male,Bangalore,50,Two Year,Fiber Optic,1018.43,50368.42,56.88,305,39,5,3,UPI,Router Only,Postpaid,Yes,No
CUST04056,36,Female,Delhi,16,Month-to-Month,Fiber Optic,815.44,12872.4,52.53,490,36,6,2,Credit Card,Feature Phone,Postpaid,Yes,Yes
CUST04057,55,Female,Chennai,34,Month-to-Month,Fiber Optic,934.98,32136.9,29.44,381,32,2,1,Credit Card,Smartphone,Postpaid,Yes,Yes
CUST04058,20,Female,Kolkata,5,Month-to-Month,DSL,626.66,3191.75,39.77,219,37,1,0,UPI,Feature Phone,Prepaid,No,Yes
CUST04059,22,Male,Chennai,6,Month-to-Month,DSL,528.66,3077.73,42.43,55,53,1,0,Net Banking,Smartphone,Prepaid,Yes,No
CUST04060,30,Male,Delhi,28,One Year,No Internet,239.1,6187.08,0.5,131,51,0,0,Net Banking,Smartphone,Prepaid,No,No
CUST04061,64,Male,Hyderabad,4,Month-to-Month,Fiber Optic,911.05,3747.53,46.25,564,48,0,0,Debit Card,Tablet,Postpaid,Yes,Yes
CUST04062,63,Male,Ahmedabad,3,Month-to-Month,Fiber Optic,813.09,2255.71,29.16,352,48,1,0,UPI,Router Only,Prepaid,Yes,No
CUST04063,48,Male,Mumbai,10,One Year,DSL,771.84,8081.15,23.55,520,0,3,1,Net Banking,Smartphone,Postpaid,No,No
CUST04064,33,Female,Ahmedabad,60,Month-to-Month,No Internet,149.0,8532.54,11.3,126,44,1,0,Debit Card,Feature Phone,Prepaid,No,Yes
CUST04065,67,Male,Kolkata,50,Two Year,DSL,699.21,36454.15,16.2,489,15,0,0,UPI,Smartphone,Postpaid,No,No
CUST04066,49,Female,Delhi,48,Month-to-Month,DSL,645.33,31138.72,10.69,466,9,0,0,UPI,Smartphone,Postpaid,No,No
CUST04067,39,Male,Mumbai,49,Month-to-Month,DSL,666.65,33638.6,17.31,260,20,3,1,Cash,Smartphone,Postpaid,Yes,No
CUST04068,46,Female,Hyderabad,5,Month-to-Month,DSL,598.45,3116.09,29.05,155,59,3,1,Credit Card,Smartphone,Prepaid,Yes,Yes
CUST04069,39,Female,Pune,46,Two Year,Fiber Optic,828.91,38145.85,59.28,185,9,0,0,Debit Card,Router Only,Prepaid,No,No
CUST04070,60,Female,Jaipur,10,Month-to-Month,Fiber Optic,828.55,8426.76,23.41,223,20,0,0,Debit Card,Tablet,Prepaid,Yes,No
CUST04071,20,Other,Chennai,35,Month-to-Month,Fiber Optic,716.7,23340.3,78.47,258,62,1,0,Net Banking,Feature Phone,Prepaid,Yes,No
CUST04072,27,Male,Bangalore,0,Month-to-Month,Fiber Optic,1183.48,1183.48,55.33,251,25,2,1,Debit Card,Router Only,Postpaid,No,Yes
CUST04073,59,Male,Mumbai,37,One Year,Fiber Optic,940.2,33398.84,31.85,452,0,0,0,UPI,Smartphone,Postpaid,Yes,No
CUST04074,38,Male,Kolkata,0,Month-to-Month,DSL,518.56,518.56,28.73,373,83,2,1,Net Banking,Router Only,Prepaid,No,No
CUST04075,33,Male,Mumbai,0,One Year,Fiber Optic,933.16,933.16,38.65,298,22,3,1,UPI,Smartphone,Postpaid,Yes,No
CUST04076,29,Female,Pune,11,Month-to-Month,Fiber Optic,971.25,10810.6,61.69,453,86,0,0,Debit Card,Smartphone,Postpaid,No,Yes
CUST04077,19,Male,Mumbai,1,Month-to-Month,DSL,753.62,753.62,31.67,260,58,1,0,Credit Card,Smartphone,Postpaid,Yes,Yes
CUST04078,58,Female,Delhi,4,Month-to-Month,Fiber Optic,778.61,3142.34,40.91,270,0,3,2,Credit Card,Smartphone,Prepaid,Yes,Yes
CUST04079,41,Male,Mumbai,22,Month-to-Month,Fiber Optic,905.6,20397.19,47.78,177,42,2,1,Cash,Tablet,Postpaid,Yes,Yes
CUST04080,52,Other,Mumbai,61,Two Year,No Internet,461.77,25415.26,11.11,483,0,3,2,UPI,Smartphone,Postpaid,No,No
CUST04081,47,Female,Chennai,37,Month-to-Month,Fiber Optic,949.82,36056.86,36.62,513,45,2,1,Net Banking,Smartphone,Postpaid,Yes,No
CUST04082,47,Male,Delhi,22,One Year,Fiber Optic,795.85,16327.33,48.19,313,38,1,1,UPI,Smartphone,Prepaid,No,No
CUST04083,64,Male,Jaipur,2,Month-to-Month,Fiber Optic,963.39,1739.0,33.89,469,26,3,1,Debit Card,Tablet,Postpaid,Yes,Yes
CUST04084,52,Female,Hyderabad,45,Two Year,No Internet,278.24,12773.95,0.5,392,11,2,1,Debit Card,Smartphone,Postpaid,Yes,No
CUST04085,36,Other,Hyderabad,41,Month-to-Month,DSL,639.42,26696.73,20.72,386,0,1,0,Credit Card,Smartphone,Postpaid,Yes,No
CUST04086,67,Male,Bangalore,16,Two Year,Fiber Optic,760.71,10979.63,37.03,398,0,2,1,Net Banking,Smartphone,Prepaid,Yes,No
CUST04087,25,Male,Chennai,21,Month-to-Month,DSL,456.97,8739.82,30.36,0,77,2,1,UPI,Smartphone,Prepaid,Yes,No
CUST04088,43,Female,Delhi,36,One Year,Fiber Optic,962.23,35964.28,42.11,312,0,3,2,UPI,Feature Phone,Postpaid,Yes,No
CUST04089,66,Female,Lucknow,7,Month-to-Month,DSL,493.36,3577.1,10.97,512,9,1,0,Net Banking,Smartphone,Postpaid,Yes,Yes
CUST04090,57,Male,Hyderabad,7,Month-to-Month,DSL,432.66,,17.97,243,26,0,0,UPI,Tablet,Prepaid,Yes,No
CUST04091,24,Female,Delhi,60,Month-to-Month,Fiber Optic,798.4,49251.02,75.98,175,111,3,1,Cash,Smartphone,Prepaid,Yes,No
CUST04092,47,Female,Chennai,53,Two Year,DSL,526.49,26361.39,20.06,340,60,1,1,Credit Card,Smartphone,Prepaid,Yes,No
CUST04093,24,Female,Bangalore,27,Month-to-Month,DSL,740.14,18449.3,21.38,359,0,5,2,Cash,Router Only,Postpaid,No,Yes
CUST04094,20,Female,Delhi,29,One Year,No Internet,267.46,8116.3,26.19,143,80,1,0,Net Banking,Router Only,Prepaid,Yes,No
CUST04095,18,Female,Jaipur,11,Month-to-Month,No Internet,373.5,4053.87,0.5,384,25,2,1,Debit Card,Smartphone,Postpaid,No,Yes
CUST04096,53,Male,Delhi,51,Two Year,DSL,656.15,31604.5,32.9,309,58,1,0,UPI,Router Only,Prepaid,Yes,No
CUST04097,42,Female,Chennai,14,One Year,No Internet,313.39,4289.19,4.41,187,94,1,0,Net Banking,Feature Phone,Prepaid,Yes,No
CUST04098,54,Male,Lucknow,0,Month-to-Month,DSL,615.88,615.88,15.82,464,21,3,1,UPI,Smartphone,Postpaid,Yes,Yes
CUST04099,18,Female,Mumbai,1,Month-to-Month,No Internet,322.69,322.69,1.31,315,19,1,0,Credit Card,Smartphone,Postpaid,No,No
CUST04100,32,Male,Mumbai,6,Month-to-Month,Fiber Optic,1052.2,6408.22,55.03,295,0,1,0,Cash,Smartphone,Postpaid,No,Yes
CUST04101,54,Female,Delhi,1,Month-to-Month,DSL,650.06,650.06,16.78,84,38,2,1,UPI,Tablet,Prepaid,Yes,No
CUST04102,30,Male,Delhi,7,Month-to-Month,No Internet,428.8,2810.14,18.31,316,55,1,0,UPI,Smartphone,Postpaid,Yes,No
CUST04103,57,Female,Delhi,11,Two Year,No Internet,243.98,2541.05,0.5,336,51,0,0,Credit Card,Smartphone,Prepaid,No,No
CUST04104,25,Male,Ahmedabad,29,Two Year,Fiber Optic,874.52,25577.4,61.66,471,38,1,0,Credit Card,Smartphone,Postpaid,No,No
CUST04105,22,Female,Ahmedabad,6,Month-to-Month,Fiber Optic,809.89,4953.95,64.77,144,20,3,1,Net Banking,Smartphone,Prepaid,No,Yes
CUST04106,26,Female,Pune,22,Month-to-Month,No Internet,399.51,8734.38,3.82,121,0,2,1,UPI,Smartphone,Postpaid,No,Yes
CUST04107,18,Female,Bangalore,16,Month-to-Month,DSL,698.5,10614.23,47.04,377,41,1,0,Cash,Router Only,Postpaid,No,No
CUST04108,53,Female,Ahmedabad,23,Month-to-Month,No Internet,349.45,7548.97,0.94,425,18,3,1,UPI,Feature Phone,Postpaid,No,No
CUST04109,52,Male,Hyderabad,6,Month-to-Month,DSL,554.46,3192.19,11.86,449,60,2,1,Cash,Router Only,Prepaid,Yes,No
CUST04110,19,Female,Mumbai,10,One Year,No Internet,319.46,3085.64,20.66,179,67,1,0,Debit Card,Feature Phone,Prepaid,Yes,No
CUST04111,57,Female,Bangalore,51,Two Year,Fiber Optic,974.66,49169.18,31.36,454,21,1,0,Credit Card,Smartphone,Postpaid,Yes,No
CUST04112,40,Female,Delhi,0,Month-to-Month,Fiber Optic,971.44,971.44,49.97,264,70,2,1,Debit Card,Router Only,Prepaid,Yes,Yes
CUST04113,26,Female,Lucknow,10,Month-to-Month,DSL,487.35,4662.55,24.72,0,77,5,3,Debit Card,Smartphone,Prepaid,Yes,No
CUST04114,51,Female,Chennai,2,Month-to-Month,No Internet,363.62,667.61,0.5,345,0,1,0,UPI,Router Only,Prepaid,Yes,Yes
CUST04115,63,Male,Pune,24,Two Year,DSL,634.7,14713.68,23.27,470,0,3,1,Net Banking,Feature Phone,Postpaid,Yes,No
CUST04116,31,Female,Pune,25,Month-to-Month,DSL,569.44,13584.52,29.91,325,18,4,1,Debit Card,Tablet,Postpaid,No,No
CUST04117,21,Female,Pune,39,One Year,DSL,525.23,18619.12,28.89,334,79,1,0,Credit Card,Smartphone,Prepaid,Yes,No
CUST04118,47,Female,Delhi,17,Two Year,DSL,606.12,9591.16,22.69,411,15,3,1,Credit Card,Tablet,Postpaid,No,No
CUST04119,48,Female,Hyderabad,12,Month-to-Month,No Internet,271.09,3130.26,14.5,250,40,2,1,Credit Card,Smartphone,Prepaid,Yes,Yes
CUST04120,55,Male,Ahmedabad,4,One Year,Fiber Optic,700.89,2755.81,29.56,289,0,4,2,Net Banking,Smartphone,Prepaid,No,No
CUST04121,28,Male,Delhi,1,Month-to-Month,Fiber Optic,946.36,946.36,65.93,154,86,2,1,Debit Card,Router Only,Prepaid,No,Yes
CUST04122,52,Male,Lucknow,47,Two Year,DSL,778.79,34108.27,8.75,525,39,0,0,Cash,Router Only,Postpaid,Yes,No
CUST04123,25,Male,Bangalore,5,Month-to-Month,Fiber Optic,893.86,4177.12,56.13,371,12,5,2,UPI,Smartphone,Postpaid,No,Yes
CUST04124,20,Female,Mumbai,59,Two Year,No Internet,256.84,15254.14,5.87,127,46,2,1,Net Banking,Smartphone,Prepaid,Yes,No
CUST04125,31,Female,Hyderabad,23,Two Year,Fiber Optic,799.64,17494.11,54.16,336,39,2,1,Debit Card,Smartphone,Prepaid,Yes,No
CUST04126,30,Male,Kolkata,24,One Year,No Internet,365.8,8150.62,16.95,149,54,2,1,Cash,Smartphone,Prepaid,Yes,No
CUST04127,62,Male,Hyderabad,2,Month-to-Month,No Internet,378.87,733.48,9.3,212,52,1,0,UPI,Tablet,Postpaid,No,Yes
CUST04128,49,Female,Chennai,12,One Year,Fiber Optic,957.83,11194.95,48.97,548,28,1,1,Debit Card,Smartphone,Postpaid,No,No
CUST04129,51,Female,Hyderabad,0,Month-to-Month,No Internet,322.94,322.94,18.96,326,12,1,0,Credit Card,Smartphone,Postpaid,No,Yes
CUST04130,62,Female,Chennai,1,Month-to-Month,DSL,515.2,515.2,11.58,143,30,1,0,Net Banking,Smartphone,Prepaid,No,No
CUST04131,36,Female,Delhi,3,Month-to-Month,DSL,561.79,1705.99,18.5,328,50,1,0,Debit Card,Feature Phone,Prepaid,No,Yes
CUST04132,55,Female,Delhi,0,One Year,Fiber Optic,860.95,860.95,38.89,172,67,2,1,Credit Card,Smartphone,Prepaid,Yes,No
CUST04133,33,Male,Delhi,16,Two Year,No Internet,406.54,6204.1,4.75,437,43,3,1,Debit Card,Smartphone,Postpaid,Yes,No
CUST04134,19,Male,Mumbai,5,Two Year,DSL,660.72,3023.46,33.8,370,23,1,0,Credit Card,Smartphone,Postpaid,Yes,No
CUST04135,57,Male,Mumbai,17,One Year,No Internet,267.46,4238.86,0.5,328,46,0,0,Debit Card,Smartphone,Prepaid,No,No
CUST04136,34,Male,Chennai,9,One Year,DSL,667.64,5797.44,20.19,387,16,1,0,UPI,Smartphone,Postpaid,No,No
CUST04137,51,Female,Bangalore,54,Two Year,DSL,510.86,28860.02,17.76,250,36,0,0,UPI,Smartphone,Prepaid,No,No
CUST04138,59,Female,Delhi,46,Two Year,Fiber Optic,837.08,38692.36,31.54,291,6,4,2,UPI,Smartphone,Postpaid,No,No
CUST04139,33,Male,Delhi,72,Month-to-Month,Fiber Optic,994.79,74470.65,64.68,275,33,1,0,Debit Card,Tablet,Postpaid,Yes,No
CUST04140,55,Female,Delhi,23,Month-to-Month,DSL,654.23,13778.82,17.76,527,12,1,0,Credit Card,Smartphone,Postpaid,Yes,No
CUST04141,19,Male,Bangalore,5,Month-to-Month,No Internet,232.62,1211.13,13.39,331,79,1,1,Credit Card,Smartphone,Prepaid,No,No
CUST04142,19,Female,Delhi,12,One Year,Fiber Optic,714.83,8377.74,59.07,0,84,2,1,Net Banking,Smartphone,Prepaid,No,No
CUST04143,43,Female,Hyderabad,27,One Year,No Internet,298.48,7594.35,3.79,273,33,1,1,Credit Card,Feature Phone,Prepaid,Yes,No
CUST04144,30,Male,Bangalore,31,Two Year,No Internet,367.13,11685.09,0.5,301,49,1,0,Net Banking,Smartphone,Prepaid,No,No
CUST04145,64,Male,Hyderabad,59,Two Year,Fiber Optic,971.86,56777.97,34.09,280,0,1,0,Credit Card,Router Only,Prepaid,Yes,No
CUST04146,48,Female,Pune,0,Month-to-Month,Fiber Optic,914.45,914.45,50.13,209,52,4,2,UPI,Smartphone,Postpaid,No,Yes
CUST04147,51,Female,Mumbai,22,Month-to-Month,No Internet,149.0,3213.41,14.51,410,30,2,1,UPI,Feature Phone,Prepaid,No,No
CUST04148,56,Male,Delhi,3,Month-to-Month,Fiber Optic,716.03,2140.1,46.87,240,71,2,1,Credit Card,Feature Phone,Prepaid,No,Yes
CUST04149,20,Female,Mumbai,20,Month-to-Month,Fiber Optic,948.72,17127.52,59.54,199,53,1,0,UPI,Smartphone,Postpaid,No,Yes
CUST04150,25,Female,Delhi,15,Month-to-Month,Fiber Optic,928.33,13680.52,69.03,92,110,4,1,UPI,Router Only,Prepaid,Yes,Yes
CUST04151,40,Male,Delhi,13,Two Year,No Internet,456.54,5664.85,0.5,488,66,1,0,UPI,Smartphone,Postpaid,Yes,No
CUST04152,31,Male,Kolkata,7,Month-to-Month,DSL,511.21,3465.85,34.43,181,121,1,0,Net Banking,Smartphone,Prepaid,Yes,Yes
CUST04153,44,Male,Mumbai,44,One Year,Fiber Optic,752.18,30327.19,36.85,0,66,1,0,Credit Card,Smartphone,Prepaid,No,No
CUST04154,46,Female,Lucknow,3,Month-to-Month,Fiber Optic,951.62,2784.72,46.71,576,20,5,2,UPI,Tablet,Postpaid,Yes,Yes
CUST04155,56,Female,Delhi,1,Month-to-Month,Fiber Optic,760.9,797.2,28.8,312,64,2,1,Credit Card,Smartphone,Prepaid,Yes,Yes
CUST04156,56,Female,Kolkata,66,Two Year,Fiber Optic,974.16,64983.6,44.0,367,25,2,1,Debit Card,Smartphone,Postpaid,Yes,No
CUST04157,18,Female,Pune,27,One Year,No Internet,306.6,8602.53,0.5,271,85,4,1,Credit Card,Smartphone,Prepaid,Yes,No
CUST04158,34,Female,Mumbai,13,Month-to-Month,DSL,472.75,5786.99,30.29,139,33,3,1,Debit Card,Smartphone,Prepaid,No,Yes
CUST04159,58,Female,Bangalore,51,Two Year,DSL,665.57,32497.11,22.84,419,62,1,0,Credit Card,Smartphone,Postpaid,Yes,No
CUST04160,47,Female,Chennai,4,Month-to-Month,Fiber Optic,940.52,3752.12,38.76,418,23,3,2,UPI,Smartphone,Postpaid,No,Yes
CUST04161,30,Male,Ahmedabad,11,One Year,DSL,480.17,5339.68,25.15,226,59,1,0,UPI,Smartphone,Prepaid,Yes,No
CUST04162,38,Female,Bangalore,19,Month-to-Month,Fiber Optic,762.75,13704.06,53.81,272,45,1,0,Net Banking,Smartphone,Prepaid,No,Yes
CUST04163,36,Female,Delhi,19,One Year,No Internet,387.29,7006.32,10.72,92,61,2,1,UPI,Router Only,Prepaid,No,Yes
CUST04164,36,Female,Bangalore,0,Month-to-Month,DSL,663.29,663.29,39.18,2,47,0,0,UPI,Router Only,Prepaid,No,Yes
CUST04165,42,Male,Mumbai,22,One Year,Fiber Optic,978.56,21567.2,55.14,478,10,2,1,Credit Card,Smartphone,Postpaid,Yes,No
CUST04166,39,Female,Jaipur,20,One Year,Fiber Optic,1069.95,20377.79,59.09,280,16,0,0,Credit Card,Router Only,Postpaid,No,No
CUST04167,48,Female,Pune,5,Month-to-Month,No Internet,407.51,1876.19,6.89,421,0,4,2,Cash,Smartphone,Postpaid,Yes,Yes
CUST04168,34,Male,Delhi,44,Two Year,Fiber Optic,891.47,39032.4,53.67,443,15,1,0,UPI,Smartphone,Postpaid,Yes,No
CUST04169,40,Female,Mumbai,37,Month-to-Month,DSL,585.21,19527.99,28.04,313,31,0,0,Debit Card,Smartphone,Prepaid,Yes,No
CUST04170,49,Male,Delhi,28,Two Year,DSL,494.78,14442.78,20.31,158,79,0,0,Credit Card,Tablet,Prepaid,Yes,No
CUST04171,27,Female,Ahmedabad,4,Month-to-Month,Fiber Optic,789.86,3147.29,65.44,104,78,2,1,Credit Card,Smartphone,Prepaid,No,Yes
CUST04172,27,Female,Jaipur,36,One Year,DSL,696.26,24844.22,11.4,260,51,2,1,Cash,Smartphone,Postpaid,No,No
CUST04173,53,Female,Delhi,28,One Year,DSL,647.78,18084.67,30.48,352,61,0,0,UPI,Tablet,Postpaid,Yes,No
CUST04174,25,Male,Bangalore,13,Month-to-Month,DSL,595.16,7330.74,46.76,198,96,1,0,Debit Card,Router Only,Prepaid,Yes,Yes
CUST04175,69,Male,Jaipur,6,Month-to-Month,Fiber Optic,885.47,4967.39,25.92,319,26,2,1,Cash,Smartphone,Postpaid,No,Yes
CUST04176,37,Female,Delhi,11,Month-to-Month,No Internet,349.41,3768.64,11.11,254,0,1,0,UPI,Feature Phone,Postpaid,Yes,No
CUST04177,49,Male,Mumbai,39,Two Year,Fiber Optic,787.99,32010.32,50.34,234,92,5,1,Net Banking,Smartphone,Prepaid,No,No
CUST04178,67,Female,Mumbai,39,Two Year,Fiber Optic,874.96,32149.73,37.51,358,32,5,2,UPI,Smartphone,Prepaid,No,No
CUST04179,31,Male,Delhi,20,Month-to-Month,Fiber Optic,732.73,14763.93,41.61,113,90,3,2,UPI,Smartphone,Prepaid,No,Yes
CUST04180,67,Female,Delhi,5,Month-to-Month,No Internet,332.04,1736.55,0.5,433,32,1,0,Credit Card,Smartphone,Postpaid,Yes,No
CUST04181,45,Female,Lucknow,27,One Year,Fiber Optic,746.48,19800.38,39.57,60,55,1,0,Net Banking,Smartphone,Prepaid,No,No
CUST04182,63,Male,Chennai,10,Month-to-Month,DSL,690.3,6687.56,29.6,521,36,0,0,Credit Card,Smartphone,Postpaid,Yes,No
CUST04183,69,Female,Mumbai,41,Two Year,DSL,632.36,26243.38,17.5,511,0,1,0,Net Banking,Smartphone,Postpaid,Yes,No
CUST04184,41,Female,Bangalore,1,Month-to-Month,No Internet,196.65,196.65,5.8,287,79,1,0,Credit Card,Smartphone,Prepaid,Yes,Yes
CUST04185,32,Female,Pune,14,Month-to-Month,DSL,688.93,8728.39,34.4,330,17,1,0,Debit Card,Smartphone,Postpaid,No,No
CUST04186,39,Male,Bangalore,11,One Year,DSL,441.23,4624.34,23.38,183,78,1,0,Cash,Smartphone,Prepaid,No,No
CUST04187,47,Female,Mumbai,3,Month-to-Month,No Internet,354.69,1091.29,0.5,224,69,0,0,UPI,Router Only,Prepaid,Yes,No
CUST04188,21,Male,Delhi,24,One Year,DSL,420.88,9208.46,39.42,109,59,1,0,Credit Card,Smartphone,Prepaid,Yes,No
CUST04189,30,Male,Pune,15,Month-to-Month,No Internet,334.0,4953.2,6.22,230,81,0,0,Cash,Tablet,Prepaid,Yes,No
CUST04190,40,Male,Mumbai,50,Month-to-Month,Fiber Optic,867.93,,,229,30,3,1,,Smartphone,Prepaid,Yes,No
CUST04191,25,Female,Delhi,26,One Year,DSL,500.05,12678.16,26.5,227,45,0,0,Credit Card,Smartphone,Prepaid,No,No
CUST04192,35,Male,Bangalore,8,Month-to-Month,No Internet,494.39,3636.77,0.5,356,11,0,0,Debit Card,Smartphone,Postpaid,No,No
CUST04193,29,Female,Delhi,5,Month-to-Month,No Internet,461.5,2287.05,14.79,200,25,3,1,UPI,Router Only,Postpaid,No,Yes
CUST04194,48,Male,Lucknow,21,Two Year,No Internet,181.5,3607.69,11.02,108,48,1,0,Debit Card,Smartphone,Prepaid,No,No
CUST04195,31,Male,Chennai,45,Two Year,DSL,689.82,,,85,91,1,0,,Router Only,Prepaid,Yes,No
CUST04196,51,Female,Delhi,26,Two Year,No Internet,340.71,8056.27,13.5,312,39,2,1,Debit Card,Feature Phone,Postpaid,Yes,No
CUST04197,35,Male,Delhi,46,Two Year,Fiber Optic,1043.43,48785.26,61.78,383,35,4,1,Credit Card,Router Only,Postpaid,No,No
CUST04198,51,Female,Chennai,24,Month-to-Month,Fiber Optic,1039.8,24715.58,42.7,89,51,3,1,Debit Card,Router Only,Prepaid,Yes,Yes
CUST04199,28,Male,Bangalore,22,Month-to-Month,Fiber Optic,856.42,18600.75,54.82,187,50,0,0,Credit Card,Router Only,Prepaid,No,No
CUST04200,58,Male,Kolkata,4,Month-to-Month,No Internet,246.42,984.41,7.97,146,52,2,1,UPI,Smartphone,Prepaid,No,Yes
CUST04201,29,Male,Hyderabad,32,Two Year,Fiber Optic,1007.75,32233.88,59.57,347,44,3,1,Net Banking,Smartphone,Postpaid,No,No
CUST04202,66,Male,Bangalore,14,One Year,DSL,535.64,7145.34,29.08,239,28,0,0,Debit Card,Smartphone,Prepaid,Yes,No
CUST04203,32,Male,Lucknow,30,One Year,Fiber Optic,874.3,24686.01,57.62,378,72,1,0,Debit Card,Feature Phone,Postpaid,Yes,No
CUST04204,48,Female,Bangalore,51,Two Year,Fiber Optic,854.02,41143.27,42.44,257,72,2,1,Net Banking,Smartphone,Prepaid,Yes,No
CUST04205,66,Female,Bangalore,16,One Year,DSL,480.99,7862.88,10.63,324,56,2,1,Debit Card,Smartphone,Prepaid,No,No
CUST04206,46,Female,Pune,12,Month-to-Month,DSL,545.36,,,308,67,0,0,,Feature Phone,Prepaid,No,No
CUST04207,43,Female,Kolkata,5,Month-to-Month,Fiber Optic,709.42,3451.38,40.02,132,43,1,0,Credit Card,Smartphone,Prepaid,No,Yes
CUST04208,35,Female,Chennai,16,Month-to-Month,DSL,621.93,9889.67,31.63,283,70,0,0,Debit Card,Smartphone,Prepaid,Yes,Yes
CUST04209,49,Female,Pune,27,Month-to-Month,Fiber Optic,779.54,20572.68,52.22,200,44,2,1,Credit Card,Smartphone,Prepaid,Yes,No
CUST04210,39,Male,Bangalore,11,Month-to-Month,DSL,780.04,8434.59,25.1,475,25,1,1,Credit Card,Router Only,Postpaid,No,No
CUST04211,55,Male,Hyderabad,25,One Year,Fiber Optic,742.84,19051.19,38.36,338,35,1,0,UPI,Smartphone,Prepaid,Yes,No
CUST04212,34,Male,Mumbai,12,Month-to-Month,DSL,496.03,5651.23,15.53,153,24,1,1,Debit Card,Router Only,Prepaid,Yes,No
CUST04213,40,Male,Pune,7,One Year,Fiber Optic,1022.95,6816.07,38.8,532,0,3,2,Credit Card,Router Only,Postpaid,No,Yes
CUST04214,41,Male,Mumbai,13,Month-to-Month,DSL,549.83,6610.84,14.47,120,113,3,1,UPI,Smartphone,Prepaid,No,Yes
CUST04215,67,Female,Delhi,36,Two Year,Fiber Optic,854.08,31132.63,42.95,196,80,2,1,Net Banking,Smartphone,Prepaid,Yes,No
CUST04216,25,Male,Jaipur,20,One Year,Fiber Optic,759.68,14146.68,55.27,213,96,1,0,Net Banking,Smartphone,Prepaid,No,No
CUST04217,58,Other,Mumbai,39,Two Year,Fiber Optic,1144.06,43635.17,43.33,414,0,2,1,Debit Card,Router Only,Postpaid,No,No
CUST04218,23,Male,Mumbai,19,Month-to-Month,DSL,434.25,8482.79,21.71,393,37,0,0,Debit Card,Smartphone,Prepaid,No,No
CUST04219,22,Male,Mumbai,7,Month-to-Month,DSL,479.98,3073.34,31.34,221,76,2,1,Net Banking,Smartphone,Prepaid,No,Yes
CUST04220,61,Other,Bangalore,25,Month-to-Month,No Internet,275.04,6362.21,0.5,399,34,2,1,UPI,Smartphone,Prepaid,Yes,No
CUST04221,46,Female,Hyderabad,7,Month-to-Month,No Internet,182.83,1187.05,0.5,229,19,1,0,Net Banking,Smartphone,Prepaid,No,No
CUST04222,45,Male,Delhi,41,Month-to-Month,DSL,468.05,17657.86,32.57,231,31,1,0,Credit Card,Smartphone,Postpaid,No,No
CUST04223,28,Female,Delhi,6,Month-to-Month,DSL,697.09,4357.09,12.47,199,49,0,0,Credit Card,Smartphone,Postpaid,No,No
CUST04224,18,Female,Mumbai,4,Month-to-Month,DSL,656.85,2656.28,44.86,355,22,1,0,Net Banking,Smartphone,Postpaid,No,Yes
CUST04225,60,Male,Mumbai,56,Two Year,DSL,504.09,27332.64,21.31,206,65,1,1,Net Banking,Smartphone,Prepaid,No,No
CUST04226,36,Male,Delhi,1,Month-to-Month,DSL,687.45,687.45,16.42,317,27,2,1,Debit Card,Router Only,Postpaid,Yes,No
CUST04227,26,Female,Bangalore,41,Two Year,Fiber Optic,949.92,35724.99,68.45,326,28,2,1,Cash,Feature Phone,Postpaid,Yes,No
CUST04228,44,Female,Mumbai,7,Month-to-Month,Fiber Optic,863.03,5458.54,41.44,212,48,5,1,Debit Card,Router Only,Prepaid,No,Yes
CUST04229,51,Male,Delhi,5,Month-to-Month,DSL,449.51,2241.91,17.65,210,10,3,1,Net Banking,Smartphone,Prepaid,Yes,Yes
CUST04230,61,Female,Jaipur,4,Month-to-Month,DSL,561.92,2193.2,29.01,153,55,2,1,UPI,Smartphone,Prepaid,No,Yes
CUST04231,21,Male,Jaipur,43,Two Year,Fiber Optic,743.94,31633.21,56.56,157,82,2,1,UPI,Smartphone,Prepaid,No,No
CUST04232,53,Female,Mumbai,14,One Year,Fiber Optic,894.83,11589.57,37.1,187,13,3,1,UPI,Router Only,Prepaid,Yes,No
CUST04233,35,Male,Delhi,34,One Year,DSL,502.57,16887.63,32.47,222,70,0,0,Credit Card,Smartphone,Prepaid,No,No
CUST04234,32,Female,Hyderabad,21,Month-to-Month,No Internet,353.42,6907.22,0.5,275,12,4,1,Credit Card,Tablet,Postpaid,Yes,Yes
CUST04235,68,Female,Chennai,56,Month-to-Month,Fiber Optic,873.63,44332.04,20.54,381,1,1,0,UPI,Router Only,Prepaid,Yes,No
CUST04236,30,Male,Lucknow,2,Month-to-Month,DSL,531.5,1095.77,21.11,123,61,4,2,Credit Card,Smartphone,Prepaid,No,Yes
CUST04237,36,Male,Bangalore,1,Month-to-Month,No Internet,320.6,328.33,7.33,368,83,3,1,UPI,Smartphone,Prepaid,Yes,Yes
CUST04238,66,Female,Chennai,49,Two Year,Fiber Optic,794.82,38491.5,18.37,138,0,2,1,UPI,Smartphone,Prepaid,Yes,No
CUST04239,23,Female,Ahmedabad,61,Two Year,No Internet,277.01,17526.59,0.5,199,53,2,1,Credit Card,Feature Phone,Prepaid,Yes,No
CUST04240,65,Male,Bangalore,11,Month-to-Month,No Internet,213.9,2390.16,5.57,236,105,2,1,UPI,Smartphone,Prepaid,Yes,No
CUST04241,29,Male,Delhi,14,One Year,Fiber Optic,917.76,12092.83,50.62,288,16,1,0,Credit Card,Smartphone,Postpaid,Yes,No
CUST04242,68,Female,Bangalore,23,One Year,Fiber Optic,896.04,21375.65,43.98,485,38,1,0,Credit Card,Tablet,Postpaid,Yes,No
CUST04243,54,Female,Delhi,4,Month-to-Month,Fiber Optic,820.72,3145.72,41.13,278,11,3,1,UPI,Smartphone,Prepaid,Yes,Yes
CUST04244,34,Male,Delhi,4,Month-to-Month,Fiber Optic,902.29,3780.6,51.9,345,43,3,1,UPI,Smartphone,Postpaid,Yes,Yes
CUST04245,40,Female,Kolkata,9,Month-to-Month,No Internet,218.61,1976.64,9.32,204,46,0,0,Debit Card,Smartphone,Prepaid,Yes,No
CUST04246,43,Female,Mumbai,7,One Year,Fiber Optic,880.38,5738.99,47.73,122,56,2,1,Credit Card,Router Only,Prepaid,Yes,No
CUST04247,46,Male,Delhi,6,Month-to-Month,No Internet,164.13,944.73,2.54,302,26,0,0,UPI,Smartphone,Prepaid,No,No
CUST04248,50,Male,Ahmedabad,46,Two Year,Fiber Optic,900.63,41420.7,42.83,418,1,1,0,Credit Card,Smartphone,Postpaid,Yes,No
CUST04249,44,Male,Bangalore,5,Month-to-Month,No Internet,412.61,2100.72,0.55,396,45,4,2,Cash,Smartphone,Postpaid,No,Yes
CUST04250,42,Female,Mumbai,3,Month-to-Month,Fiber Optic,1012.37,2996.01,50.45,376,54,3,1,Net Banking,Router Only,Postpaid,Yes,No
CUST04251,27,Female,Mumbai,53,Month-to-Month,DSL,763.12,40892.42,19.3,483,25,3,1,Credit Card,Smartphone,Postpaid,No,No
CUST04252,64,Female,Mumbai,23,One Year,Fiber Optic,1005.35,22481.23,53.99,263,14,4,1,Net Banking,Smartphone,Postpaid,No,Yes
CUST04253,40,Male,Mumbai,11,One Year,Fiber Optic,1110.96,11521.28,58.19,330,74,4,1,Debit Card,Router Only,Postpaid,No,No
CUST04254,38,Male,Ahmedabad,16,One Year,Fiber Optic,875.47,14087.55,54.53,323,44,3,1,UPI,Smartphone,Postpaid,Yes,No
CUST04255,38,Female,Delhi,9,Month-to-Month,Fiber Optic,907.54,8361.42,60.44,455,57,2,1,Credit Card,Feature Phone,Postpaid,Yes,No
CUST04256,60,Male,Chennai,6,Month-to-Month,Fiber Optic,923.33,5250.06,45.36,509,0,0,0,Credit Card,Smartphone,Postpaid,Yes,Yes
CUST04257,30,Female,Delhi,4,Month-to-Month,DSL,642.19,2476.63,28.29,226,0,1,0,Net Banking,Smartphone,Postpaid,No,Yes
CUST04258,54,Female,Lucknow,1,Month-to-Month,Fiber Optic,901.0,901.0,30.29,375,17,2,1,UPI,Smartphone,Prepaid,No,Yes
CUST04259,50,Male,Chennai,16,One Year,DSL,499.4,,9.88,265,28,0,0,UPI,Router Only,Prepaid,Yes,No
CUST04260,41,Male,Jaipur,6,Month-to-Month,DSL,640.78,3902.31,30.26,551,42,1,0,Credit Card,Smartphone,Postpaid,Yes,No
CUST04261,61,Male,Bangalore,4,Month-to-Month,DSL,463.23,1809.41,29.25,195,31,3,1,Cash,Smartphone,Prepaid,Yes,Yes
CUST04262,28,Male,Kolkata,2,Month-to-Month,No Internet,499.39,923.17,0.5,406,56,2,1,Debit Card,Router Only,Postpaid,Yes,No
CUST04263,34,Female,Ahmedabad,6,Month-to-Month,No Internet,351.68,2008.67,6.49,105,64,1,0,Debit Card,Router Only,Prepaid,No,Yes
CUST04264,21,Male,Pune,16,One Year,Fiber Optic,914.89,14800.9,75.81,321,40,0,0,Debit Card,Smartphone,Postpaid,Yes,Yes
CUST04265,64,Male,Delhi,72,Two Year,Fiber Optic,944.19,65043.16,42.02,277,23,0,0,Net Banking,Smartphone,Postpaid,Yes,No
CUST04266,42,Female,Delhi,42,Two Year,DSL,497.52,19031.2,28.09,107,32,0,0,Debit Card,Smartphone,Prepaid,Yes,No
CUST04267,47,Male,Delhi,17,One Year,DSL,583.73,9088.04,39.82,284,3,0,0,Credit Card,Feature Phone,Postpaid,No,No
CUST04268,26,Female,Delhi,1,Month-to-Month,Fiber Optic,925.55,971.57,59.2,151,75,5,2,UPI,Smartphone,Prepaid,Yes,Yes
CUST04269,38,Male,Pune,42,One Year,DSL,489.53,19824.08,24.68,290,72,0,0,Net Banking,Tablet,Prepaid,Yes,No
CUST04270,37,Male,Hyderabad,1,Month-to-Month,Fiber Optic,1053.99,1053.99,45.41,338,39,4,2,Debit Card,Smartphone,Postpaid,Yes,Yes
CUST04271,36,Male,Hyderabad,18,One Year,Fiber Optic,991.76,17724.9,44.31,402,39,3,1,UPI,Smartphone,Postpaid,No,No
CUST04272,36,Male,Mumbai,35,One Year,DSL,497.53,16106.06,27.93,76,45,1,0,Debit Card,Feature Phone,Prepaid,Yes,No
CUST04273,29,Female,Delhi,21,One Year,Fiber Optic,773.33,15587.89,49.91,279,100,1,0,UPI,Smartphone,Prepaid,No,No
CUST04274,54,Female,Mumbai,1,Month-to-Month,Fiber Optic,963.51,970.41,18.99,472,0,2,1,UPI,Smartphone,Postpaid,Yes,Yes
CUST04275,59,Male,Bangalore,47,Two Year,Fiber Optic,830.65,37623.87,32.28,501,0,2,1,UPI,Tablet,Postpaid,Yes,Yes
CUST04276,34,Male,Kolkata,15,One Year,Fiber Optic,856.26,12694.8,52.88,245,27,2,1,UPI,Smartphone,Postpaid,Yes,No
CUST04277,54,Male,Mumbai,42,One Year,Fiber Optic,749.34,30075.93,46.28,143,36,1,1,Credit Card,Feature Phone,Prepaid,No,No
CUST04278,65,Male,Pune,23,Month-to-Month,Fiber Optic,963.09,20816.74,23.25,423,0,3,1,Net Banking,Router Only,Postpaid,No,No
CUST04279,56,Male,Hyderabad,2,Month-to-Month,Fiber Optic,945.62,1707.43,25.52,474,0,1,1,UPI,Smartphone,Postpaid,Yes,Yes
CUST04280,45,Female,Jaipur,8,Month-to-Month,Fiber Optic,801.62,6179.8,39.92,428,66,1,0,Debit Card,Smartphone,Prepaid,No,Yes
CUST04281,58,Female,Mumbai,11,Month-to-Month,Fiber Optic,1056.13,11146.69,32.81,386,57,4,2,Credit Card,Tablet,Postpaid,No,Yes
CUST04282,52,Male,Bangalore,16,One Year,Fiber Optic,818.88,12696.92,28.32,322,45,0,0,Net Banking,Smartphone,Prepaid,Yes,No
CUST04283,64,Female,Delhi,52,Two Year,Fiber Optic,957.13,44842.41,36.73,336,0,0,0,UPI,Smartphone,Postpaid,No,No
CUST04284,65,Female,Bangalore,9,Month-to-Month,DSL,605.62,5328.51,20.2,144,50,0,0,Credit Card,Router Only,Prepaid,Yes,Yes
CUST04285,35,Male,Hyderabad,25,One Year,DSL,662.75,15205.43,14.63,554,35,0,0,Cash,Smartphone,Postpaid,No,No
CUST04286,31,Female,Pune,5,Month-to-Month,DSL,625.44,3047.25,32.62,287,19,1,0,Credit Card,Tablet,Postpaid,No,Yes
CUST04287,52,Female,Mumbai,22,Month-to-Month,DSL,486.84,10189.0,24.19,235,74,1,0,UPI,Smartphone,Prepaid,Yes,No
CUST04288,61,Male,Mumbai,34,Two Year,Fiber Optic,748.0,23055.78,25.69,25,31,3,2,UPI,Smartphone,Prepaid,No,No
CUST04289,58,Other,Chennai,29,One Year,No Internet,293.58,7873.91,12.68,375,43,1,0,Cash,Tablet,Postpaid,Yes,No
CUST04290,24,Male,Bangalore,18,Month-to-Month,Fiber Optic,922.42,15585.81,71.45,350,96,4,1,Credit Card,Smartphone,Postpaid,Yes,Yes
CUST04291,58,Male,Hyderabad,3,Month-to-Month,Fiber Optic,1063.99,2984.5,30.85,306,32,2,1,UPI,Router Only,Postpaid,Yes,Yes
CUST04292,30,Female,Ahmedabad,1,Month-to-Month,Fiber Optic,1012.07,1012.07,52.1,361,1,2,1,UPI,Smartphone,Postpaid,No,Yes
CUST04293,35,Male,Hyderabad,6,Month-to-Month,No Internet,328.15,1785.05,0.5,188,51,2,1,Debit Card,Router Only,Prepaid,Yes,Yes
CUST04294,54,Male,Pune,7,Month-to-Month,No Internet,340.12,2301.25,0.5,512,0,1,0,Cash,Tablet,Postpaid,Yes,No
CUST04295,30,Male,Pune,1,Month-to-Month,No Internet,248.36,253.94,0.5,271,60,3,1,Net Banking,Smartphone,Prepaid,No,Yes
CUST04296,53,Female,Kolkata,25,One Year,Fiber Optic,749.31,17661.65,36.37,370,57,2,1,Net Banking,Feature Phone,Prepaid,No,Yes
CUST04297,48,Female,Chennai,17,Month-to-Month,No Internet,166.98,2812.32,5.96,319,54,0,0,Net Banking,Smartphone,Prepaid,Yes,No
CUST04298,19,Female,Delhi,1,Month-to-Month,Fiber Optic,982.17,1019.84,73.57,233,65,5,2,Net Banking,Router Only,Postpaid,No,Yes
CUST04299,33,Female,Bangalore,16,One Year,DSL,661.2,10772.58,18.39,390,44,2,1,UPI,Smartphone,Postpaid,Yes,No
CUST04300,26,Male,Lucknow,72,Two Year,No Internet,360.97,26632.0,3.88,144,71,2,1,Debit Card,Router Only,Prepaid,No,No
CUST04301,26,Male,Mumbai,42,Two Year,DSL,532.46,21596.14,34.5,271,28,0,0,UPI,Smartphone,Prepaid,No,No
CUST04302,55,Female,Chennai,43,Two Year,Fiber Optic,963.31,37799.95,41.69,409,53,4,2,UPI,Feature Phone,Postpaid,No,No
CUST04303,28,Female,Ahmedabad,8,Month-to-Month,DSL,569.96,4436.6,24.69,201,42,7,2,UPI,Smartphone,Prepaid,No,Yes
CUST04304,39,Male,Chennai,11,Month-to-Month,Fiber Optic,891.25,8930.56,54.19,231,67,0,0,UPI,Smartphone,Prepaid,No,No
CUST04305,50,Male,Bangalore,37,Two Year,Fiber Optic,987.05,35592.97,44.78,490,41,0,0,UPI,Smartphone,Postpaid,Yes,No
CUST04306,53,Female,Delhi,22,Two Year,DSL,460.5,9873.36,30.25,110,23,0,0,Cash,Smartphone,Prepaid,No,No
CUST04307,62,Female,Bangalore,13,One Year,Fiber Optic,819.64,10895.85,35.34,294,17,0,0,Net Banking,Smartphone,Prepaid,No,No
CUST04308,40,Female,Mumbai,23,Month-to-Month,Fiber Optic,928.62,20973.14,48.07,423,6,3,1,Credit Card,Smartphone,Postpaid,Yes,Yes
CUST04309,62,Male,Lucknow,36,Month-to-Month,DSL,762.98,25135.39,11.86,425,14,3,1,UPI,Router Only,Postpaid,No,No
CUST04310,62,Other,Pune,50,Two Year,DSL,495.48,23994.8,9.92,202,18,2,1,UPI,Smartphone,Prepaid,Yes,No
CUST04311,51,Female,Kolkata,7,Month-to-Month,Fiber Optic,943.14,6666.96,36.12,449,0,1,0,Credit Card,Smartphone,Postpaid,Yes,No
CUST04312,26,Female,Bangalore,17,One Year,Fiber Optic,1065.3,16582.57,51.88,458,26,1,0,Cash,Router Only,Postpaid,No,No
CUST04313,41,Female,Delhi,19,Two Year,No Internet,361.17,6680.43,0.5,261,113,1,0,Credit Card,Smartphone,Prepaid,Yes,No
CUST04314,25,Female,Mumbai,23,One Year,Fiber Optic,986.35,22135.36,52.32,346,81,1,0,UPI,Smartphone,Postpaid,Yes,Yes
CUST04315,24,Female,Mumbai,12,Month-to-Month,DSL,509.79,6360.09,20.79,51,62,0,0,Cash,Tablet,Prepaid,Yes,No
CUST04316,53,Female,Hyderabad,42,Month-to-Month,No Internet,252.18,10767.14,0.5,438,72,0,0,Net Banking,Smartphone,Prepaid,No,No
CUST04317,35,Female,Hyderabad,0,Month-to-Month,DSL,579.83,579.83,29.75,266,31,3,1,UPI,Smartphone,Prepaid,No,Yes
CUST04318,20,Female,Bangalore,30,One Year,Fiber Optic,748.59,22933.03,71.44,226,115,1,0,Cash,Smartphone,Prepaid,No,No
CUST04319,45,Male,Hyderabad,4,Month-to-Month,Fiber Optic,838.57,3234.56,44.22,248,21,3,1,Net Banking,Smartphone,Prepaid,No,Yes
CUST04320,23,Female,Lucknow,6,Month-to-Month,DSL,654.55,3828.33,32.09,218,89,1,0,Cash,Smartphone,Prepaid,Yes,No
CUST04321,61,Female,Mumbai,4,Month-to-Month,DSL,525.51,2008.53,22.19,429,25,1,0,UPI,Smartphone,Prepaid,Yes,No
CUST04322,61,Female,Chennai,47,Month-to-Month,DSL,612.25,26289.85,14.42,392,0,0,0,UPI,Feature Phone,Postpaid,Yes,No
CUST04323,38,Male,Mumbai,22,Two Year,Fiber Optic,889.76,20524.24,52.9,529,0,3,1,Net Banking,Feature Phone,Postpaid,Yes,No
CUST04324,45,Female,Hyderabad,22,Two Year,Fiber Optic,932.63,18732.36,37.2,504,17,2,1,Credit Card,Smartphone,Postpaid,Yes,No
CUST04325,57,Male,Mumbai,1,Month-to-Month,Fiber Optic,864.16,864.16,39.25,338,30,2,1,Net Banking,Smartphone,Prepaid,No,Yes
CUST04326,18,Female,Hyderabad,37,Two Year,DSL,548.87,18641.82,31.23,106,90,0,0,Cash,Smartphone,Prepaid,No,No
CUST04327,53,Female,Mumbai,13,One Year,DSL,486.41,,20.8,364,37,2,1,UPI,Smartphone,Prepaid,No,No
CUST04328,38,Male,Delhi,5,One Year,Fiber Optic,1102.35,5411.22,48.53,286,56,3,1,Credit Card,Router Only,Postpaid,No,Yes
CUST04329,60,Female,Kolkata,26,One Year,DSL,712.66,18828.53,28.4,508,36,1,0,Credit Card,Smartphone,Postpaid,Yes,Yes
CUST04330,52,Male,Delhi,4,One Year,DSL,603.92,2450.87,29.14,133,32,2,1,Debit Card,Router Only,Prepaid,Yes,Yes
CUST04331,30,Male,Bangalore,28,Month-to-Month,No Internet,217.23,5932.19,14.02,92,109,2,1,UPI,Smartphone,Prepaid,No,No
CUST04332,66,Female,Hyderabad,25,One Year,Fiber Optic,1182.21,30349.17,22.68,460,0,1,0,Debit Card,Router Only,Postpaid,Yes,No
CUST04333,27,Male,Bangalore,57,Two Year,DSL,564.2,29045.19,32.88,377,45,1,0,Cash,Tablet,Postpaid,No,No
CUST04334,61,Male,Pune,18,Month-to-Month,Fiber Optic,960.14,15658.59,49.26,274,8,2,1,Cash,Smartphone,Postpaid,No,No
CUST04335,64,Male,Chennai,15,Month-to-Month,DSL,480.15,7179.74,18.03,107,8,1,0,Debit Card,Smartphone,Prepaid,No,No
CUST04336,27,Male,Mumbai,0,Month-to-Month,DSL,683.87,683.87,32.29,224,19,3,1,Net Banking,Smartphone,Postpaid,No,Yes
CUST04337,63,Female,Delhi,14,Month-to-Month,DSL,524.66,7166.77,19.53,375,18,0,0,UPI,Smartphone,Prepaid,Yes,No
CUST04338,30,Female,Kolkata,28,Month-to-Month,Fiber Optic,754.69,19709.51,75.77,279,47,1,0,Debit Card,Smartphone,Prepaid,No,No
CUST04339,54,Female,Bangalore,20,One Year,DSL,454.82,9329.14,23.68,187,84,0,0,Cash,Smartphone,Prepaid,Yes,No
CUST04340,55,Male,Jaipur,5,Month-to-Month,Fiber Optic,945.85,4613.27,44.28,336,24,3,1,Debit Card,Tablet,Postpaid,No,Yes
CUST04341,41,Male,Bangalore,6,Month-to-Month,No Internet,312.4,1746.23,2.83,125,118,2,1,Net Banking,Smartphone,Prepaid,Yes,No
CUST04342,19,Male,Pune,55,Two Year,Fiber Optic,914.48,46310.88,71.76,206,42,1,0,UPI,Smartphone,Postpaid,No,No
CUST04343,39,Female,Jaipur,2,One Year,Fiber Optic,1030.51,2162.63,47.6,324,0,2,1,UPI,Router Only,Postpaid,Yes,Yes
CUST04344,34,Female,Pune,5,Month-to-Month,Fiber Optic,825.56,4165.42,69.34,210,29,3,1,Net Banking,Smartphone,Prepaid,Yes,Yes
CUST04345,53,Female,Bangalore,1,Month-to-Month,Fiber Optic,1036.71,1036.71,30.26,584,19,0,0,UPI,Tablet,Postpaid,Yes,No
CUST04346,31,Female,Chennai,36,One Year,Fiber Optic,963.61,34168.68,48.32,326,62,0,0,Net Banking,Smartphone,Postpaid,No,Yes
CUST04347,27,Female,Hyderabad,23,One Year,Fiber Optic,677.62,14284.54,51.38,217,90,1,1,UPI,Smartphone,Prepaid,Yes,No
CUST04348,52,Female,Chennai,15,Month-to-Month,Fiber Optic,712.78,10779.66,41.53,410,25,3,1,Cash,Smartphone,Prepaid,Yes,No
CUST04349,42,Female,Delhi,27,Two Year,Fiber Optic,738.27,20688.51,63.28,187,32,2,1,UPI,Smartphone,Prepaid,No,No
CUST04350,20,Male,Pune,24,One Year,No Internet,179.4,4454.49,4.87,147,68,3,1,Debit Card,Smartphone,Prepaid,No,No
CUST04351,64,Male,Delhi,35,Two Year,Fiber Optic,882.18,31437.71,55.22,300,65,2,1,Net Banking,Smartphone,Prepaid,Yes,No
CUST04352,55,Female,Delhi,33,Month-to-Month,No Internet,409.13,13473.03,13.6,470,18,1,0,UPI,Smartphone,Postpaid,Yes,No
CUST04353,34,Female,Chennai,8,Month-to-Month,No Internet,305.99,2301.25,8.66,223,72,1,0,Net Banking,Smartphone,Prepaid,Yes,No
CUST04354,29,Other,Delhi,42,Month-to-Month,Fiber Optic,932.28,37264.78,50.29,355,22,1,0,Net Banking,Smartphone,Postpaid,Yes,No
CUST04355,69,Male,Kolkata,3,Month-to-Month,Fiber Optic,937.71,2882.81,42.53,627,0,2,1,UPI,Feature Phone,Postpaid,No,Yes
CUST04356,41,Male,Ahmedabad,5,Month-to-Month,Fiber Optic,915.52,4611.96,67.62,407,46,1,0,Net Banking,Smartphone,Postpaid,Yes,Yes
CUST04357,46,Female,Lucknow,19,Month-to-Month,DSL,741.96,14781.79,30.26,320,0,0,0,Debit Card,Router Only,Postpaid,Yes,No
CUST04358,60,Female,Pune,26,One Year,DSL,631.13,14978.07,26.09,430,42,0,0,Credit Card,Smartphone,Postpaid,Yes,No
CUST04359,42,Male,Hyderabad,1,Month-to-Month,Fiber Optic,977.34,977.34,41.32,187,59,4,1,UPI,Tablet,Postpaid,Yes,Yes
CUST04360,53,Female,Bangalore,2,Month-to-Month,Fiber Optic,783.85,1617.79,41.21,261,29,2,1,Net Banking,Smartphone,Prepaid,Yes,No
CUST04361,43,Male,Hyderabad,40,Two Year,DSL,507.18,18337.36,36.19,219,22,1,0,Credit Card,Smartphone,Prepaid,Yes,No
CUST04362,55,Male,Mumbai,15,Month-to-Month,Fiber Optic,967.65,13794.74,41.96,445,24,0,0,Net Banking,Smartphone,Postpaid,No,Yes
CUST04363,18,Female,Bangalore,14,Month-to-Month,No Internet,398.56,5837.25,0.5,480,25,0,0,UPI,Smartphone,Postpaid,Yes,Yes
CUST04364,37,Female,Pune,25,One Year,Fiber Optic,923.45,22670.67,55.69,140,82,2,1,Credit Card,Smartphone,Prepaid,No,No
CUST04365,45,Male,Mumbai,35,Two Year,Fiber Optic,916.25,30344.71,45.55,474,18,2,1,UPI,Smartphone,Postpaid,Yes,No
CUST04366,33,Male,Mumbai,15,Two Year,Fiber Optic,769.44,11997.73,53.41,204,67,1,1,Credit Card,Feature Phone,Prepaid,Yes,No
CUST04367,64,Female,Kolkata,25,Month-to-Month,DSL,585.34,13931.94,22.3,260,2,1,0,Debit Card,Smartphone,Postpaid,Yes,No
CUST04368,34,Male,Delhi,22,Two Year,Fiber Optic,959.31,19416.89,50.89,283,43,2,1,Net Banking,Smartphone,Postpaid,No,No
CUST04369,57,Female,Mumbai,11,Month-to-Month,Fiber Optic,949.13,10303.46,39.28,259,23,2,1,Credit Card,Router Only,Prepaid,No,No
CUST04370,45,Female,Delhi,38,One Year,Fiber Optic,804.91,30805.23,41.6,155,67,0,0,UPI,Smartphone,Prepaid,Yes,No
CUST04371,29,Male,Pune,17,Month-to-Month,Fiber Optic,934.67,14489.53,54.93,263,69,1,0,UPI,Smartphone,Prepaid,Yes,Yes
CUST04372,44,Female,Chennai,0,One Year,DSL,473.23,473.23,15.33,215,21,1,0,Cash,Smartphone,Prepaid,Yes,No
CUST04373,59,Female,Pune,1,Month-to-Month,Fiber Optic,720.0,720.0,33.84,154,15,4,2,Net Banking,Smartphone,Prepaid,Yes,Yes
CUST04374,64,Male,Mumbai,30,One Year,DSL,483.27,13319.26,19.6,250,9,1,0,Credit Card,Smartphone,Prepaid,No,No
CUST04375,47,Male,Pune,17,One Year,Fiber Optic,804.85,13618.99,46.38,174,57,4,1,Cash,Router Only,Prepaid,Yes,Yes
CUST04376,58,Male,Chennai,18,Month-to-Month,DSL,677.48,11467.39,14.72,455,66,1,1,UPI,Smartphone,Postpaid,Yes,No
CUST04377,51,Female,Bangalore,1,Month-to-Month,DSL,564.92,564.92,25.53,471,0,0,0,Debit Card,Smartphone,Postpaid,No,Yes
CUST04378,54,Female,Bangalore,3,One Year,DSL,480.56,1317.78,35.89,129,26,2,1,Credit Card,Smartphone,Prepaid,Yes,No
CUST04379,23,Male,Chennai,22,Month-to-Month,DSL,601.69,12710.38,41.12,287,78,0,0,Cash,Smartphone,Postpaid,No,Yes
CUST04380,24,Male,Hyderabad,2,Month-to-Month,Fiber Optic,935.85,1858.8,62.55,319,62,1,0,UPI,Smartphone,Postpaid,No,Yes
CUST04381,49,Male,Chennai,18,One Year,No Internet,190.43,3586.52,2.88,414,77,0,0,Cash,Smartphone,Prepaid,Yes,No
CUST04382,49,Female,Mumbai,44,Two Year,DSL,598.83,25049.69,28.27,470,7,1,0,Credit Card,Smartphone,Postpaid,No,No
CUST04383,42,Male,Hyderabad,60,Month-to-Month,Fiber Optic,806.27,47983.12,48.49,205,78,2,1,UPI,Smartphone,Prepaid,Yes,No
CUST04384,50,Female,Bangalore,6,Month-to-Month,Fiber Optic,984.15,5418.57,45.94,340,75,1,0,Credit Card,Feature Phone,Postpaid,No,Yes
CUST04385,24,Male,Hyderabad,27,Month-to-Month,Fiber Optic,867.1,24357.9,61.12,323,61,1,0,UPI,Smartphone,Postpaid,No,No
CUST04386,69,Female,Hyderabad,7,Month-to-Month,DSL,571.6,4045.6,30.01,126,58,1,0,Net Banking,Smartphone,Prepaid,No,Yes
CUST04387,29,Female,Jaipur,14,Month-to-Month,Fiber Optic,780.46,11000.02,60.02,185,16,1,0,Credit Card,Smartphone,Prepaid,Yes,No
CUST04388,33,Female,Kolkata,15,One Year,No Internet,393.71,5800.25,4.95,427,84,2,1,Debit Card,Smartphone,Postpaid,No,No
CUST04389,33,Male,Chennai,38,One Year,Fiber Optic,910.31,34055.93,64.25,132,76,2,1,UPI,Router Only,Prepaid,Yes,Yes
CUST04390,60,Female,Pune,0,Month-to-Month,DSL,621.94,621.94,15.47,413,23,2,1,Credit Card,Smartphone,Postpaid,No,Yes
CUST04391,53,Male,Delhi,21,One Year,DSL,580.19,11049.02,17.98,345,55,1,0,UPI,Smartphone,Prepaid,No,No
CUST04392,30,Male,Kolkata,11,Month-to-Month,No Internet,235.63,2360.15,9.76,65,55,3,1,Debit Card,Smartphone,Prepaid,Yes,Yes
CUST04393,24,Female,Hyderabad,72,Month-to-Month,Fiber Optic,723.23,48364.18,60.45,125,62,1,0,Net Banking,Smartphone,Prepaid,No,No
CUST04394,53,Female,Mumbai,19,Month-to-Month,No Internet,356.21,6282.21,0.5,230,70,0,0,Credit Card,Smartphone,Prepaid,No,Yes
CUST04395,64,Male,Delhi,3,Month-to-Month,No Internet,365.72,996.86,0.5,337,74,5,1,Net Banking,Smartphone,Prepaid,Yes,Yes
CUST04396,68,Male,Delhi,5,Month-to-Month,No Internet,200.04,,1.46,326,0,1,0,UPI,Smartphone,Prepaid,Yes,Yes
CUST04397,26,Female,Delhi,13,One Year,No Internet,443.1,5623.98,0.5,361,23,2,1,Debit Card,Smartphone,Postpaid,Yes,No
CUST04398,49,Female,Delhi,26,One Year,No Internet,517.37,13315.89,0.59,468,36,2,1,Credit Card,Smartphone,Postpaid,No,No
CUST04399,28,Male,Delhi,61,Two Year,DSL,614.99,38192.89,35.44,205,77,0,0,Cash,Router Only,Prepaid,Yes,No
CUST04400,25,Female,Pune,0,Month-to-Month,No Internet,270.99,270.99,18.48,157,46,3,1,UPI,Smartphone,Prepaid,Yes,No
CUST04401,50,Male,Mumbai,6,Month-to-Month,DSL,717.36,4485.83,20.93,466,45,2,1,Debit Card,Tablet,Postpaid,No,No
CUST04402,40,Female,Bangalore,51,Two Year,DSL,728.64,38459.63,22.53,423,0,3,1,Credit Card,Smartphone,Postpaid,Yes,No
CUST04403,42,Female,Ahmedabad,10,Month-to-Month,DSL,639.94,6471.33,16.44,221,21,2,1,Credit Card,Router Only,Prepaid,No,No
CUST04404,25,Male,Delhi,30,One Year,No Internet,167.56,5029.62,7.94,68,62,1,0,UPI,Tablet,Prepaid,No,No
CUST04405,62,Female,Ahmedabad,44,Two Year,Fiber Optic,880.75,35560.97,38.11,583,7,2,1,UPI,Smartphone,Postpaid,No,No
CUST04406,39,Female,Chennai,27,One Year,No Internet,483.3,13028.98,0.5,393,37,2,1,Net Banking,Router Only,Postpaid,Yes,No
CUST04407,21,Female,Bangalore,15,Month-to-Month,Fiber Optic,882.66,12227.47,65.59,59,81,2,1,Net Banking,Feature Phone,Prepaid,Yes,Yes
CUST04408,57,Female,Delhi,34,Two Year,Fiber Optic,876.82,30164.71,33.6,313,8,1,0,Debit Card,Smartphone,Postpaid,Yes,No
CUST04409,20,Female,Delhi,38,One Year,Fiber Optic,888.81,31218.08,61.07,189,98,1,0,Credit Card,Router Only,Prepaid,Yes,No
CUST04410,46,Male,Bangalore,11,One Year,Fiber Optic,860.8,9489.87,42.22,285,36,4,1,Net Banking,Smartphone,Prepaid,Yes,No
CUST04411,58,Male,Delhi,10,One Year,No Internet,350.48,3192.3,8.87,356,31,2,1,UPI,Smartphone,Postpaid,No,No
CUST04412,46,Male,Mumbai,0,Month-to-Month,Fiber Optic,1018.94,1018.94,28.8,427,0,2,1,Cash,Router Only,Postpaid,Yes,No
CUST04413,51,Other,Delhi,1,Month-to-Month,DSL,554.26,554.26,23.29,431,0,1,0,Net Banking,Feature Phone,Postpaid,No,Yes
CUST04414,51,Female,Chennai,46,Two Year,Fiber Optic,906.35,39484.51,37.98,361,15,1,0,Debit Card,Smartphone,Postpaid,No,No
CUST04415,45,Female,Delhi,43,Month-to-Month,No Internet,343.67,13988.91,10.41,427,0,0,0,UPI,Smartphone,Postpaid,Yes,No
CUST04416,30,Male,Kolkata,27,Month-to-Month,No Internet,391.68,10362.43,0.5,351,27,1,0,Debit Card,Smartphone,Postpaid,Yes,Yes
CUST04417,32,Female,Mumbai,2,Month-to-Month,Fiber Optic,885.0,1811.67,39.0,376,56,0,0,UPI,Smartphone,Postpaid,Yes,Yes
CUST04418,40,Female,Kolkata,15,Month-to-Month,Fiber Optic,1015.05,15697.76,54.99,482,11,0,0,UPI,Smartphone,Postpaid,No,No
CUST04419,61,Female,Mumbai,38,One Year,Fiber Optic,885.16,30643.19,33.9,337,16,1,0,UPI,Smartphone,Postpaid,No,No
CUST04420,43,Male,Pune,44,Two Year,Fiber Optic,771.67,31537.89,40.93,217,77,0,0,Debit Card,Tablet,Prepaid,Yes,No
CUST04421,21,Male,Bangalore,7,Month-to-Month,Fiber Optic,904.7,5993.42,62.43,298,52,2,1,Net Banking,Smartphone,Postpaid,No,Yes
CUST04422,43,Female,Chennai,22,One Year,No Internet,221.78,4891.67,1.85,239,69,0,0,Credit Card,Smartphone,Prepaid,Yes,No
CUST04423,57,Female,Delhi,14,One Year,No Internet,564.91,7595.28,0.5,317,30,1,0,Credit Card,Smartphone,Postpaid,No,No
CUST04424,26,Male,Hyderabad,13,One Year,Fiber Optic,999.97,12629.34,71.25,377,27,0,0,Debit Card,Router Only,Postpaid,No,No
CUST04425,22,Female,Delhi,2,Month-to-Month,No Internet,282.79,575.57,0.5,78,62,2,1,UPI,Smartphone,Prepaid,Yes,No
CUST04426,49,Male,Hyderabad,5,One Year,Fiber Optic,732.93,3651.04,44.17,153,20,1,0,UPI,Smartphone,Prepaid,No,No
CUST04427,37,Female,Delhi,36,Two Year,Fiber Optic,870.92,30980.6,64.16,320,76,3,1,Debit Card,Smartphone,Prepaid,Yes,No
CUST04428,67,Female,Bangalore,7,Month-to-Month,DSL,510.07,3524.06,18.32,372,0,1,0,UPI,Feature Phone,Prepaid,No,No
CUST04429,28,Male,Delhi,41,One Year,Fiber Optic,815.69,31099.09,59.18,256,48,0,0,Credit Card,Smartphone,Prepaid,Yes,No
CUST04430,32,Female,Mumbai,66,Two Year,Fiber Optic,1083.88,65570.46,63.07,285,42,5,3,Debit Card,Router Only,Postpaid,No,Yes
CUST04431,49,Male,Chennai,28,One Year,Fiber Optic,877.91,23327.73,33.79,203,37,2,1,UPI,Smartphone,Prepaid,No,Yes
CUST04432,45,Male,Lucknow,24,One Year,DSL,596.54,14535.51,23.42,180,93,1,0,Credit Card,Smartphone,Prepaid,No,No
CUST04433,39,Female,Bangalore,32,Two Year,No Internet,332.73,10945.35,10.11,158,73,0,0,Credit Card,Feature Phone,Prepaid,Yes,No
CUST04434,58,Male,Pune,0,Month-to-Month,DSL,437.85,437.85,33.34,328,22,1,0,Credit Card,Smartphone,Prepaid,Yes,No
CUST04435,34,Male,Hyderabad,22,One Year,DSL,552.78,11232.91,48.55,288,93,0,0,Debit Card,Smartphone,Prepaid,Yes,Yes
CUST04436,43,Male,Hyderabad,7,Month-to-Month,DSL,491.08,3567.62,11.5,104,50,1,0,Net Banking,Smartphone,Prepaid,Yes,No
CUST04437,61,Male,Delhi,1,Month-to-Month,Fiber Optic,1129.32,1129.32,28.34,312,28,5,2,Net Banking,Router Only,Postpaid,No,Yes
CUST04438,24,Male,Delhi,12,Month-to-Month,No Internet,149.0,1833.86,9.35,352,53,3,2,Net Banking,Smartphone,Prepaid,No,Yes
CUST04439,59,Male,Jaipur,1,Month-to-Month,DSL,662.79,662.79,16.15,424,31,5,2,Credit Card,Tablet,Postpaid,Yes,Yes
CUST04440,43,Female,Bangalore,28,Month-to-Month,Fiber Optic,969.22,27654.03,41.1,381,55,2,1,Cash,Router Only,Postpaid,No,No
CUST04441,42,Male,Chennai,5,Month-to-Month,Fiber Optic,984.6,4453.07,43.08,437,57,6,2,UPI,Feature Phone,Postpaid,Yes,Yes
CUST04442,27,Female,Hyderabad,2,Month-to-Month,No Internet,213.05,411.27,15.44,17,29,2,1,Net Banking,Smartphone,Prepaid,Yes,No
CUST04443,62,Male,Bangalore,4,Month-to-Month,Fiber Optic,734.27,2910.52,43.29,160,29,2,1,Cash,Smartphone,Prepaid,Yes,Yes
CUST04444,36,Male,Bangalore,55,Two Year,No Internet,285.48,15002.32,9.41,472,37,1,1,UPI,Smartphone,Postpaid,Yes,No
CUST04445,28,Male,Hyderabad,10,Month-to-Month,Fiber Optic,907.35,,,267,14,3,1,Credit Card,Smartphone,Postpaid,Yes,No
CUST04446,30,Female,Delhi,11,Month-to-Month,DSL,513.11,5692.43,24.46,322,53,1,1,UPI,Smartphone,Prepaid,No,Yes
CUST04447,25,Female,Bangalore,33,One Year,Fiber Optic,825.85,26121.31,67.3,226,31,3,1,Debit Card,Smartphone,Prepaid,Yes,No
CUST04448,57,Female,Bangalore,6,Month-to-Month,No Internet,237.52,1376.44,3.46,314,81,1,0,Credit Card,Tablet,Prepaid,Yes,No
CUST04449,21,Male,Lucknow,29,Two Year,DSL,476.02,13441.69,22.93,210,63,2,1,Credit Card,Smartphone,Prepaid,No,No
CUST04450,64,Female,Bangalore,23,Two Year,Fiber Optic,979.95,22127.92,39.6,601,11,1,1,UPI,Smartphone,Postpaid,No,No
CUST04451,48,Male,Chennai,2,Month-to-Month,Fiber Optic,1207.24,2281.07,50.78,444,10,2,1,Credit Card,Router Only,Postpaid,No,Yes
CUST04452,45,Male,Delhi,35,Two Year,Fiber Optic,1073.38,35102.37,30.57,403,2,2,1,Net Banking,Router Only,Postpaid,No,Yes
CUST04453,28,Female,Delhi,24,One Year,No Internet,188.16,4140.62,6.76,268,91,0,0,Debit Card,Smartphone,Prepaid,Yes,No
CUST04454,60,Male,Ahmedabad,15,Month-to-Month,DSL,669.8,9253.78,27.89,446,0,0,0,UPI,Router Only,Postpaid,Yes,No
CUST04455,18,Other,Pune,28,One Year,No Internet,334.22,9078.75,6.53,299,93,4,1,Credit Card,Router Only,Prepaid,No,No
CUST04456,66,Male,Mumbai,22,One Year,Fiber Optic,1090.72,23987.86,40.49,433,0,2,1,Net Banking,Router Only,Postpaid,No,No
CUST04457,64,Other,Hyderabad,10,One Year,DSL,451.35,4512.98,6.3,145,0,2,1,UPI,Smartphone,Prepaid,No,No
CUST04458,69,Female,Delhi,3,One Year,No Internet,347.08,1008.41,4.43,402,11,1,0,Credit Card,Smartphone,Postpaid,No,No
CUST04459,55,Female,Pune,4,Month-to-Month,DSL,589.63,2341.58,12.09,442,5,0,0,UPI,Smartphone,Postpaid,No,No
CUST04460,41,Male,Delhi,36,Two Year,Fiber Optic,738.63,27756.68,56.57,293,99,0,0,Credit Card,Tablet,Prepaid,Yes,No
CUST04461,64,Male,Kolkata,27,Two Year,DSL,789.24,22318.33,12.07,583,54,1,0,Net Banking,Router Only,Postpaid,Yes,No
CUST04462,48,Female,Hyderabad,32,One Year,DSL,620.1,20373.45,18.16,488,32,2,1,UPI,Tablet,Postpaid,Yes,No
CUST04463,58,Male,Mumbai,12,Month-to-Month,DSL,538.24,,,281,18,1,0,Credit Card,Smartphone,Prepaid,Yes,No
CUST04464,63,Female,Ahmedabad,22,One Year,Fiber Optic,923.82,18706.13,30.91,478,21,0,0,UPI,Smartphone,Postpaid,Yes,Yes
CUST04465,67,Other,Lucknow,30,One Year,Fiber Optic,857.77,24235.85,33.2,554,14,3,1,Credit Card,Smartphone,Postpaid,Yes,Yes
CUST04466,43,Male,Mumbai,51,Two Year,No Internet,534.43,28430.59,0.5,362,31,2,1,UPI,Feature Phone,Postpaid,Yes,No
CUST04467,66,Female,Kolkata,41,Two Year,Fiber Optic,1020.98,38492.13,32.19,609,0,2,1,UPI,Router Only,Postpaid,No,No
CUST04468,67,Female,Kolkata,31,Two Year,Fiber Optic,999.66,31956.06,43.54,346,63,1,0,Net Banking,Smartphone,Postpaid,Yes,No
CUST04469,22,Male,Kolkata,7,Month-to-Month,DSL,490.26,3314.73,40.38,301,72,2,1,Net Banking,Smartphone,Prepaid,Yes,Yes
CUST04470,37,Male,Lucknow,28,Two Year,DSL,593.96,17400.0,28.36,155,65,1,0,UPI,Tablet,Prepaid,Yes,No
CUST04471,69,Male,Hyderabad,4,Month-to-Month,No Internet,465.22,1874.8,15.56,504,0,0,0,UPI,Smartphone,Postpaid,Yes,Yes
CUST04472,58,Male,Pune,8,Month-to-Month,Fiber Optic,1062.09,8076.61,39.36,467,0,1,0,Net Banking,Tablet,Postpaid,Yes,No
CUST04473,28,Female,Ahmedabad,21,Month-to-Month,DSL,507.01,9771.05,32.53,237,67,2,1,Net Banking,Smartphone,Prepaid,No,Yes
CUST04474,50,Male,Hyderabad,39,Two Year,Fiber Optic,759.43,27717.26,44.42,206,26,0,0,Net Banking,Smartphone,Prepaid,No,No
CUST04475,67,Female,Hyderabad,41,Two Year,Fiber Optic,766.52,31604.35,29.62,451,17,3,2,Cash,Tablet,Prepaid,Yes,No
CUST04476,55,Male,Mumbai,28,Month-to-Month,Fiber Optic,849.28,22547.12,29.37,131,40,2,1,Cash,Smartphone,Prepaid,Yes,No
CUST04477,44,Female,Kolkata,5,Month-to-Month,DSL,570.34,2972.51,18.61,405,16,1,0,Debit Card,Smartphone,Postpaid,No,Yes
CUST04478,51,Female,Pune,40,Two Year,DSL,473.06,18548.14,15.32,195,60,1,0,Credit Card,Smartphone,Prepaid,Yes,No
CUST04479,32,Male,Bangalore,20,One Year,Fiber Optic,759.12,14859.04,58.85,146,72,0,0,UPI,Smartphone,Prepaid,No,No
CUST04480,49,Male,Bangalore,20,Month-to-Month,Fiber Optic,888.97,18154.06,52.23,481,12,3,1,Cash,Smartphone,Postpaid,Yes,Yes
CUST04481,38,Female,Delhi,3,Month-to-Month,DSL,491.74,1504.12,21.97,332,22,4,2,Credit Card,Smartphone,Prepaid,Yes,Yes
CUST04482,63,Female,Delhi,23,One Year,Fiber Optic,897.37,20702.56,29.96,275,76,1,0,UPI,Feature Phone,Prepaid,No,No
CUST04483,22,Male,Hyderabad,38,Two Year,Fiber Optic,823.51,32633.15,56.84,210,67,2,1,Net Banking,Smartphone,Prepaid,Yes,No
CUST04484,23,Male,Bangalore,49,Month-to-Month,DSL,509.76,24652.68,34.73,148,0,1,0,Cash,Feature Phone,Prepaid,Yes,Yes
CUST04485,55,Male,Kolkata,8,Month-to-Month,Fiber Optic,1002.6,8302.12,35.83,417,0,6,2,UPI,Router Only,Postpaid,Yes,No
CUST04486,39,Male,Hyderabad,4,Month-to-Month,DSL,583.26,2264.37,39.73,108,51,6,2,Debit Card,Smartphone,Prepaid,Yes,Yes
CUST04487,35,Female,Jaipur,4,Month-to-Month,DSL,540.9,2194.53,21.84,322,53,1,1,Credit Card,Smartphone,Postpaid,No,Yes
CUST04488,31,Female,Mumbai,25,One Year,Fiber Optic,804.22,18800.92,68.24,393,67,2,1,Cash,Smartphone,Prepaid,No,No
CUST04489,27,Male,Lucknow,49,Two Year,No Internet,410.56,20672.11,0.5,502,9,2,1,Cash,Feature Phone,Postpaid,Yes,No
CUST04490,63,Other,Mumbai,6,One Year,DSL,568.76,3251.89,4.97,186,67,1,0,Net Banking,Router Only,Prepaid,Yes,Yes
CUST04491,30,Male,Chennai,47,Two Year,Fiber Optic,853.1,40452.38,66.63,219,17,0,0,Cash,Smartphone,Prepaid,Yes,No
CUST04492,48,Female,Hyderabad,56,Two Year,DSL,523.58,27806.32,20.61,313,52,1,0,Credit Card,Tablet,Prepaid,Yes,No
CUST04493,47,Male,Bangalore,10,Month-to-Month,DSL,485.92,5068.07,19.17,365,28,1,0,UPI,Smartphone,Prepaid,No,No
CUST04494,20,Male,Delhi,0,Month-to-Month,DSL,508.81,508.81,28.71,223,112,1,0,Debit Card,Smartphone,Prepaid,No,No
CUST04495,47,Male,Delhi,1,One Year,DSL,479.02,479.02,27.8,219,83,4,2,Net Banking,Smartphone,Prepaid,Yes,No
CUST04496,23,Male,Pune,9,Month-to-Month,No Internet,331.44,2861.21,11.35,165,93,0,0,Credit Card,Smartphone,Prepaid,No,No
CUST04497,46,Female,Bangalore,34,One Year,No Internet,273.53,9116.07,17.53,223,44,2,1,Debit Card,Smartphone,Prepaid,Yes,No
CUST04498,25,Female,Lucknow,1,Month-to-Month,DSL,688.26,688.26,35.07,368,49,3,1,Net Banking,Smartphone,Postpaid,No,Yes
CUST04499,61,Male,Mumbai,26,One Year,DSL,547.59,13889.26,24.86,326,27,0,0,Net Banking,Router Only,Prepaid,Yes,No
CUST04500,62,Female,Lucknow,13,One Year,Fiber Optic,940.55,11246.26,25.39,575,3,4,2,Cash,Smartphone,Postpaid,No,No
CUST04501,60,Male,Mumbai,23,Month-to-Month,No Internet,182.85,3930.77,0.5,363,20,0,0,UPI,Smartphone,Prepaid,No,Yes
CUST04502,61,Female,Delhi,21,One Year,Fiber Optic,1099.12,23099.77,39.83,494,55,0,0,Debit Card,Router Only,Postpaid,Yes,No
CUST04503,50,Male,Mumbai,8,Month-to-Month,DSL,442.68,3436.35,26.66,202,61,2,1,UPI,Smartphone,Prepaid,Yes,No
CUST04504,34,Male,Jaipur,13,Month-to-Month,Fiber Optic,981.03,12428.64,65.8,361,10,0,0,Cash,Smartphone,Postpaid,No,No
CUST04505,65,Male,Hyderabad,0,One Year,Fiber Optic,841.45,841.45,24.17,368,48,0,0,UPI,Smartphone,Prepaid,No,No
CUST04506,28,Female,Delhi,2,Month-to-Month,Fiber Optic,788.65,1470.45,56.64,211,57,1,0,Net Banking,Smartphone,Prepaid,No,No
CUST04507,30,Female,Mumbai,36,Two Year,Fiber Optic,845.64,29918.31,55.39,229,68,3,1,Credit Card,Router Only,Prepaid,Yes,No
CUST04508,67,Male,Mumbai,40,Month-to-Month,Fiber Optic,932.96,36561.9,29.97,400,0,1,0,Debit Card,Smartphone,Postpaid,Yes,Yes
CUST04509,28,Male,Chennai,26,One Year,Fiber Optic,854.1,21468.82,46.25,163,90,2,1,Cash,Router Only,Prepaid,Yes,Yes
CUST04510,48,Male,Bangalore,38,One Year,Fiber Optic,670.36,26097.85,46.37,236,49,0,0,Credit Card,Smartphone,Prepaid,Yes,No
CUST04511,45,Female,Kolkata,3,Month-to-Month,DSL,607.63,1795.6,7.38,316,72,2,1,UPI,Smartphone,Prepaid,No,Yes
CUST04512,61,Female,Chennai,7,Month-to-Month,Fiber Optic,777.44,5567.59,40.79,167,26,1,1,Debit Card,Feature Phone,Prepaid,Yes,No
CUST04513,23,Male,Ahmedabad,34,One Year,DSL,642.51,22478.94,38.06,352,10,1,0,UPI,Smartphone,Postpaid,No,No
CUST04514,58,Male,Hyderabad,3,Month-to-Month,No Internet,335.65,,9.26,484,0,0,0,Credit Card,Smartphone,Postpaid,No,Yes
CUST04515,33,Female,Bangalore,15,Month-to-Month,DSL,727.16,11351.06,30.43,198,45,1,1,UPI,Router Only,Postpaid,Yes,No
CUST04516,21,Male,Lucknow,14,One Year,Fiber Optic,852.17,12103.0,69.72,402,13,5,2,Cash,Smartphone,Postpaid,Yes,Yes
CUST04517,52,Male,Bangalore,32,Month-to-Month,Fiber Optic,917.61,28560.41,26.54,441,11,0,0,Debit Card,Smartphone,Postpaid,Yes,No
CUST04518,65,Male,Bangalore,17,One Year,Fiber Optic,910.2,15829.17,28.34,322,1,0,0,UPI,Tablet,Postpaid,Yes,No
CUST04519,43,Male,Kolkata,51,Two Year,No Internet,149.0,7101.13,0.73,407,61,0,0,Credit Card,Smartphone,Prepaid,Yes,No
CUST04520,29,Female,Delhi,2,Month-to-Month,Fiber Optic,828.07,1694.08,47.6,171,38,4,2,UPI,Smartphone,Prepaid,No,Yes
CUST04521,28,Female,Bangalore,6,Month-to-Month,DSL,671.73,3963.66,19.19,130,44,2,1,Debit Card,Smartphone,Postpaid,No,Yes
CUST04522,54,Male,Delhi,7,Month-to-Month,Fiber Optic,734.33,4968.8,32.34,358,48,2,1,UPI,Smartphone,Prepaid,Yes,No
CUST04523,42,Female,Delhi,15,One Year,Fiber Optic,971.23,14359.19,47.7,421,7,1,1,Debit Card,Smartphone,Postpaid,Yes,No
CUST04524,35,Male,Delhi,10,Month-to-Month,DSL,772.27,7780.46,32.14,407,60,0,0,Debit Card,Router Only,Postpaid,Yes,Yes
CUST04525,36,Female,Delhi,13,Month-to-Month,Fiber Optic,892.54,10925.44,39.91,335,34,1,0,UPI,Smartphone,Postpaid,No,Yes
CUST04526,40,Female,Bangalore,39,Month-to-Month,Fiber Optic,953.6,34015.19,52.4,181,41,1,1,Cash,Router Only,Prepaid,Yes,Yes
CUST04527,55,Female,Kolkata,18,Month-to-Month,No Internet,193.96,3617.04,0.5,243,53,3,1,Debit Card,Tablet,Prepaid,No,No
CUST04528,35,Male,Chennai,22,One Year,Fiber Optic,1109.54,25449.21,55.18,430,48,2,1,UPI,Smartphone,Postpaid,Yes,No
CUST04529,43,Male,Chennai,0,Month-to-Month,DSL,604.05,604.05,31.31,197,58,2,1,UPI,Smartphone,Prepaid,No,Yes
CUST04530,23,Male,Hyderabad,2,Month-to-Month,Fiber Optic,929.66,1815.81,61.5,340,67,4,2,Credit Card,Smartphone,Postpaid,No,Yes
CUST04531,21,Female,Kolkata,9,Month-to-Month,No Internet,426.73,3487.57,8.14,403,49,1,0,UPI,Tablet,Postpaid,No,No
CUST04532,61,Male,Jaipur,52,Month-to-Month,DSL,649.38,32496.75,24.64,514,41,5,1,UPI,Smartphone,Postpaid,Yes,No
CUST04533,68,Female,Ahmedabad,12,Month-to-Month,Fiber Optic,938.83,10714.42,37.99,487,0,2,1,UPI,Smartphone,Postpaid,No,Yes
CUST04534,46,Other,Kolkata,26,Month-to-Month,No Internet,314.56,7831.04,6.08,199,49,1,0,Credit Card,Router Only,Prepaid,Yes,Yes
CUST04535,51,Female,Mumbai,1,Month-to-Month,Fiber Optic,943.18,950.63,23.53,282,8,3,1,Net Banking,Feature Phone,Postpaid,No,No
CUST04536,34,Female,Chennai,18,One Year,Fiber Optic,799.1,13724.84,56.05,324,59,1,0,Credit Card,Feature Phone,Prepaid,No,No
CUST04537,60,Male,Chennai,3,Month-to-Month,DSL,611.05,1867.37,5.49,433,53,2,1,Debit Card,Smartphone,Postpaid,No,No
CUST04538,60,Male,Hyderabad,21,One Year,DSL,478.98,10547.58,23.89,281,21,1,0,UPI,Smartphone,Prepaid,No,No
CUST04539,33,Male,Hyderabad,23,Month-to-Month,DSL,467.6,10560.64,26.94,90,65,1,0,Credit Card,Feature Phone,Prepaid,No,No
CUST04540,19,Female,Delhi,7,One Year,DSL,754.87,,,294,14,2,1,Credit Card,Smartphone,Postpaid,Yes,No
CUST04541,51,Male,Delhi,25,Month-to-Month,DSL,581.15,15163.34,23.09,222,86,1,0,UPI,Smartphone,Prepaid,Yes,No
CUST04542,25,Female,Jaipur,49,Two Year,No Internet,447.38,22135.78,11.17,200,65,1,0,Net Banking,Router Only,Prepaid,No,No
CUST04543,30,Male,Chennai,22,One Year,No Internet,229.57,4715.8,0.5,241,54,2,1,Debit Card,Smartphone,Prepaid,No,No
CUST04544,59,Male,Mumbai,0,Month-to-Month,DSL,493.05,493.05,21.74,195,68,3,2,UPI,Smartphone,Prepaid,No,Yes
CUST04545,25,Female,Mumbai,33,Month-to-Month,Fiber Optic,790.52,23518.55,44.4,202,63,1,0,Net Banking,Smartphone,Prepaid,No,Yes
CUST04546,47,Male,Chennai,39,One Year,No Internet,294.5,11329.28,4.39,420,42,2,1,Cash,Smartphone,Postpaid,No,No
CUST04547,49,Male,Bangalore,52,Two Year,DSL,541.74,28245.75,25.31,506,28,0,0,Debit Card,Smartphone,Postpaid,Yes,No
CUST04548,53,Female,Bangalore,38,Month-to-Month,No Internet,286.31,10089.51,3.58,351,53,0,0,UPI,Router Only,Prepaid,Yes,No
CUST04549,64,Male,Delhi,2,Month-to-Month,Fiber Optic,930.07,1688.45,45.49,376,71,1,0,Debit Card,Smartphone,Postpaid,Yes,Yes
CUST04550,47,Male,Delhi,19,Month-to-Month,DSL,465.82,,,291,51,0,0,Net Banking,Smartphone,Prepaid,No,No
CUST04551,18,Male,Bangalore,2,Month-to-Month,No Internet,324.36,673.96,9.36,253,84,0,0,Net Banking,Smartphone,Prepaid,No,Yes
CUST04552,60,Female,Pune,10,Month-to-Month,DSL,667.51,6591.12,22.47,488,0,1,0,Debit Card,Smartphone,Postpaid,Yes,Yes
CUST04553,56,Female,Delhi,18,Month-to-Month,DSL,792.33,13201.78,10.83,244,0,1,0,UPI,Router Only,Postpaid,Yes,No
CUST04554,34,Female,Bangalore,10,Month-to-Month,No Internet,463.01,4594.68,17.33,320,29,2,1,Net Banking,Smartphone,Postpaid,No,No
CUST04555,37,Male,Pune,8,Month-to-Month,DSL,705.12,5078.99,40.87,314,9,0,0,UPI,Tablet,Postpaid,No,Yes
CUST04556,41,Male,Kolkata,27,One Year,DSL,686.96,17732.78,33.59,439,6,3,1,Net Banking,Smartphone,Postpaid,Yes,No
CUST04557,67,Male,Mumbai,31,One Year,Fiber Optic,998.1,31411.11,27.16,292,0,0,0,Net Banking,Smartphone,Postpaid,Yes,No
CUST04558,39,Female,Pune,1,Month-to-Month,DSL,458.4,458.4,30.58,387,99,2,1,Net Banking,Smartphone,Prepaid,No,Yes
CUST04559,46,Male,Lucknow,27,Two Year,Fiber Optic,820.34,21940.11,44.99,295,60,0,0,UPI,Smartphone,Prepaid,Yes,No
CUST04560,39,Male,Jaipur,3,Month-to-Month,Fiber Optic,1057.79,3006.32,50.43,405,55,8,3,Cash,Smartphone,Postpaid,Yes,No
CUST04561,61,Female,Kolkata,0,Month-to-Month,DSL,756.57,756.57,19.22,370,60,2,1,UPI,Smartphone,Postpaid,No,Yes
CUST04562,26,Female,Pune,18,One Year,Fiber Optic,977.05,18003.64,57.91,241,22,2,1,Credit Card,Smartphone,Postpaid,Yes,No
CUST04563,54,Male,Mumbai,9,One Year,No Internet,261.28,2309.76,0.5,332,79,1,0,UPI,Smartphone,Prepaid,No,No
CUST04564,27,Male,Chennai,42,Two Year,DSL,622.71,26642.46,35.39,270,0,2,1,Debit Card,Smartphone,Postpaid,No,No
CUST04565,53,Male,Chennai,12,Month-to-Month,DSL,528.45,6628.49,11.67,0,74,2,1,Debit Card,Router Only,Prepaid,No,Yes
CUST04566,54,Male,Bangalore,22,Month-to-Month,Fiber Optic,908.63,18541.29,44.03,382,6,1,0,Net Banking,Smartphone,Postpaid,Yes,No
CUST04567,45,Female,Hyderabad,28,One Year,Fiber Optic,913.94,23556.93,47.54,59,46,1,0,Cash,Smartphone,Prepaid,Yes,Yes
CUST04568,45,Female,Pune,4,Month-to-Month,Fiber Optic,744.65,3118.98,27.15,231,81,1,0,Net Banking,Smartphone,Prepaid,Yes,No
CUST04569,59,Female,Lucknow,18,Month-to-Month,Fiber Optic,738.16,12423.17,35.22,338,46,0,0,Debit Card,Smartphone,Prepaid,No,Yes
CUST04570,60,Male,Mumbai,15,One Year,No Internet,277.29,4009.77,3.46,386,24,1,0,UPI,Smartphone,Postpaid,Yes,No
CUST04571,38,Male,Mumbai,54,Month-to-Month,DSL,449.24,24876.32,26.91,341,34,1,0,Cash,Smartphone,Prepaid,Yes,No
CUST04572,41,Male,Chennai,26,Month-to-Month,No Internet,450.33,10942.3,0.5,298,59,1,0,Cash,Router Only,Prepaid,No,No
CUST04573,59,Male,Delhi,7,Month-to-Month,DSL,637.54,4492.78,9.27,198,36,2,1,Cash,Router Only,Prepaid,Yes,No
CUST04574,57,Female,Chennai,32,Month-to-Month,DSL,723.03,23554.11,30.59,383,6,0,0,UPI,Feature Phone,Postpaid,Yes,Yes
CUST04575,19,Male,Delhi,1,Month-to-Month,DSL,563.06,563.06,25.62,205,75,5,2,Net Banking,Smartphone,Prepaid,No,Yes
CUST04576,25,Male,Hyderabad,32,Month-to-Month,Fiber Optic,891.02,27746.06,57.23,147,49,2,1,Net Banking,Smartphone,Prepaid,Yes,No
CUST04577,65,Male,Chennai,30,Month-to-Month,DSL,520.46,14588.06,20.83,250,56,0,0,Credit Card,Smartphone,Prepaid,No,No
CUST04578,44,Male,Delhi,11,Two Year,Fiber Optic,904.67,9890.57,30.46,375,39,2,1,Debit Card,Smartphone,Postpaid,No,No
CUST04579,39,Male,Mumbai,14,Month-to-Month,DSL,739.32,9627.32,20.68,191,24,1,1,Net Banking,Smartphone,Postpaid,Yes,No
CUST04580,54,Female,Bangalore,51,Two Year,Fiber Optic,1061.18,50840.55,40.49,411,0,3,2,Debit Card,Tablet,Postpaid,Yes,No
CUST04581,44,Male,Bangalore,4,Month-to-Month,DSL,608.26,2407.38,19.28,408,44,2,1,Debit Card,Router Only,Prepaid,Yes,No
CUST04582,46,Female,Pune,2,Month-to-Month,Fiber Optic,1050.87,1979.05,29.34,379,8,2,1,Debit Card,Router Only,Postpaid,No,Yes
CUST04583,20,Male,Hyderabad,11,Month-to-Month,Fiber Optic,892.76,9521.56,70.51,460,77,2,1,Debit Card,Feature Phone,Postpaid,Yes,Yes
CUST04584,61,Male,Bangalore,1,Month-to-Month,DSL,639.87,667.1,12.5,440,9,2,1,Debit Card,Feature Phone,Postpaid,Yes,Yes
CUST04585,30,Female,Bangalore,6,Month-to-Month,Fiber Optic,727.47,4317.72,57.98,249,80,1,0,Credit Card,Smartphone,Prepaid,Yes,No
CUST04586,62,Male,Delhi,12,Month-to-Month,Fiber Optic,1051.63,12778.97,32.59,399,13,0,0,Credit Card,Router Only,Postpaid,Yes,Yes
CUST04587,27,Female,Kolkata,16,One Year,Fiber Optic,762.26,12262.57,52.83,301,51,2,1,Net Banking,Smartphone,Prepaid,No,No
CUST04588,53,Male,Delhi,3,Month-to-Month,Fiber Optic,993.95,3109.81,38.84,439,47,3,1,Credit Card,Smartphone,Postpaid,Yes,Yes
CUST04589,26,Female,Ahmedabad,5,One Year,No Internet,187.95,860.84,0.5,13,23,2,1,Debit Card,Smartphone,Prepaid,No,Yes
CUST04590,44,Female,Hyderabad,14,One Year,DSL,627.95,8154.42,24.76,464,38,1,1,UPI,Smartphone,Postpaid,No,No
CUST04591,51,Female,Hyderabad,2,Month-to-Month,No Internet,217.78,436.81,10.08,245,50,2,1,Net Banking,Smartphone,Prepaid,Yes,Yes
CUST04592,68,Female,Pune,55,Two Year,Fiber Optic,790.88,44670.71,37.05,376,19,9,3,Debit Card,Smartphone,Postpaid,No,No
CUST04593,18,Female,Ahmedabad,38,One Year,Fiber Optic,903.21,34733.07,68.64,234,38,3,1,Debit Card,Smartphone,Postpaid,Yes,No
CUST04594,49,Male,Lucknow,48,Two Year,DSL,445.42,19715.68,10.61,341,0,1,0,Credit Card,Smartphone,Prepaid,Yes,No
CUST04595,42,Female,Hyderabad,36,Month-to-Month,Fiber Optic,706.49,25483.77,43.65,316,52,0,0,Cash,Smartphone,Prepaid,Yes,Yes
CUST04596,46,Female,Delhi,39,Two Year,Fiber Optic,840.77,32600.73,48.71,170,54,2,1,UPI,Smartphone,Prepaid,Yes,No
CUST04597,24,Male,Ahmedabad,60,Two Year,DSL,500.04,29418.56,37.8,299,67,1,0,Debit Card,Smartphone,Postpaid,No,No
CUST04598,66,Male,Delhi,26,One Year,DSL,488.65,12509.41,9.85,345,7,1,0,Net Banking,Smartphone,Postpaid,No,No
CUST04599,20,Female,Kolkata,22,Month-to-Month,Fiber Optic,913.71,19922.15,64.44,24,46,2,1,Credit Card,Router Only,Prepaid,No,No
CUST04600,37,Male,Pune,52,Two Year,Fiber Optic,811.15,39107.07,35.36,335,76,6,3,Debit Card,Tablet,Prepaid,Yes,No
CUST04601,37,Male,Jaipur,28,Two Year,DSL,620.51,16503.31,36.37,505,12,1,0,UPI,Smartphone,Postpaid,No,No
CUST04602,47,Female,Jaipur,20,One Year,Fiber Optic,830.58,16476.34,39.81,254,51,3,2,UPI,Smartphone,Prepaid,No,No
CUST04603,52,Male,Delhi,13,Month-to-Month,No Internet,439.12,5205.72,0.5,329,2,1,0,UPI,Tablet,Postpaid,Yes,No
CUST04604,52,Male,Chennai,48,Two Year,No Internet,554.97,26812.29,2.66,497,27,2,1,Debit Card,Router Only,Postpaid,No,No
CUST04605,66,Female,Delhi,8,Month-to-Month,No Internet,322.84,2613.26,1.75,508,21,1,0,Net Banking,Smartphone,Postpaid,Yes,No
CUST04606,56,Male,Delhi,4,Month-to-Month,Fiber Optic,812.07,2993.52,50.64,252,33,2,1,Debit Card,Smartphone,Prepaid,No,Yes
CUST04607,44,Female,Bangalore,41,Two Year,Fiber Optic,926.98,35825.06,57.93,405,65,2,1,Credit Card,Smartphone,Postpaid,Yes,No
CUST04608,43,Male,Delhi,52,Two Year,No Internet,285.03,13853.17,8.3,253,80,1,0,Net Banking,Feature Phone,Prepaid,Yes,No
CUST04609,31,Male,Pune,51,Two Year,Fiber Optic,893.8,42460.77,59.73,194,71,3,1,Cash,Smartphone,Prepaid,Yes,No
CUST04610,34,Male,Lucknow,37,One Year,Fiber Optic,802.36,28351.42,50.29,182,40,1,0,Debit Card,Smartphone,Prepaid,No,No
CUST04611,35,Female,Chennai,1,Month-to-Month,Fiber Optic,817.89,828.68,59.81,264,77,0,0,UPI,Smartphone,Prepaid,No,Yes
CUST04612,62,Male,Mumbai,26,Two Year,Fiber Optic,963.69,24078.97,35.02,384,16,1,1,UPI,Smartphone,Postpaid,Yes,No
CUST04613,69,Male,Ahmedabad,11,Month-to-Month,DSL,543.88,5864.37,20.32,220,15,2,1,Net Banking,Router Only,Prepaid,Yes,Yes
CUST04614,46,Male,Ahmedabad,26,One Year,No Internet,222.48,5312.46,7.02,107,81,1,0,Credit Card,Tablet,Prepaid,No,No
CUST04615,37,Male,Pune,35,One Year,DSL,514.06,17851.18,29.97,118,56,1,1,UPI,Feature Phone,Prepaid,Yes,No
CUST04616,44,Male,Chennai,22,Month-to-Month,DSL,702.4,16223.41,25.13,459,33,1,0,Net Banking,Smartphone,Postpaid,Yes,No
CUST04617,35,Male,Ahmedabad,1,Month-to-Month,Fiber Optic,883.76,892.04,50.81,291,74,3,1,Credit Card,Smartphone,Prepaid,Yes,Yes
CUST04618,21,Female,Delhi,11,Month-to-Month,DSL,865.36,9259.45,39.35,336,32,1,0,UPI,Router Only,Postpaid,Yes,Yes
CUST04619,18,Male,Jaipur,72,Month-to-Month,Fiber Optic,941.58,65807.36,72.64,339,37,3,2,UPI,Smartphone,Postpaid,No,Yes
CUST04620,67,Female,Lucknow,6,Month-to-Month,Fiber Optic,951.74,5929.59,39.26,299,55,2,1,Net Banking,Smartphone,Postpaid,No,No
CUST04621,18,Female,Ahmedabad,1,Month-to-Month,Fiber Optic,916.29,916.29,70.34,254,61,1,0,Net Banking,Smartphone,Postpaid,No,Yes
CUST04622,43,Male,Mumbai,18,One Year,DSL,606.76,11019.47,32.35,131,49,2,1,Debit Card,Router Only,Prepaid,Yes,No
CUST04623,62,Male,Ahmedabad,27,One Year,Fiber Optic,933.54,24991.22,29.17,394,0,2,1,Debit Card,Smartphone,Postpaid,Yes,No
CUST04624,37,Female,Hyderabad,17,Month-to-Month,No Internet,279.26,4718.99,3.54,237,20,1,0,Net Banking,Tablet,Prepaid,No,Yes
CUST04625,69,Female,Chennai,36,One Year,No Internet,358.74,11785.38,9.97,578,18,1,1,Net Banking,Smartphone,Postpaid,No,No
CUST04626,40,Male,Ahmedabad,10,Month-to-Month,Fiber Optic,647.89,,,215,48,2,1,,Smartphone,Prepaid,No,Yes
CUST04627,27,Female,Delhi,4,Month-to-Month,Fiber Optic,694.31,2766.97,73.5,35,72,6,2,Debit Card,Tablet,Prepaid,Yes,Yes
CUST04628,28,Male,Bangalore,8,Month-to-Month,DSL,585.85,4739.54,33.32,342,39,1,0,Net Banking,Tablet,Postpaid,No,No
CUST04629,58,Male,Kolkata,7,One Year,No Internet,343.89,2411.13,3.75,365,57,1,0,Credit Card,Smartphone,Prepaid,Yes,No
CUST04630,58,Male,Kolkata,26,Month-to-Month,No Internet,458.93,12313.71,10.63,268,26,0,0,Debit Card,Feature Phone,Postpaid,Yes,No
CUST04631,22,Female,Ahmedabad,7,Month-to-Month,Fiber Optic,952.59,6998.96,57.85,376,89,0,0,UPI,Smartphone,Postpaid,Yes,Yes
CUST04632,18,Female,Delhi,17,Month-to-Month,Fiber Optic,953.83,15058.13,81.72,231,51,2,1,Net Banking,Smartphone,Postpaid,Yes,No
CUST04633,34,Female,Pune,44,Two Year,Fiber Optic,745.73,33903.84,53.55,292,46,2,1,UPI,Smartphone,Prepaid,Yes,No
CUST04634,39,Male,Delhi,36,Two Year,Fiber Optic,760.39,25836.07,46.96,156,47,2,1,Debit Card,Feature Phone,Prepaid,Yes,No
CUST04635,51,Female,Kolkata,8,Month-to-Month,Fiber Optic,937.39,7043.91,35.16,479,15,1,0,Cash,Smartphone,Postpaid,Yes,Yes
CUST04636,62,Male,Mumbai,2,Month-to-Month,DSL,440.64,822.83,42.62,324,16,1,0,Credit Card,Smartphone,Prepaid,No,No
CUST04637,58,Female,Pune,46,Two Year,Fiber Optic,928.33,41931.52,52.1,171,36,3,1,UPI,Smartphone,Prepaid,Yes,No
CUST04638,46,Male,Bangalore,6,Month-to-Month,No Internet,341.93,2008.58,11.05,314,55,0,0,UPI,Feature Phone,Prepaid,Yes,No
CUST04639,21,Male,Lucknow,10,Month-to-Month,Fiber Optic,1052.88,10819.17,68.32,262,38,1,0,Debit Card,Smartphone,Postpaid,Yes,Yes
CUST04640,22,Male,Chennai,3,Month-to-Month,Fiber Optic,752.34,2179.95,53.44,289,71,0,0,UPI,Tablet,Prepaid,Yes,Yes
CUST04641,28,Female,Chennai,49,Two Year,Fiber Optic,907.1,45226.94,67.67,252,2,1,0,Debit Card,Router Only,Prepaid,No,No
CUST04642,68,Male,Bangalore,26,One Year,Fiber Optic,910.97,24778.15,21.57,373,35,2,1,UPI,Smartphone,Prepaid,Yes,No
CUST04643,38,Male,Pune,1,Month-to-Month,DSL,417.05,417.05,16.4,314,34,1,0,UPI,Tablet,Prepaid,Yes,Yes
CUST04644,52,Male,Hyderabad,15,Month-to-Month,Fiber Optic,962.89,13180.29,42.38,400,41,0,0,Net Banking,Smartphone,Postpaid,Yes,No
CUST04645,29,Female,Delhi,20,Two Year,No Internet,352.11,6707.48,3.12,399,21,3,1,Cash,Tablet,Postpaid,Yes,No
CUST04646,43,Female,Chennai,7,Month-to-Month,No Internet,254.96,1862.77,5.77,226,79,1,0,Credit Card,Feature Phone,Prepaid,No,No
CUST04647,68,Female,Ahmedabad,11,One Year,No Internet,364.0,4073.78,0.5,309,8,0,0,Cash,Smartphone,Prepaid,No,No
CUST04648,36,Male,Mumbai,28,Month-to-Month,DSL,705.89,19135.15,32.18,318,0,0,0,Cash,Smartphone,Postpaid,Yes,No
CUST04649,62,Male,Mumbai,40,One Year,DSL,596.07,21791.41,11.5,171,33,2,1,Credit Card,Router Only,Prepaid,Yes,No
CUST04650,24,Female,Chennai,1,Month-to-Month,Fiber Optic,817.8,817.8,49.02,159,84,3,2,Cash,Tablet,Prepaid,Yes,Yes
CUST04651,64,Male,Kolkata,32,One Year,DSL,466.06,15406.51,30.03,423,9,1,0,UPI,Feature Phone,Postpaid,No,No
CUST04652,24,Male,Mumbai,1,Month-to-Month,No Internet,232.64,232.64,0.5,287,115,2,1,Net Banking,Smartphone,Prepaid,No,Yes
CUST04653,43,Male,Jaipur,9,Month-to-Month,Fiber Optic,773.96,6952.71,50.94,189,27,1,0,Cash,Smartphone,Prepaid,Yes,Yes
CUST04654,57,Female,Jaipur,17,Month-to-Month,DSL,634.17,10694.25,19.92,363,34,2,1,Net Banking,Smartphone,Postpaid,No,No
CUST04655,22,Male,Mumbai,41,Two Year,No Internet,212.15,8233.55,0.73,178,93,2,1,Debit Card,Smartphone,Prepaid,Yes,No
CUST04656,38,Female,Mumbai,34,Month-to-Month,No Internet,361.11,12137.41,0.5,115,71,1,0,UPI,Router Only,Prepaid,Yes,No
CUST04657,31,Female,Pune,10,Month-to-Month,Fiber Optic,785.91,7942.31,64.26,61,39,1,0,UPI,Smartphone,Prepaid,No,No
CUST04658,21,Male,Lucknow,8,One Year,Fiber Optic,797.13,5795.78,75.08,148,75,1,1,Debit Card,Feature Phone,Prepaid,No,Yes
CUST04659,40,Male,Pune,47,One Year,Fiber Optic,958.2,45916.76,51.91,384,34,1,0,Debit Card,Smartphone,Postpaid,Yes,No
CUST04660,59,Other,Bangalore,16,One Year,DSL,669.52,10380.68,22.19,448,0,0,0,UPI,Tablet,Postpaid,Yes,No
CUST04661,37,Female,Delhi,16,Month-to-Month,Fiber Optic,755.03,11274.9,54.96,116,24,1,0,Net Banking,Smartphone,Prepaid,No,No
CUST04662,32,Female,Hyderabad,5,Month-to-Month,Fiber Optic,744.62,3651.95,51.87,66,77,3,1,Net Banking,Smartphone,Prepaid,Yes,No
CUST04663,67,Female,Chennai,12,One Year,Fiber Optic,961.99,10491.61,36.48,471,22,3,2,Cash,Smartphone,Postpaid,Yes,No
CUST04664,69,Male,Bangalore,41,Month-to-Month,Fiber Optic,828.0,34839.08,32.35,525,0,4,1,Debit Card,Smartphone,Postpaid,Yes,No
CUST04665,62,Female,Hyderabad,31,Two Year,Fiber Optic,859.3,27938.96,43.89,298,48,1,0,UPI,Router Only,Prepaid,Yes,No
CUST04666,46,Male,Delhi,0,Month-to-Month,DSL,761.35,761.35,25.68,383,46,1,0,UPI,Router Only,Postpaid,No,Yes
CUST04667,25,Female,Bangalore,8,Month-to-Month,No Internet,364.42,2762.94,17.59,365,99,1,0,Credit Card,Smartphone,Postpaid,Yes,Yes
CUST04668,58,Female,Delhi,16,Month-to-Month,Fiber Optic,962.03,15914.5,45.96,510,35,0,0,Debit Card,Smartphone,Postpaid,Yes,No
CUST04669,65,Female,Delhi,17,Month-to-Month,DSL,648.66,10440.41,15.83,449,17,0,0,Debit Card,Smartphone,Postpaid,Yes,No
CUST04670,36,Female,Ahmedabad,13,Month-to-Month,DSL,701.17,8697.95,23.36,355,6,3,1,Cash,Feature Phone,Postpaid,No,Yes
CUST04671,65,Female,Mumbai,5,Month-to-Month,Fiber Optic,1060.3,5504.74,18.85,373,0,3,2,Cash,Router Only,Postpaid,Yes,Yes
CUST04672,56,Male,Chennai,34,Two Year,No Internet,283.41,9569.27,0.5,345,10,2,1,Net Banking,Smartphone,Prepaid,No,No
CUST04673,63,Female,Delhi,2,Month-to-Month,Fiber Optic,880.08,1684.52,41.27,134,38,1,0,UPI,Tablet,Prepaid,No,Yes
CUST04674,45,Male,Mumbai,9,Month-to-Month,DSL,470.68,4093.4,19.31,192,34,5,3,Debit Card,Smartphone,Prepaid,Yes,Yes
CUST04675,63,Female,Bangalore,8,Month-to-Month,DSL,657.43,5270.06,9.19,439,43,1,0,Cash,Feature Phone,Postpaid,Yes,Yes
CUST04676,44,Male,Delhi,15,One Year,DSL,457.17,6843.31,20.96,148,57,2,1,Debit Card,Smartphone,Prepaid,No,No
CUST04677,21,Male,Delhi,25,Month-to-Month,Fiber Optic,989.98,23624.44,58.83,193,94,3,2,UPI,Feature Phone,Postpaid,Yes,Yes
CUST04678,32,Female,Ahmedabad,16,Month-to-Month,DSL,620.02,9106.02,27.61,434,30,1,0,Debit Card,Smartphone,Postpaid,Yes,No
CUST04679,52,Other,Delhi,29,One Year,DSL,511.12,14276.29,6.99,216,40,3,1,Cash,Smartphone,Prepaid,Yes,No
CUST04680,54,Male,Delhi,0,Month-to-Month,DSL,704.42,704.42,11.65,393,30,2,1,Credit Card,Smartphone,Postpaid,Yes,Yes
CUST04681,18,Female,Kolkata,38,One Year,No Internet,308.57,11020.69,13.47,57,84,1,0,Credit Card,Router Only,Prepaid,No,No
CUST04682,20,Female,Mumbai,14,One Year,DSL,411.93,5955.28,41.1,225,0,0,0,Net Banking,Feature Phone,Prepaid,No,No
CUST04683,64,Female,Pune,56,Two Year,Fiber Optic,877.98,46752.89,39.68,342,0,3,2,Credit Card,Smartphone,Postpaid,No,No
CUST04684,41,Male,Delhi,25,Month-to-Month,Fiber Optic,1063.47,24744.39,47.46,360,32,2,1,Cash,Feature Phone,Postpaid,No,No
CUST04685,44,Female,Mumbai,3,Month-to-Month,DSL,463.11,1337.98,9.18,369,35,0,0,Debit Card,Feature Phone,Prepaid,No,Yes
CUST04686,57,Female,Chennai,15,Month-to-Month,DSL,724.88,10173.5,6.58,558,0,0,0,Cash,Smartphone,Postpaid,No,No
CUST04687,53,Male,Lucknow,12,Month-to-Month,Fiber Optic,716.33,8322.67,42.79,200,48,2,1,UPI,Smartphone,Prepaid,No,Yes
CUST04688,51,Female,Delhi,1,Month-to-Month,Fiber Optic,800.46,800.46,43.99,371,50,2,1,UPI,Smartphone,Prepaid,Yes,No
CUST04689,46,Female,Bangalore,12,One Year,Fiber Optic,844.45,9784.99,52.08,212,43,2,1,Cash,Smartphone,Prepaid,Yes,No
CUST04690,41,Female,Delhi,27,Month-to-Month,DSL,523.61,14289.94,14.78,105,49,1,0,UPI,Smartphone,Prepaid,Yes,No
CUST04691,41,Male,Mumbai,13,Month-to-Month,DSL,675.68,8277.42,21.24,353,6,2,1,Debit Card,Feature Phone,Postpaid,No,Yes
CUST04692,59,Male,Jaipur,15,Month-to-Month,DSL,641.18,10075.82,18.35,387,6,0,0,Credit Card,Smartphone,Postpaid,No,No
CUST04693,21,Female,Delhi,4,One Year,Fiber Optic,854.13,3169.53,62.31,474,62,5,2,Credit Card,Smartphone,Postpaid,No,Yes
CUST04694,20,Male,Ahmedabad,14,Month-to-Month,Fiber Optic,939.07,12509.32,73.99,170,22,2,1,Net Banking,Router Only,Postpaid,Yes,No
CUST04695,51,Female,Delhi,5,Month-to-Month,DSL,615.24,2995.59,13.33,191,41,0,0,Credit Card,Router Only,Prepaid,Yes,No
CUST04696,66,Male,Ahmedabad,44,Two Year,Fiber Optic,961.3,43418.64,38.97,476,0,0,0,Debit Card,Smartphone,Postpaid,Yes,No
CUST04697,40,Male,Hyderabad,20,One Year,Fiber Optic,858.06,16564.23,55.35,371,44,1,0,Debit Card,Smartphone,Prepaid,No,Yes
CUST04698,69,Male,Ahmedabad,6,Month-to-Month,DSL,415.17,2516.79,17.84,443,0,1,0,UPI,Smartphone,Prepaid,No,Yes
CUST04699,40,Female,Delhi,0,Month-to-Month,No Internet,171.67,171.67,0.5,170,57,2,1,Debit Card,Smartphone,Prepaid,No,Yes
CUST04700,62,Male,Kolkata,2,Month-to-Month,Fiber Optic,961.38,1737.86,35.25,434,15,2,1,Net Banking,Tablet,Postpaid,Yes,Yes
CUST04701,22,Female,Pune,17,One Year,No Internet,310.79,4785.16,13.87,119,38,1,0,Credit Card,Router Only,Prepaid,Yes,No
CUST04702,48,Female,Hyderabad,27,Two Year,Fiber Optic,930.0,22686.21,45.03,496,13,2,1,Net Banking,Smartphone,Postpaid,Yes,No
CUST04703,58,Female,Kolkata,16,Month-to-Month,Fiber Optic,868.83,12937.52,28.12,531,12,4,2,Net Banking,Smartphone,Postpaid,Yes,No
CUST04704,23,Female,Chennai,11,Two Year,DSL,520.38,5663.44,22.45,162,80,3,1,Credit Card,Feature Phone,Prepaid,Yes,No
CUST04705,54,Male,Ahmedabad,16,Month-to-Month,DSL,485.4,7910.54,26.38,282,30,0,0,Net Banking,Feature Phone,Prepaid,Yes,No
CUST04706,27,Male,Bangalore,22,One Year,Fiber Optic,1066.94,23123.98,65.9,168,22,0,0,UPI,Router Only,Postpaid,Yes,No
CUST04707,57,Male,Chennai,21,Month-to-Month,DSL,700.13,13411.77,10.84,415,1,0,0,Net Banking,Feature Phone,Postpaid,Yes,Yes
CUST04708,24,Female,Ahmedabad,4,Month-to-Month,Fiber Optic,873.93,3515.1,62.82,356,54,0,0,UPI,Smartphone,Postpaid,Yes,Yes
CUST04709,56,Female,Mumbai,40,Two Year,DSL,666.32,26198.21,13.88,552,7,1,0,Debit Card,Smartphone,Postpaid,No,No
CUST04710,55,Male,Hyderabad,7,Month-to-Month,Fiber Optic,740.57,4911.46,48.5,192,25,1,0,Cash,Smartphone,Prepaid,Yes,No
CUST04711,38,Male,Lucknow,26,Two Year,DSL,705.32,16990.83,23.36,170,13,1,1,Net Banking,Smartphone,Postpaid,No,No
CUST04712,37,Female,Hyderabad,29,Month-to-Month,DSL,410.91,10869.54,28.38,230,91,2,1,Credit Card,Smartphone,Prepaid,No,No
CUST04713,20,Male,Mumbai,0,Month-to-Month,DSL,621.87,621.87,47.18,332,58,5,1,Cash,Smartphone,Postpaid,No,Yes
CUST04714,68,Female,Bangalore,17,One Year,DSL,575.53,10040.14,15.02,217,30,1,0,Cash,Smartphone,Prepaid,No,No
CUST04715,39,Male,Jaipur,1,Month-to-Month,DSL,676.07,676.07,18.32,329,31,2,1,Debit Card,Router Only,Postpaid,No,Yes
CUST04716,64,Female,Lucknow,6,Month-to-Month,DSL,576.19,3166.44,11.71,510,22,1,0,Credit Card,Smartphone,Postpaid,Yes,Yes
CUST04717,21,Male,Lucknow,3,Month-to-Month,No Internet,571.33,1613.16,0.5,130,0,2,1,UPI,Router Only,Postpaid,Yes,No
CUST04718,45,Male,Pune,39,Two Year,DSL,612.7,22867.88,26.56,505,0,0,0,Cash,Smartphone,Postpaid,No,No
CUST04719,29,Male,Hyderabad,26,One Year,DSL,601.09,16393.3,26.28,155,49,2,1,Credit Card,Tablet,Prepaid,Yes,No
CUST04720,55,Male,Mumbai,3,Month-to-Month,DSL,615.81,1812.15,13.25,434,13,3,1,UPI,Smartphone,Postpaid,Yes,Yes
CUST04721,68,Male,Delhi,6,Month-to-Month,DSL,662.88,4073.56,19.71,517,0,1,0,Net Banking,Smartphone,Postpaid,No,No
CUST04722,53,Male,Delhi,33,Month-to-Month,Fiber Optic,1050.26,32364.88,39.66,436,45,0,0,Credit Card,Smartphone,Postpaid,Yes,No
CUST04723,64,Female,Delhi,21,Month-to-Month,DSL,368.1,8012.24,27.15,247,61,2,1,UPI,Smartphone,Prepaid,Yes,Yes
CUST04724,58,Male,Ahmedabad,30,Two Year,Fiber Optic,750.88,22787.12,35.46,368,21,2,1,Credit Card,Smartphone,Prepaid,No,No
CUST04725,22,Female,Kolkata,12,One Year,Fiber Optic,811.04,9247.27,63.35,175,83,0,0,UPI,Feature Phone,Prepaid,Yes,No
CUST04726,30,Male,Chennai,40,Month-to-Month,DSL,778.04,31531.06,35.17,261,57,1,0,UPI,Smartphone,Postpaid,Yes,No
CUST04727,40,Female,Lucknow,17,Month-to-Month,Fiber Optic,916.39,,,312,23,1,0,,Router Only,Prepaid,Yes,No
CUST04728,67,Female,Lucknow,38,Two Year,No Internet,238.86,8658.46,3.84,92,43,2,1,Net Banking,Router Only,Prepaid,Yes,No
CUST04729,47,Male,Pune,0,Month-to-Month,DSL,533.36,533.36,19.32,252,103,2,1,Debit Card,Feature Phone,Prepaid,No,No
CUST04730,54,Male,Hyderabad,15,Two Year,DSL,720.88,10453.9,30.17,361,66,2,1,UPI,Router Only,Prepaid,Yes,No
CUST04731,42,Male,Delhi,55,Month-to-Month,Fiber Optic,901.05,50142.89,41.28,429,29,2,1,Net Banking,Smartphone,Postpaid,No,No
CUST04732,65,Male,Hyderabad,37,One Year,DSL,547.04,19110.18,17.71,335,41,0,0,Credit Card,Smartphone,Prepaid,No,No
CUST04733,44,Female,Delhi,23,One Year,DSL,545.4,12589.64,15.35,160,51,0,0,Credit Card,Smartphone,Prepaid,Yes,No
CUST04734,68,Female,Bangalore,29,One Year,Fiber Optic,844.18,25250.32,35.69,240,32,4,1,Credit Card,Smartphone,Prepaid,No,No
CUST04735,31,Female,Lucknow,30,One Year,No Internet,498.5,14535.44,10.0,380,17,1,0,Debit Card,Feature Phone,Postpaid,No,No
CUST04736,65,Female,Bangalore,24,Month-to-Month,Fiber Optic,879.51,21462.38,26.99,353,65,0,0,Net Banking,Tablet,Prepaid,Yes,No
CUST04737,64,Female,Delhi,12,Month-to-Month,DSL,474.92,5605.16,29.24,425,41,4,1,Net Banking,Smartphone,Prepaid,Yes,Yes
CUST04738,53,Female,Chennai,45,Two Year,No Internet,185.22,8563.01,2.71,228,54,1,0,Net Banking,Smartphone,Prepaid,Yes,No
CUST04739,56,Female,Chennai,4,Month-to-Month,No Internet,353.89,1324.36,0.5,527,0,3,2,Net Banking,Smartphone,Postpaid,Yes,No
CUST04740,33,Female,Mumbai,53,Two Year,DSL,658.41,31528.61,25.26,249,43,3,1,Credit Card,Smartphone,Postpaid,No,No
CUST04741,39,Male,Mumbai,9,One Year,DSL,696.24,,,450,55,2,1,,Smartphone,Postpaid,Yes,No
CUST04742,38,Male,Lucknow,16,Month-to-Month,No Internet,387.98,6310.5,0.88,422,0,3,1,Credit Card,Smartphone,Postpaid,No,No
CUST04743,38,Female,Mumbai,49,Two Year,No Internet,339.35,15161.22,0.5,97,64,3,1,Credit Card,Smartphone,Prepaid,Yes,No
CUST04744,25,Male,Ahmedabad,19,One Year,DSL,602.58,11435.25,14.83,365,25,1,0,UPI,Tablet,Postpaid,Yes,No
CUST04745,66,Male,Hyderabad,7,Month-to-Month,DSL,559.03,3645.39,10.26,266,11,0,0,Debit Card,Smartphone,Prepaid,No,No
CUST04746,33,Male,Bangalore,16,Month-to-Month,DSL,600.47,10073.2,24.03,234,60,1,0,UPI,Smartphone,Prepaid,No,No
CUST04747,48,Male,Mumbai,29,Two Year,Fiber Optic,922.06,27205.74,56.86,165,17,0,0,Credit Card,Router Only,Prepaid,Yes,No
CUST04748,59,Female,Kolkata,10,One Year,Fiber Optic,770.54,7113.55,33.98,269,24,1,0,UPI,Feature Phone,Prepaid,Yes,No
CUST04749,27,Male,Jaipur,16,One Year,DSL,537.43,8351.69,27.68,146,53,0,0,Credit Card,Tablet,Prepaid,Yes,No
CUST04750,49,Female,Mumbai,22,One Year,Fiber Optic,1061.19,23769.88,32.19,368,34,1,0,UPI,Router Only,Postpaid,Yes,No
CUST04751,51,Female,Delhi,0,Month-to-Month,DSL,752.07,752.07,21.08,330,50,1,0,Debit Card,Smartphone,Postpaid,No,No
CUST04752,26,Male,Delhi,48,Two Year,DSL,372.51,18717.35,24.49,243,84,1,1,Debit Card,Smartphone,Prepaid,Yes,No
CUST04753,34,Female,Kolkata,3,Month-to-Month,Fiber Optic,731.24,2116.71,65.78,385,111,3,1,Debit Card,Smartphone,Prepaid,No,No
CUST04754,28,Female,Bangalore,30,Month-to-Month,Fiber Optic,975.0,30216.2,57.78,357,63,1,0,Credit Card,Feature Phone,Postpaid,No,Yes
CUST04755,49,Male,Delhi,17,Month-to-Month,DSL,473.19,7351.24,17.66,426,40,0,0,Debit Card,Smartphone,Prepaid,No,No
CUST04756,27,Male,Bangalore,16,Month-to-Month,No Internet,361.64,5684.13,7.91,397,0,0,0,Credit Card,Smartphone,Postpaid,Yes,No
CUST04757,39,Male,Hyderabad,15,Month-to-Month,DSL,633.42,9969.63,24.09,289,50,2,1,Cash,Tablet,Postpaid,No,Yes
CUST04758,34,Female,Ahmedabad,52,Month-to-Month,Fiber Optic,804.27,41896.82,34.55,414,18,3,1,Credit Card,Smartphone,Postpaid,Yes,Yes
CUST04759,21,Female,Chennai,14,Month-to-Month,DSL,735.76,9508.25,32.26,315,31,2,1,Cash,Smartphone,Postpaid,Yes,Yes
CUST04760,65,Male,Delhi,14,Month-to-Month,No Internet,388.43,5433.09,6.28,524,0,4,2,UPI,Smartphone,Postpaid,No,Yes
CUST04761,69,Male,Delhi,16,One Year,DSL,628.72,9695.4,17.3,427,0,1,0,UPI,Smartphone,Postpaid,Yes,No
CUST04762,64,Male,Bangalore,8,Month-to-Month,Fiber Optic,892.4,7179.36,39.14,538,9,1,0,Net Banking,Smartphone,Postpaid,No,Yes
CUST04763,42,Female,Delhi,28,Month-to-Month,Fiber Optic,1059.97,28275.77,54.48,286,30,3,1,UPI,Smartphone,Postpaid,Yes,No
CUST04764,38,Male,Kolkata,20,One Year,Fiber Optic,800.61,15598.42,52.62,231,58,0,0,Debit Card,Router Only,Prepaid,No,Yes
CUST04765,54,Female,Bangalore,4,Month-to-Month,Fiber Optic,810.09,3021.88,49.47,397,49,1,0,Credit Card,Smartphone,Postpaid,Yes,Yes
CUST04766,55,Male,Bangalore,7,Month-to-Month,Fiber Optic,913.38,5908.68,43.1,476,0,2,1,Net Banking,Smartphone,Postpaid,Yes,Yes
CUST04767,66,Female,Hyderabad,31,Two Year,DSL,641.35,18784.05,10.05,424,37,0,0,Credit Card,Smartphone,Postpaid,Yes,No
CUST04768,18,Female,Pune,9,Month-to-Month,DSL,640.56,5859.43,37.98,165,59,4,1,UPI,Smartphone,Postpaid,No,No
CUST04769,42,Female,Chennai,43,Month-to-Month,DSL,595.52,26094.1,21.85,300,12,2,1,Cash,Smartphone,Postpaid,No,No
CUST04770,68,Male,Kolkata,23,One Year,Fiber Optic,864.97,19526.87,30.88,432,0,6,2,UPI,Smartphone,Postpaid,Yes,No
CUST04771,53,Female,Chennai,28,One Year,DSL,527.85,13715.9,25.2,182,50,2,1,Debit Card,Tablet,Prepaid,No,No
CUST04772,34,Male,Kolkata,38,Two Year,DSL,406.38,15772.43,25.94,256,69,1,0,Credit Card,Smartphone,Prepaid,Yes,No
CUST04773,58,Male,Pune,0,Month-to-Month,No Internet,317.24,317.24,0.5,285,16,1,0,Credit Card,Router Only,Prepaid,Yes,No
CUST04774,41,Female,Mumbai,18,One Year,Fiber Optic,1055.86,17396.7,51.43,267,26,3,1,UPI,Router Only,Postpaid,Yes,No
CUST04775,19,Female,Delhi,8,One Year,Fiber Optic,771.35,5937.16,76.61,150,53,3,1,UPI,Feature Phone,Prepaid,No,No
CUST04776,57,Female,Jaipur,14,Month-to-Month,Fiber Optic,1026.58,14122.69,29.67,195,36,2,1,UPI,Router Only,Prepaid,No,Yes
CUST04777,32,Male,Lucknow,0,Month-to-Month,DSL,656.51,656.51,43.69,203,39,1,0,Credit Card,Router Only,Prepaid,Yes,No
CUST04778,49,Female,Pune,12,One Year,No Internet,255.88,3054.66,0.5,271,47,1,1,Debit Card,Tablet,Prepaid,Yes,No
CUST04779,56,Female,Pune,21,Month-to-Month,DSL,626.72,12658.47,15.72,495,1,2,1,Cash,Smartphone,Postpaid,No,Yes
CUST04780,23,Female,Mumbai,24,Month-to-Month,No Internet,275.15,6402.46,9.38,194,74,2,1,Credit Card,Router Only,Prepaid,No,Yes
CUST04781,18,Female,Hyderabad,0,Month-to-Month,DSL,653.07,653.07,28.53,208,34,5,2,Debit Card,Tablet,Prepaid,Yes,Yes
CUST04782,64,Female,Lucknow,1,Month-to-Month,Fiber Optic,923.82,923.82,45.56,272,0,1,0,Credit Card,Smartphone,Postpaid,Yes,Yes
CUST04783,40,Male,Ahmedabad,35,Month-to-Month,No Internet,351.12,12509.28,0.5,192,47,0,0,Credit Card,Smartphone,Postpaid,Yes,No
CUST04784,56,Female,Mumbai,13,Month-to-Month,Fiber Optic,821.95,9719.62,37.42,230,60,1,0,Cash,Smartphone,Prepaid,Yes,Yes
CUST04785,34,Female,Mumbai,45,Month-to-Month,Fiber Optic,900.74,40651.18,60.88,343,69,2,1,Credit Card,Smartphone,Postpaid,No,Yes
CUST04786,51,Other,Hyderabad,18,Two Year,No Internet,292.07,4852.26,3.18,340,26,0,0,UPI,Smartphone,Prepaid,Yes,No
CUST04787,58,Male,Bangalore,6,Month-to-Month,Fiber Optic,967.61,5590.18,34.94,425,0,1,0,Debit Card,Smartphone,Postpaid,No,Yes
CUST04788,46,Male,Bangalore,37,Month-to-Month,Fiber Optic,717.04,24359.47,37.29,229,27,0,0,UPI,Smartphone,Prepaid,No,No
CUST04789,26,Male,Chennai,35,Two Year,Fiber Optic,856.81,29649.29,57.07,207,50,2,1,Net Banking,Feature Phone,Prepaid,No,No
CUST04790,30,Female,Delhi,27,Two Year,DSL,553.48,15469.93,16.47,144,87,0,0,Debit Card,Smartphone,Prepaid,No,No
CUST04791,23,Female,Kolkata,7,Month-to-Month,Fiber Optic,805.02,5586.23,39.73,242,75,1,0,Credit Card,Tablet,Prepaid,No,Yes
CUST04792,23,Male,Kolkata,3,Month-to-Month,Fiber Optic,784.52,2256.97,76.65,228,77,3,1,Credit Card,Feature Phone,Prepaid,Yes,Yes
CUST04793,37,Female,Ahmedabad,22,One Year,DSL,379.84,8696.5,23.68,170,5,2,1,UPI,Smartphone,Prepaid,Yes,No
CUST04794,69,Female,Ahmedabad,22,Two Year,No Internet,396.67,8242.19,0.63,410,21,0,0,UPI,Smartphone,Postpaid,Yes,No
CUST04795,20,Female,Chennai,39,Month-to-Month,Fiber Optic,733.65,26849.75,80.19,33,84,4,2,Cash,Feature Phone,Prepaid,Yes,Yes
CUST04796,34,Male,Kolkata,3,Month-to-Month,DSL,698.68,2111.33,20.69,477,19,1,0,Credit Card,Smartphone,Postpaid,Yes,No
CUST04797,66,Female,Hyderabad,41,Two Year,DSL,722.53,30913.25,11.25,571,0,1,0,Net Banking,Smartphone,Postpaid,No,No
CUST04798,29,Male,Lucknow,14,Month-to-Month,Fiber Optic,994.08,14150.37,60.8,205,43,4,1,Credit Card,Router Only,Prepaid,No,Yes
CUST04799,65,Female,Mumbai,25,One Year,Fiber Optic,1001.17,23975.12,30.89,467,3,1,0,Credit Card,Smartphone,Postpaid,Yes,No
CUST04800,64,Male,Jaipur,33,One Year,DSL,643.61,19992.18,4.6,208,50,1,0,UPI,Smartphone,Prepaid,Yes,No
CUST04801,62,Male,Mumbai,14,Month-to-Month,DSL,597.93,8115.94,12.67,534,13,0,0,Cash,Smartphone,Postpaid,No,No
CUST04802,18,Female,Delhi,7,Month-to-Month,Fiber Optic,910.14,6441.77,51.0,319,55,2,1,Debit Card,Feature Phone,Postpaid,No,No
CUST04803,34,Male,Bangalore,31,One Year,Fiber Optic,969.24,28305.91,64.73,209,0,1,0,Debit Card,Smartphone,Postpaid,Yes,No
CUST04804,20,Male,Chennai,28,One Year,Fiber Optic,943.98,27115.83,64.8,363,79,0,0,UPI,Smartphone,Postpaid,Yes,No
CUST04805,43,Female,Mumbai,32,Two Year,DSL,468.03,14908.99,8.65,181,37,0,0,Net Banking,Smartphone,Prepaid,Yes,No
CUST04806,32,Female,Hyderabad,32,One Year,DSL,576.0,17924.41,29.22,130,51,0,0,Net Banking,Smartphone,Prepaid,Yes,Yes
CUST04807,53,Female,Kolkata,48,Month-to-Month,DSL,430.25,18866.65,26.93,181,27,2,1,Debit Card,Tablet,Prepaid,No,No
CUST04808,49,Male,Mumbai,12,One Year,DSL,656.6,7588.23,26.38,185,48,1,0,Net Banking,Router Only,Prepaid,Yes,No
CUST04809,49,Male,Chennai,0,Month-to-Month,No Internet,423.3,423.3,11.14,456,46,0,0,Debit Card,Tablet,Postpaid,Yes,No
CUST04810,21,Male,Bangalore,26,One Year,No Internet,165.96,4212.97,0.54,126,60,2,1,UPI,Smartphone,Prepaid,Yes,No
CUST04811,35,Male,Hyderabad,11,Month-to-Month,DSL,517.81,5685.01,31.28,213,53,0,0,Credit Card,Smartphone,Prepaid,No,No
CUST04812,66,Female,Pune,22,One Year,DSL,650.36,13559.83,15.81,556,27,0,0,Credit Card,Router Only,Postpaid,Yes,No
CUST04813,36,Male,Bangalore,18,One Year,Fiber Optic,792.94,14585.96,60.2,209,61,4,2,Cash,Smartphone,Prepaid,Yes,No
CUST04814,60,Male,Lucknow,26,One Year,Fiber Optic,947.52,25376.78,33.05,518,0,1,0,UPI,Feature Phone,Postpaid,Yes,Yes
CUST04815,69,Male,Chennai,45,Two Year,DSL,502.39,21146.94,22.71,436,12,1,0,Credit Card,Smartphone,Prepaid,Yes,No
CUST04816,52,Male,Ahmedabad,8,Month-to-Month,No Internet,283.26,2048.93,0.5,128,63,1,0,Net Banking,Smartphone,Prepaid,No,No
CUST04817,57,Female,Pune,0,Month-to-Month,Fiber Optic,745.83,745.83,35.62,349,55,4,2,UPI,Smartphone,Prepaid,Yes,Yes
CUST04818,31,Female,Ahmedabad,20,Month-to-Month,DSL,408.08,7900.73,26.21,343,67,0,0,Debit Card,Tablet,Prepaid,Yes,No
CUST04819,50,Male,Delhi,55,Two Year,No Internet,236.53,13020.72,1.76,297,31,2,1,UPI,Smartphone,Prepaid,No,No
CUST04820,31,Male,Mumbai,2,Month-to-Month,No Internet,166.43,329.36,0.5,172,72,2,1,UPI,Feature Phone,Prepaid,No,Yes
CUST04821,51,Male,Hyderabad,8,Month-to-Month,DSL,609.9,4817.78,26.13,491,0,1,0,Debit Card,Smartphone,Postpaid,Yes,Yes
CUST04822,21,Female,Ahmedabad,33,Two Year,Fiber Optic,876.19,27025.59,65.3,139,42,4,1,Cash,Router Only,Prepaid,Yes,No
CUST04823,41,Female,Mumbai,6,Two Year,Fiber Optic,1037.97,5754.93,43.45,668,4,0,0,UPI,Router Only,Postpaid,No,No
CUST04824,46,Male,Lucknow,44,Two Year,Fiber Optic,779.93,31068.75,50.71,271,0,1,0,Net Banking,Smartphone,Prepaid,Yes,No
CUST04825,36,Male,Delhi,64,Month-to-Month,DSL,491.06,,,0,74,1,0,,Smartphone,Prepaid,No,No
CUST04826,23,Female,Delhi,47,Two Year,Fiber Optic,867.96,38558.37,68.04,87,54,2,1,UPI,Smartphone,Prepaid,Yes,No
CUST04827,50,Female,Delhi,3,Month-to-Month,Fiber Optic,992.22,2923.81,31.69,475,20,4,2,Credit Card,Smartphone,Postpaid,Yes,No
CUST04828,66,Female,Chennai,27,One Year,DSL,615.84,16467.12,25.22,379,0,3,2,UPI,Smartphone,Postpaid,No,No
CUST04829,57,Male,Jaipur,6,Month-to-Month,DSL,537.16,,,185,67,1,0,,Smartphone,Prepaid,Yes,Yes
CUST04830,36,Male,Mumbai,17,One Year,DSL,731.82,12229.13,29.5,375,17,0,0,Credit Card,Smartphone,Postpaid,Yes,No
CUST04831,18,Male,Hyderabad,3,Month-to-Month,No Internet,307.2,913.58,10.17,171,15,1,1,UPI,Smartphone,Prepaid,No,Yes
CUST04832,22,Female,Delhi,11,Month-to-Month,Fiber Optic,751.61,8532.27,66.54,141,35,4,1,Credit Card,Smartphone,Prepaid,Yes,Yes
CUST04833,44,Female,Chennai,19,One Year,DSL,725.7,12712.26,15.57,406,17,2,1,Net Banking,Router Only,Postpaid,No,No
CUST04834,33,Male,Delhi,5,Month-to-Month,DSL,530.69,2540.95,17.64,437,70,1,0,Cash,Smartphone,Prepaid,Yes,No
CUST04835,23,Male,Hyderabad,2,Month-to-Month,Fiber Optic,927.09,1757.16,64.09,266,91,2,1,UPI,Smartphone,Postpaid,Yes,Yes
CUST04836,57,Male,Pune,8,Month-to-Month,DSL,786.03,5899.78,23.27,337,57,2,1,Credit Card,Smartphone,Postpaid,Yes,Yes
CUST04837,30,Male,Chennai,34,One Year,DSL,606.55,19876.28,24.89,137,74,1,0,UPI,Smartphone,Prepaid,Yes,No
CUST04838,65,Male,Delhi,0,Month-to-Month,DSL,608.01,608.01,5.97,530,0,3,1,Net Banking,Smartphone,Postpaid,No,Yes
CUST04839,52,Female,Delhi,34,One Year,Fiber Optic,798.84,27879.57,48.06,301,44,2,1,Cash,Smartphone,Prepaid,No,No
CUST04840,36,Male,Pune,13,One Year,No Internet,215.2,2737.05,0.5,116,46,1,0,Credit Card,Smartphone,Prepaid,Yes,No
CUST04841,29,Male,Kolkata,29,One Year,No Internet,343.97,9575.01,0.5,130,13,0,0,Net Banking,Smartphone,Prepaid,Yes,Yes
CUST04842,33,Female,Jaipur,35,Month-to-Month,Fiber Optic,776.29,26213.27,54.54,246,80,0,0,Credit Card,Smartphone,Prepaid,No,No
CUST04843,60,Male,Kolkata,19,One Year,Fiber Optic,851.14,15167.3,43.18,138,33,2,1,Net Banking,Smartphone,Prepaid,Yes,No
CUST04844,27,Male,Lucknow,5,Month-to-Month,DSL,639.52,3193.3,31.87,395,32,3,2,Net Banking,Smartphone,Postpaid,No,No
CUST04845,42,Male,Bangalore,9,Month-to-Month,Fiber Optic,838.42,7090.2,47.4,277,44,5,2,Net Banking,Smartphone,Prepaid,No,Yes
CUST04846,37,Female,Bangalore,11,One Year,DSL,552.79,5574.1,32.5,265,71,1,0,UPI,Smartphone,Prepaid,Yes,No
CUST04847,48,Female,Delhi,52,Two Year,Fiber Optic,884.75,43621.15,42.54,220,36,0,0,UPI,Feature Phone,Prepaid,Yes,No
CUST04848,21,Male,Bangalore,6,Month-to-Month,No Internet,267.18,1559.9,3.26,176,40,2,1,Net Banking,Tablet,Prepaid,No,Yes
CUST04849,61,Female,Pune,6,Month-to-Month,Fiber Optic,976.48,5913.1,41.57,488,39,2,1,UPI,Smartphone,Postpaid,No,No
CUST04850,40,Male,Kolkata,27,Two Year,No Internet,505.12,13271.33,2.89,372,0,1,0,Credit Card,Router Only,Postpaid,Yes,No
CUST04851,19,Female,Mumbai,36,Two Year,Fiber Optic,960.1,31287.57,60.98,168,44,3,1,Cash,Smartphone,Postpaid,Yes,No
CUST04852,39,Female,Hyderabad,1,Month-to-Month,Fiber Optic,855.59,860.43,56.75,386,95,2,1,Debit Card,Smartphone,Prepaid,No,Yes
CUST04853,68,Female,Pune,4,Month-to-Month,Fiber Optic,969.07,3938.73,45.16,465,0,3,1,UPI,Router Only,Postpaid,Yes,Yes
CUST04854,54,Male,Hyderabad,17,Month-to-Month,No Internet,229.2,3567.03,4.48,313,6,0,0,Credit Card,Smartphone,Prepaid,Yes,No
CUST04855,25,Other,Mumbai,25,One Year,DSL,452.4,11402.51,35.37,202,86,1,0,Credit Card,Smartphone,Prepaid,Yes,No
CUST04856,24,Female,Kolkata,4,Month-to-Month,DSL,706.7,2822.61,35.28,557,37,1,0,UPI,Router Only,Postpaid,Yes,No
CUST04857,31,Female,Delhi,27,One Year,Fiber Optic,1019.25,26378.69,43.77,282,0,1,0,UPI,Tablet,Postpaid,Yes,No
CUST04858,20,Female,Jaipur,41,Two Year,Fiber Optic,736.42,30780.55,65.28,266,76,1,0,Debit Card,Tablet,Prepaid,Yes,No
CUST04859,67,Male,Lucknow,21,Two Year,DSL,659.14,13933.09,16.56,452,4,0,0,Debit Card,Smartphone,Postpaid,No,No
CUST04860,33,Male,Bangalore,31,Two Year,DSL,687.06,20987.51,25.24,251,14,0,0,Debit Card,Router Only,Postpaid,Yes,No
CUST04861,36,Male,Bangalore,17,Month-to-Month,Fiber Optic,811.82,13999.6,61.89,186,88,2,1,Net Banking,Smartphone,Prepaid,No,Yes
CUST04862,68,Male,Kolkata,8,Month-to-Month,Fiber Optic,793.29,6126.72,33.01,459,10,3,2,Debit Card,Feature Phone,Prepaid,No,No
CUST04863,35,Female,Bangalore,22,One Year,DSL,454.94,9921.83,27.88,165,69,3,1,Cash,Smartphone,Prepaid,Yes,No
CUST04864,69,Female,Delhi,12,Month-to-Month,Fiber Optic,862.55,9378.98,27.12,273,65,2,1,Credit Card,Smartphone,Prepaid,Yes,No
CUST04865,33,Female,Jaipur,16,Month-to-Month,DSL,450.88,6980.87,33.56,63,71,0,0,Cash,Smartphone,Prepaid,Yes,No
CUST04866,25,Male,Bangalore,18,Month-to-Month,Fiber Optic,908.46,16201.19,56.88,420,65,3,1,UPI,Smartphone,Postpaid,Yes,No
CUST04867,50,Male,Mumbai,30,Two Year,DSL,401.89,10858.04,31.59,305,115,0,0,Debit Card,Feature Phone,Prepaid,No,No
CUST04868,66,Female,Hyderabad,19,Two Year,DSL,481.01,8769.4,29.5,271,28,2,1,Credit Card,Smartphone,Prepaid,Yes,No
CUST04869,29,Male,Mumbai,25,Month-to-Month,DSL,574.03,14065.55,31.02,286,23,2,1,Net Banking,Feature Phone,Postpaid,Yes,Yes
CUST04870,28,Male,Mumbai,38,Month-to-Month,DSL,698.07,25348.19,34.25,325,0,0,0,Cash,Feature Phone,Postpaid,Yes,No
CUST04871,22,Other,Hyderabad,34,One Year,No Internet,511.67,16602.71,2.2,267,37,2,1,Cash,Feature Phone,Postpaid,Yes,No
CUST04872,44,Female,Bangalore,22,Two Year,DSL,768.49,17393.11,20.08,432,21,4,2,UPI,Smartphone,Postpaid,Yes,No
CUST04873,29,Male,Chennai,10,Month-to-Month,No Internet,331.88,3467.04,0.5,287,48,0,0,Credit Card,Smartphone,Prepaid,Yes,No
CUST04874,34,Female,Lucknow,24,Two Year,DSL,445.4,9775.51,14.58,301,80,0,0,Debit Card,Tablet,Prepaid,Yes,No
CUST04875,23,Female,Ahmedabad,7,One Year,Fiber Optic,894.15,6488.17,56.86,333,65,1,0,Debit Card,Router Only,Prepaid,Yes,No
CUST04876,50,Female,Delhi,37,Two Year,Fiber Optic,921.71,32630.27,50.18,568,13,3,2,Credit Card,Smartphone,Postpaid,Yes,No
CUST04877,22,Female,Delhi,4,One Year,Fiber Optic,987.44,3695.7,63.05,232,21,1,0,UPI,Router Only,Postpaid,No,Yes
CUST04878,45,Male,Chennai,19,Two Year,Fiber Optic,788.2,13814.39,53.17,76,39,2,1,UPI,Smartphone,Prepaid,Yes,Yes
CUST04879,31,Female,Chennai,31,Two Year,DSL,500.43,15701.47,28.16,206,70,1,0,Net Banking,Smartphone,Prepaid,No,No
CUST04880,22,Male,Ahmedabad,23,Month-to-Month,DSL,628.77,14585.03,32.14,234,10,5,3,Credit Card,Smartphone,Postpaid,Yes,No
CUST04881,50,Male,Chennai,17,Month-to-Month,DSL,521.75,8108.79,17.79,185,58,0,0,Debit Card,Smartphone,Prepaid,No,No
CUST04882,67,Female,Mumbai,39,Two Year,DSL,488.19,19875.67,20.39,338,72,1,0,Debit Card,Smartphone,Prepaid,Yes,No
CUST04883,65,Female,Hyderabad,72,Month-to-Month,DSL,468.16,30703.29,17.63,342,19,2,1,Net Banking,Smartphone,Prepaid,No,No
CUST04884,58,Female,Kolkata,4,Month-to-Month,Fiber Optic,964.4,3759.38,34.69,406,0,0,0,Cash,Smartphone,Postpaid,No,Yes
CUST04885,36,Female,Jaipur,42,Two Year,Fiber Optic,999.54,41846.22,58.0,423,18,0,0,Debit Card,Smartphone,Postpaid,No,No
CUST04886,39,Female,Mumbai,51,Two Year,DSL,669.94,35302.37,24.8,486,34,0,0,UPI,Smartphone,Postpaid,No,No
CUST04887,22,Female,Hyderabad,3,Month-to-Month,Fiber Optic,1043.91,2945.2,61.31,402,62,0,0,UPI,Router Only,Postpaid,No,Yes
CUST04888,19,Male,Delhi,4,Month-to-Month,Fiber Optic,961.41,3615.41,62.18,272,55,2,1,UPI,Tablet,Postpaid,No,Yes
CUST04889,47,Male,Hyderabad,0,Month-to-Month,Fiber Optic,1067.46,1067.46,47.79,411,30,1,0,Debit Card,Tablet,Postpaid,No,No
CUST04890,64,Male,Delhi,5,Month-to-Month,Fiber Optic,748.42,3598.58,15.02,284,67,4,2,UPI,Smartphone,Prepaid,No,Yes
CUST04891,56,Male,Lucknow,35,Two Year,Fiber Optic,965.07,31441.97,25.02,362,53,3,1,Credit Card,Smartphone,Postpaid,Yes,No
CUST04892,21,Male,Chennai,28,One Year,Fiber Optic,1086.37,27473.86,74.18,435,47,0,0,UPI,Router Only,Postpaid,Yes,No
CUST04893,50,Female,Ahmedabad,49,Two Year,Fiber Optic,852.73,42279.9,46.23,230,51,2,1,Debit Card,Router Only,Prepaid,No,No
CUST04894,30,Female,Lucknow,15,Month-to-Month,Fiber Optic,1035.93,14020.07,54.54,236,34,0,0,UPI,Router Only,Postpaid,Yes,Yes
CUST04895,37,Female,Mumbai,11,Month-to-Month,DSL,658.2,7208.6,31.66,367,71,1,0,UPI,Smartphone,Postpaid,Yes,Yes
CUST04896,24,Female,Pune,55,Two Year,Fiber Optic,730.54,38746.47,63.83,73,58,1,0,Net Banking,Smartphone,Prepaid,Yes,No
CUST04897,32,Female,Jaipur,8,Month-to-Month,DSL,480.99,3829.34,24.34,27,0,2,1,Credit Card,Smartphone,Prepaid,No,Yes
CUST04898,40,Male,Chennai,36,Month-to-Month,Fiber Optic,705.52,25754.64,50.92,247,52,1,0,UPI,Smartphone,Prepaid,Yes,Yes
CUST04899,31,Male,Chennai,51,Two Year,No Internet,436.73,22209.65,0.5,52,72,1,0,Net Banking,Router Only,Prepaid,No,No
CUST04900,40,Male,Bangalore,59,Two Year,DSL,383.72,21957.07,20.46,304,58,2,1,Debit Card,Smartphone,Prepaid,Yes,No
CUST04901,36,Female,Pune,7,Month-to-Month,Fiber Optic,920.4,6675.54,47.14,469,5,1,0,UPI,Smartphone,Postpaid,Yes,No
CUST04902,46,Male,Bangalore,21,One Year,Fiber Optic,678.08,12823.39,46.38,350,0,0,0,Credit Card,Smartphone,Prepaid,No,No
CUST04903,37,Female,Hyderabad,1,Month-to-Month,Fiber Optic,905.59,905.59,52.7,252,56,3,1,Net Banking,Smartphone,Prepaid,Yes,Yes
CUST04904,46,Female,Delhi,29,Two Year,DSL,591.87,16700.4,19.12,197,43,0,0,Credit Card,Smartphone,Prepaid,Yes,No
CUST04905,41,Male,Delhi,30,Two Year,DSL,607.57,17080.37,24.36,193,25,0,0,UPI,Tablet,Prepaid,Yes,No
CUST04906,35,Male,Delhi,15,Month-to-Month,Fiber Optic,782.71,,48.5,160,41,6,2,Debit Card,Smartphone,Prepaid,No,Yes
CUST04907,27,Female,Mumbai,15,Month-to-Month,No Internet,477.0,6747.72,0.72,177,0,0,0,Debit Card,Smartphone,Postpaid,Yes,No
CUST04908,58,Male,Bangalore,45,Two Year,Fiber Optic,919.27,,35.29,584,1,0,0,UPI,Smartphone,Postpaid,Yes,No
CUST04909,25,Female,Delhi,14,Month-to-Month,DSL,674.55,9806.86,39.81,400,17,0,0,UPI,Smartphone,Postpaid,No,No
CUST04910,43,Female,Delhi,43,Two Year,No Internet,268.21,10754.52,0.5,151,33,1,0,Debit Card,Feature Phone,Prepaid,Yes,No
CUST04911,46,Female,Kolkata,46,Two Year,No Internet,407.58,17131.06,1.82,389,43,2,1,Debit Card,Smartphone,Postpaid,Yes,No
CUST04912,27,Female,Kolkata,21,Two Year,DSL,593.35,11636.21,33.0,338,88,1,0,UPI,Smartphone,Postpaid,Yes,No
CUST04913,34,Female,Kolkata,10,One Year,No Internet,535.21,5159.87,6.37,382,27,0,0,Debit Card,Router Only,Postpaid,Yes,No
CUST04914,19,Female,Jaipur,0,Month-to-Month,No Internet,413.99,413.99,1.58,307,7,2,1,Credit Card,Smartphone,Postpaid,Yes,Yes
CUST04915,23,Male,Delhi,33,Month-to-Month,No Internet,376.52,11364.78,0.5,347,35,2,1,Net Banking,Smartphone,Postpaid,Yes,Yes
CUST04916,22,Female,Delhi,21,One Year,Fiber Optic,966.63,19087.36,67.86,73,45,1,0,UPI,Router Only,Prepaid,No,No
CUST04917,45,Male,Bangalore,9,Month-to-Month,Fiber Optic,831.28,7750.62,54.38,237,62,3,1,Credit Card,Router Only,Prepaid,Yes,Yes
CUST04918,58,Male,Jaipur,12,One Year,Fiber Optic,736.53,8952.42,39.51,312,34,4,1,Credit Card,Tablet,Prepaid,Yes,No
CUST04919,22,Male,Kolkata,8,Month-to-Month,No Internet,199.38,1491.35,0.5,253,64,1,0,Credit Card,Smartphone,Prepaid,No,No
CUST04920,35,Female,Mumbai,11,Month-to-Month,Fiber Optic,884.02,9637.42,59.01,214,0,3,1,Net Banking,Tablet,Postpaid,No,No
CUST04921,43,Male,Delhi,18,Month-to-Month,Fiber Optic,765.79,14175.88,52.31,304,55,1,0,Net Banking,Smartphone,Prepaid,Yes,Yes
CUST04922,37,Male,Chennai,37,Two Year,Fiber Optic,969.22,37498.03,45.9,305,22,2,1,Debit Card,Smartphone,Postpaid,Yes,No
CUST04923,58,Other,Mumbai,1,Month-to-Month,DSL,550.42,550.42,26.86,240,24,1,0,Net Banking,Router Only,Prepaid,Yes,No
CUST04924,66,Female,Hyderabad,15,Month-to-Month,DSL,536.3,7485.97,14.79,380,37,2,1,Cash,Smartphone,Prepaid,Yes,No
CUST04925,44,Female,Lucknow,3,Month-to-Month,Fiber Optic,1128.08,3524.75,52.09,445,39,4,2,Cash,Router Only,Postpaid,Yes,Yes
CUST04926,66,Female,Chennai,1,Month-to-Month,DSL,601.18,620.85,24.08,341,21,2,1,Cash,Smartphone,Prepaid,Yes,Yes
CUST04927,29,Female,Jaipur,54,Two Year,Fiber Optic,698.81,35655.03,61.53,239,99,1,1,Net Banking,Smartphone,Prepaid,No,No
CUST04928,24,Female,Bangalore,12,One Year,Fiber Optic,998.01,11133.66,75.17,321,19,0,0,Credit Card,Smartphone,Postpaid,No,No
CUST04929,20,Male,Chennai,28,Month-to-Month,No Internet,522.38,14952.95,7.6,281,41,3,1,Credit Card,Router Only,Postpaid,No,Yes
CUST04930,27,Female,Jaipur,5,Month-to-Month,DSL,470.97,2156.53,32.25,351,66,5,1,Net Banking,Smartphone,Prepaid,No,Yes
CUST04931,51,Female,Chennai,23,Two Year,Fiber Optic,787.24,17979.36,31.21,247,2,0,0,Debit Card,Feature Phone,Prepaid,No,No
CUST04932,42,Male,Chennai,25,One Year,No Internet,241.78,6262.96,0.5,447,38,1,1,Debit Card,Smartphone,Prepaid,No,No
CUST04933,52,Male,Pune,1,Month-to-Month,Fiber Optic,1008.02,1008.02,56.58,403,40,1,0,Credit Card,Tablet,Postpaid,Yes,Yes
CUST04934,33,Male,Jaipur,2,Month-to-Month,DSL,550.72,1011.98,13.32,87,57,0,0,UPI,Feature Phone,Prepaid,Yes,No
CUST04935,19,Female,Delhi,1,Month-to-Month,DSL,569.66,569.66,32.96,49,71,7,4,UPI,Smartphone,Prepaid,No,Yes
CUST04936,41,Male,Bangalore,7,Month-to-Month,Fiber Optic,755.75,5248.61,45.54,241,16,2,1,Credit Card,Smartphone,Prepaid,No,Yes
CUST04937,27,Female,Bangalore,57,Two Year,DSL,643.96,33405.57,34.9,361,30,1,0,UPI,Smartphone,Postpaid,No,No
CUST04938,55,Female,Jaipur,49,Month-to-Month,Fiber Optic,1123.58,52533.1,40.14,506,0,2,1,Cash,Router Only,Postpaid,Yes,Yes
CUST04939,39,Female,Lucknow,30,Two Year,DSL,649.95,20259.64,20.21,510,12,1,0,UPI,Tablet,Postpaid,Yes,No
CUST04940,43,Female,Delhi,24,Month-to-Month,Fiber Optic,877.19,19672.99,47.36,212,32,3,1,UPI,Feature Phone,Prepaid,Yes,Yes
CUST04941,60,Male,Delhi,29,Month-to-Month,DSL,633.74,17998.27,4.02,388,53,2,1,Credit Card,Smartphone,Postpaid,No,No
CUST04942,56,Male,Jaipur,23,Two Year,DSL,679.18,,,391,34,1,0,,Router Only,Prepaid,No,No
CUST04943,44,Male,Mumbai,18,Month-to-Month,DSL,466.17,8690.39,20.08,103,56,1,0,UPI,Smartphone,Prepaid,Yes,Yes
CUST04944,46,Female,Mumbai,43,One Year,DSL,390.6,16427.98,30.38,12,38,0,0,Net Banking,Smartphone,Prepaid,No,No
CUST04945,64,Male,Delhi,31,Two Year,Fiber Optic,825.4,24757.44,29.03,333,43,5,2,Cash,Feature Phone,Prepaid,Yes,No
CUST04946,55,Male,Mumbai,54,Two Year,Fiber Optic,947.58,52895.41,40.99,360,0,2,1,UPI,Smartphone,Postpaid,No,No
CUST04947,37,Male,Pune,7,Month-to-Month,Fiber Optic,812.54,5668.61,50.47,318,5,1,0,Debit Card,Smartphone,Postpaid,Yes,Yes
CUST04948,44,Female,Bangalore,23,Month-to-Month,No Internet,222.8,4886.49,6.63,254,58,0,0,Net Banking,Smartphone,Prepaid,Yes,Yes
CUST04949,58,Male,Hyderabad,12,Month-to-Month,No Internet,299.2,3766.22,0.5,239,22,1,0,Debit Card,Smartphone,Prepaid,No,No
CUST04950,37,Female,Jaipur,10,Month-to-Month,No Internet,380.88,3951.14,0.5,447,45,2,1,Credit Card,Smartphone,Postpaid,No,No
CUST04951,61,Male,Delhi,14,Month-to-Month,Fiber Optic,1026.59,13505.46,38.66,407,0,4,1,Net Banking,Smartphone,Postpaid,No,Yes
CUST04952,36,Female,Delhi,4,Month-to-Month,DSL,467.69,1693.19,15.59,74,39,3,1,Net Banking,Smartphone,Prepaid,Yes,Yes
CUST04953,37,Male,Ahmedabad,6,Month-to-Month,DSL,472.6,2603.43,40.16,107,93,1,0,Net Banking,Tablet,Prepaid,Yes,No
CUST04954,52,Female,Kolkata,22,Month-to-Month,DSL,405.82,8242.34,17.08,251,94,2,1,UPI,Smartphone,Prepaid,Yes,No
CUST04955,64,Female,Mumbai,35,Two Year,DSL,849.69,30043.57,18.28,678,5,0,0,Net Banking,Router Only,Postpaid,Yes,No
CUST04956,19,Male,Mumbai,37,One Year,Fiber Optic,914.43,32359.2,78.36,181,59,1,1,Credit Card,Smartphone,Prepaid,Yes,No
CUST04957,47,Female,Mumbai,15,Month-to-Month,DSL,592.77,8454.8,32.28,253,61,1,0,Debit Card,Smartphone,Prepaid,No,No
CUST04958,51,Female,Chennai,21,Two Year,DSL,529.91,10948.04,23.12,450,47,1,0,Net Banking,Smartphone,Prepaid,No,No
CUST04959,39,Female,Delhi,28,Month-to-Month,Fiber Optic,868.0,22367.7,49.3,357,2,2,1,UPI,Smartphone,Postpaid,No,No
CUST04960,20,Female,Hyderabad,8,Month-to-Month,No Internet,401.59,3024.39,0.5,309,55,1,1,Debit Card,Smartphone,Postpaid,Yes,Yes
CUST04961,23,Male,Delhi,32,Month-to-Month,DSL,547.44,17040.57,51.06,282,31,0,0,Net Banking,Tablet,Postpaid,No,Yes
CUST04962,32,Female,Kolkata,51,Two Year,DSL,689.76,34132.18,33.34,329,44,0,0,Net Banking,Smartphone,Postpaid,No,No
CUST04963,44,Other,Bangalore,8,Month-to-Month,DSL,605.33,4802.67,5.79,426,50,2,1,UPI,Smartphone,Postpaid,Yes,Yes
CUST04964,27,Female,Hyderabad,5,Month-to-Month,DSL,475.55,2250.51,34.66,399,46,2,1,UPI,Smartphone,Prepaid,Yes,No
CUST04965,26,Female,Delhi,53,Two Year,Fiber Optic,740.72,37583.6,58.21,95,43,3,1,Net Banking,Smartphone,Prepaid,Yes,No
CUST04966,50,Male,Delhi,0,Month-to-Month,DSL,578.87,578.87,5.86,131,54,5,2,Net Banking,Smartphone,Prepaid,No,Yes
CUST04967,49,Female,Pune,18,Two Year,Fiber Optic,943.78,16943.11,41.0,427,51,2,1,Net Banking,Smartphone,Postpaid,No,No
CUST04968,65,Female,Kolkata,11,Month-to-Month,No Internet,501.42,5377.16,0.5,549,32,0,0,UPI,Smartphone,Postpaid,Yes,No
CUST04969,23,Male,Pune,52,Two Year,Fiber Optic,819.62,38625.49,67.88,70,24,2,1,Credit Card,Tablet,Prepaid,Yes,No
CUST04970,58,Female,Pune,19,One Year,Fiber Optic,901.87,16719.36,27.81,252,15,2,1,UPI,Feature Phone,Prepaid,Yes,Yes
CUST04971,53,Female,Delhi,41,Two Year,No Internet,301.71,11617.77,0.75,335,48,2,1,Debit Card,Smartphone,Prepaid,No,No
CUST04972,19,Male,Pune,40,Two Year,Fiber Optic,843.94,31124.74,81.44,130,59,1,0,Credit Card,Smartphone,Prepaid,Yes,No
CUST04973,46,Male,Mumbai,22,Two Year,Fiber Optic,901.52,17865.27,43.8,524,42,1,0,Credit Card,Smartphone,Postpaid,No,No
CUST04974,21,Female,Delhi,18,Month-to-Month,No Internet,409.45,7718.17,11.24,207,30,2,1,Credit Card,Router Only,Postpaid,No,No
CUST04975,18,Male,Kolkata,37,Two Year,Fiber Optic,715.9,27605.86,66.17,208,102,0,0,Credit Card,Feature Phone,Prepaid,No,No
CUST04976,36,Male,Jaipur,20,One Year,Fiber Optic,950.19,19454.84,45.19,343,11,0,0,UPI,Smartphone,Postpaid,Yes,Yes
CUST04977,43,Male,Pune,13,Month-to-Month,Fiber Optic,759.52,9206.48,25.05,235,46,1,1,UPI,Smartphone,Prepaid,Yes,No
CUST04978,42,Male,Kolkata,40,Two Year,No Internet,535.25,22059.27,7.67,370,0,2,1,Debit Card,Router Only,Postpaid,Yes,No
CUST04979,27,Female,Lucknow,17,Month-to-Month,Fiber Optic,995.38,17506.59,60.85,484,0,2,1,Debit Card,Smartphone,Postpaid,Yes,Yes
CUST04980,32,Male,Delhi,13,Month-to-Month,DSL,493.91,5857.36,34.61,246,108,0,0,UPI,Smartphone,Prepaid,No,No
CUST04981,39,Female,Lucknow,29,Month-to-Month,Fiber Optic,857.58,24328.28,51.1,430,45,2,1,Credit Card,Feature Phone,Postpaid,No,Yes
CUST04982,68,Female,Chennai,17,One Year,Fiber Optic,1038.54,16172.75,51.61,345,33,4,2,UPI,Smartphone,Postpaid,Yes,No
CUST04983,65,Female,Kolkata,15,One Year,Fiber Optic,828.39,12176.91,31.6,389,0,4,2,UPI,Router Only,Prepaid,No,No
CUST04984,38,Male,Pune,26,One Year,No Internet,315.8,8429.6,5.97,265,65,2,1,Net Banking,Tablet,Prepaid,No,No
CUST04985,39,Female,Chennai,4,Month-to-Month,DSL,748.44,2975.79,25.78,294,75,3,1,Debit Card,Smartphone,Postpaid,Yes,Yes
CUST04986,53,Male,Pune,0,One Year,Fiber Optic,797.71,797.71,42.35,229,47,4,2,Net Banking,Smartphone,Prepaid,Yes,Yes
CUST04987,51,Male,Mumbai,26,Two Year,Fiber Optic,884.24,20725.12,31.2,231,45,3,2,UPI,Smartphone,Postpaid,Yes,No
CUST04988,47,Female,Jaipur,15,Month-to-Month,Fiber Optic,775.33,10631.44,37.14,321,81,0,0,UPI,Feature Phone,Prepaid,Yes,No
CUST04989,42,Female,Delhi,18,One Year,DSL,674.84,12588.18,16.18,195,42,0,0,Cash,Feature Phone,Prepaid,Yes,No
CUST04990,62,Female,Mumbai,3,Month-to-Month,Fiber Optic,983.51,3091.53,43.3,554,28,1,1,UPI,Smartphone,Postpaid,Yes,No
CUST04991,45,Female,Delhi,4,Month-to-Month,Fiber Optic,810.58,3153.19,62.14,293,77,3,1,Debit Card,Tablet,Prepaid,Yes,Yes
CUST04992,18,Female,Mumbai,12,One Year,DSL,483.6,5533.71,25.05,157,68,1,0,UPI,Feature Phone,Prepaid,No,No
CUST04993,66,Female,Mumbai,17,Month-to-Month,Fiber Optic,801.93,12973.63,37.81,427,0,0,0,Cash,Smartphone,Prepaid,Yes,Yes
CUST04994,62,Female,Delhi,10,One Year,Fiber Optic,792.59,,37.97,300,49,1,0,Cash,Smartphone,Prepaid,No,No
CUST04995,21,Male,Hyderabad,39,One Year,Fiber Optic,928.83,34749.73,56.93,252,25,1,0,Cash,Smartphone,Postpaid,No,No
CUST04996,24,Male,Hyderabad,9,Month-to-Month,Fiber Optic,999.27,9129.1,70.78,408,39,5,2,Credit Card,Smartphone,Postpaid,No,Yes
CUST04997,66,Female,Delhi,16,Month-to-Month,Fiber Optic,1021.84,16009.98,37.32,353,4,1,1,UPI,Smartphone,Postpaid,Yes,Yes
CUST04998,26,Female,Mumbai,49,Two Year,Fiber Optic,734.61,32862.8,52.29,190,53,4,2,UPI,Feature Phone,Prepaid,Yes,No
CUST04999,53,Male,Lucknow,4,Month-to-Month,DSL,603.83,,,326,61,0,0,,Smartphone,Prepaid,No,Yes
CUST05000,36,Male,Delhi,28,One Year,DSL,592.96,15219.33,33.62,245,50,3,1,Credit Card,Smartphone,Prepaid,Yes,No
CUST05001,18,Male,Mumbai,41,Two Year,DSL,508.73,19989.76,38.43,108,92,0,0,Net Banking,Smartphone,Prepaid,No,No
CUST05002,27,Female,Delhi,41,Two Year,DSL,792.17,30542.56,34.11,224,15,1,0,UPI,Smartphone,Postpaid,No,No
CUST05003,53,Female,Delhi,25,One Year,DSL,444.56,10619.75,22.9,300,60,3,1,UPI,Smartphone,Prepaid,Yes,Yes
CUST05004,26,Female,Pune,42,Month-to-Month,Fiber Optic,953.15,36591.53,49.97,386,15,2,1,UPI,Tablet,Postpaid,Yes,No
CUST05005,62,Female,Bangalore,1,Month-to-Month,Fiber Optic,1038.45,1075.86,40.92,357,2,3,1,Debit Card,Smartphone,Postpaid,No,Yes
CUST05006,63,Female,Bangalore,18,Month-to-Month,Fiber Optic,792.84,14617.01,51.58,384,28,3,1,Net Banking,Smartphone,Prepaid,Yes,No
CUST05007,59,Male,Delhi,11,One Year,No Internet,347.39,3759.82,0.5,228,52,1,0,UPI,Smartphone,Postpaid,Yes,No
CUST05008,49,Male,Pune,2,Month-to-Month,DSL,509.62,1004.64,24.48,51,15,3,1,UPI,Smartphone,Prepaid,Yes,No
CUST05009,49,Male,Kolkata,37,Two Year,Fiber Optic,1002.25,36179.14,47.05,421,6,0,0,Credit Card,Smartphone,Postpaid,Yes,No
CUST05010,23,Female,Mumbai,21,One Year,Fiber Optic,806.28,15818.43,66.25,212,73,2,1,UPI,Smartphone,Prepaid,Yes,No
CUST05011,65,Male,Delhi,8,Month-to-Month,DSL,726.37,5800.23,26.51,470,4,1,1,Credit Card,Smartphone,Postpaid,Yes,No
CUST05012,55,Female,Delhi,10,Month-to-Month,Fiber Optic,982.79,8980.31,46.65,233,33,0,0,Credit Card,Smartphone,Postpaid,No,No
CUST05013,34,Female,Pune,33,One Year,DSL,533.75,17396.62,45.13,392,6,0,0,UPI,Smartphone,Postpaid,Yes,No
CUST05014,27,Male,Delhi,55,Month-to-Month,No Internet,226.0,12007.71,9.12,234,92,0,0,Debit Card,Smartphone,Prepaid,No,No
CUST05015,67,Female,Hyderabad,22,One Year,Fiber Optic,975.18,19494.56,30.15,537,0,1,0,Cash,Smartphone,Postpaid,No,No
CUST05016,44,Female,Delhi,21,Two Year,Fiber Optic,776.52,15734.15,49.64,436,43,2,1,UPI,Smartphone,Prepaid,No,No
CUST05017,67,Male,Delhi,34,Two Year,Fiber Optic,896.75,30144.99,30.24,188,4,0,0,UPI,Smartphone,Postpaid,No,No
CUST05018,52,Male,Delhi,36,One Year,Fiber Optic,982.5,32255.3,42.55,457,73,3,1,Credit Card,Feature Phone,Postpaid,Yes,No
CUST05019,69,Female,Mumbai,26,Two Year,DSL,605.74,14879.29,9.66,405,21,2,1,Credit Card,Smartphone,Prepaid,Yes,No
CUST05020,38,Male,Delhi,13,One Year,Fiber Optic,825.33,9982.22,41.13,122,59,2,1,UPI,Tablet,Prepaid,No,No
CUST05021,42,Male,Bangalore,3,Month-to-Month,Fiber Optic,835.61,2265.09,49.37,214,42,2,1,Cash,Smartphone,Prepaid,No,Yes
CUST05022,45,Female,Chennai,23,One Year,DSL,504.54,10586.28,7.43,280,86,2,1,Credit Card,Smartphone,Prepaid,Yes,No
CUST05023,64,Female,Bangalore,16,Month-to-Month,No Internet,284.15,4220.7,12.77,304,43,0,0,UPI,Smartphone,Prepaid,No,No
CUST05024,32,Male,Pune,16,Month-to-Month,DSL,597.31,9461.25,29.51,450,10,0,0,Credit Card,Smartphone,Postpaid,No,Yes
CUST05025,21,Female,Kolkata,6,One Year,Fiber Optic,842.2,5262.83,75.29,231,60,0,0,Net Banking,Tablet,Prepaid,Yes,No
CUST05026,46,Female,Pune,49,Two Year,Fiber Optic,811.02,39681.73,51.47,216,63,2,1,UPI,Smartphone,Prepaid,Yes,No
CUST05027,26,Male,Jaipur,17,One Year,DSL,521.46,9282.05,36.83,301,49,0,0,Credit Card,Feature Phone,Prepaid,Yes,No
CUST05028,44,Female,Mumbai,23,Month-to-Month,Fiber Optic,1003.84,24131.16,48.35,441,35,1,0,UPI,Smartphone,Postpaid,Yes,No
CUST05029,43,Male,Mumbai,9,Month-to-Month,Fiber Optic,726.35,6393.9,46.36,174,16,2,1,Cash,Smartphone,Prepaid,Yes,Yes
CUST05030,36,Male,Chennai,6,Month-to-Month,No Internet,335.15,,7.43,77,120,0,0,UPI,Router Only,Prepaid,Yes,No
CUST05031,45,Female,Chennai,2,Month-to-Month,Fiber Optic,1079.28,2238.34,38.02,288,52,2,1,Debit Card,Router Only,Postpaid,Yes,Yes
CUST05032,34,Female,Hyderabad,29,Two Year,Fiber Optic,977.26,27782.35,53.71,420,47,0,0,Credit Card,Smartphone,Postpaid,Yes,Yes
CUST05033,60,Male,Delhi,6,Month-to-Month,No Internet,174.03,963.55,0.5,126,45,1,0,Cash,Smartphone,Prepaid,Yes,No
CUST05034,58,Female,Hyderabad,7,Month-to-Month,Fiber Optic,761.24,5098.4,39.1,126,17,0,0,UPI,Smartphone,Prepaid,No,No
CUST05035,59,Female,Jaipur,18,One Year,Fiber Optic,895.72,15318.02,38.05,311,32,3,2,Debit Card,Router Only,Prepaid,Yes,No
CUST05036,67,Female,Bangalore,11,Month-to-Month,Fiber Optic,994.47,10436.26,35.09,596,15,3,1,Credit Card,Smartphone,Postpaid,Yes,Yes
CUST05037,37,Male,Lucknow,33,One Year,DSL,542.69,16384.64,37.94,142,46,1,0,Cash,Tablet,Prepaid,Yes,Yes
CUST05038,62,Female,Bangalore,0,One Year,No Internet,483.82,483.82,13.12,478,15,2,1,UPI,Smartphone,Postpaid,Yes,No
CUST05039,57,Male,Delhi,29,One Year,DSL,549.17,15590.0,32.17,414,0,1,0,Credit Card,Smartphone,Prepaid,Yes,No
CUST05040,56,Male,Bangalore,6,Month-to-Month,Fiber Optic,1026.54,6353.06,25.51,397,80,3,1,Credit Card,Router Only,Prepaid,Yes,Yes
CUST05041,66,Female,Hyderabad,6,Month-to-Month,Fiber Optic,885.89,4835.04,40.44,213,44,4,1,Cash,Router Only,Prepaid,Yes,Yes
CUST05042,40,Female,Chennai,14,Month-to-Month,DSL,723.81,10352.37,21.32,387,14,1,0,UPI,Smartphone,Postpaid,No,No
CUST05043,64,Female,Hyderabad,4,One Year,DSL,412.75,1641.52,9.3,315,50,3,1,Credit Card,Smartphone,Prepaid,No,Yes
CUST05044,49,Male,Hyderabad,11,Month-to-Month,DSL,530.54,6098.52,26.78,384,54,2,1,UPI,Smartphone,Prepaid,Yes,Yes
CUST05045,69,Male,Delhi,6,Month-to-Month,DSL,504.82,3102.39,33.32,413,42,0,0,Debit Card,Smartphone,Prepaid,No,No
CUST05046,64,Female,Mumbai,26,Two Year,No Internet,389.03,9787.41,0.5,465,0,1,0,Net Banking,Smartphone,Postpaid,No,No
CUST05047,50,Male,Mumbai,0,Month-to-Month,Fiber Optic,794.04,794.04,39.1,254,33,1,0,Debit Card,Feature Phone,Prepaid,Yes,No
CUST05048,63,Female,Lucknow,19,Two Year,Fiber Optic,795.01,15685.3,24.11,142,28,2,1,Debit Card,Smartphone,Prepaid,Yes,No
CUST05049,22,Male,Mumbai,33,Two Year,No Internet,268.4,8630.41,6.98,200,74,0,0,Credit Card,Smartphone,Prepaid,Yes,No
CUST05050,60,Female,Jaipur,24,Two Year,Fiber Optic,789.38,17807.18,30.78,300,45,1,1,Debit Card,Smartphone,Prepaid,No,Yes
CUST05051,65,Female,Mumbai,59,Two Year,Fiber Optic,852.11,48298.62,39.68,333,0,0,0,Credit Card,Smartphone,Prepaid,Yes,No
CUST05052,51,Female,Delhi,59,Month-to-Month,DSL,422.75,24030.1,30.71,302,81,2,1,Credit Card,Smartphone,Prepaid,Yes,No
CUST05053,57,Female,Mumbai,8,One Year,Fiber Optic,820.5,6499.9,42.92,237,22,2,1,Credit Card,Smartphone,Prepaid,No,No
CUST05054,28,Female,Mumbai,15,One Year,Fiber Optic,820.81,11868.12,69.08,239,34,0,0,Net Banking,Smartphone,Prepaid,Yes,No
CUST05055,67,Male,Lucknow,8,Month-to-Month,No Internet,389.36,3083.81,2.07,494,14,0,0,Net Banking,Smartphone,Postpaid,No,No
CUST05056,20,Male,Pune,40,Month-to-Month,Fiber Optic,830.08,30048.01,73.11,156,85,0,0,Credit Card,Smartphone,Prepaid,Yes,No
CUST05057,50,Female,Jaipur,15,Month-to-Month,Fiber Optic,802.83,11518.57,22.89,91,22,3,1,UPI,Router Only,Prepaid,Yes,Yes
CUST05058,28,Male,Ahmedabad,18,Month-to-Month,Fiber Optic,1044.6,18807.25,65.59,392,13,3,1,Net Banking,Router Only,Postpaid,Yes,Yes
CUST05059,33,Female,Chennai,1,One Year,No Internet,475.02,475.02,12.38,370,39,3,1,Credit Card,Router Only,Postpaid,Yes,No
CUST05060,35,Male,Pune,44,Two Year,Fiber Optic,846.53,34723.39,49.99,254,82,1,0,Credit Card,Smartphone,Prepaid,No,No
CUST05061,47,Male,Chennai,37,Two Year,DSL,681.5,25458.58,19.48,377,44,2,1,UPI,Smartphone,Postpaid,No,No
CUST05062,65,Female,Pune,8,Month-to-Month,Fiber Optic,977.57,7814.06,39.69,534,2,1,0,Debit Card,Tablet,Postpaid,Yes,No
CUST05063,27,Female,Mumbai,6,Month-to-Month,Fiber Optic,840.57,4800.63,46.55,66,68,1,0,UPI,Smartphone,Prepaid,Yes,No
CUST05064,35,Female,Bangalore,2,One Year,DSL,489.2,1026.2,18.4,325,20,4,1,UPI,Router Only,Prepaid,No,Yes
CUST05065,55,Female,Chennai,27,Month-to-Month,Fiber Optic,972.96,24867.59,17.55,427,14,2,1,Credit Card,Smartphone,Postpaid,Yes,No
CUST05066,36,Female,Delhi,51,Two Year,Fiber Optic,878.15,41967.62,56.9,227,75,2,1,UPI,Feature Phone,Prepaid,Yes,No
CUST05067,53,Male,Hyderabad,8,One Year,DSL,659.43,5017.82,28.13,326,0,1,1,Credit Card,Feature Phone,Postpaid,No,No
CUST05068,30,Male,Ahmedabad,5,One Year,Fiber Optic,793.2,4016.13,55.73,289,78,3,1,Debit Card,Smartphone,Prepaid,No,No
CUST05069,63,Female,Hyderabad,37,Month-to-Month,No Internet,499.45,16887.76,6.04,415,0,3,1,Net Banking,Router Only,Postpaid,Yes,No
CUST05070,20,Female,Hyderabad,16,Month-to-Month,Fiber Optic,939.98,14184.6,70.07,453,14,1,0,Net Banking,Smartphone,Postpaid,No,No
CUST05071,27,Female,Mumbai,10,Month-to-Month,DSL,656.63,6508.45,34.77,350,49,2,1,Debit Card,Smartphone,Postpaid,No,Yes
CUST05072,55,Other,Kolkata,2,Month-to-Month,No Internet,376.55,775.49,13.6,507,1,2,1,Credit Card,Smartphone,Postpaid,Yes,Yes
CUST05073,18,Male,Bangalore,17,Two Year,Fiber Optic,1067.62,17522.44,71.11,417,77,0,0,Net Banking,Feature Phone,Postpaid,No,No
CUST05074,44,Male,Lucknow,2,Month-to-Month,Fiber Optic,794.68,1521.15,33.9,195,0,2,1,Net Banking,Smartphone,Prepaid,Yes,Yes
CUST05075,63,Female,Lucknow,3,Month-to-Month,Fiber Optic,947.73,2708.48,41.57,409,40,1,0,Cash,Router Only,Prepaid,No,Yes
CUST05076,25,Male,Jaipur,16,One Year,No Internet,239.7,3482.19,18.6,218,115,1,0,Debit Card,Smartphone,Prepaid,No,No
CUST05077,68,Male,Delhi,8,Month-to-Month,DSL,643.45,5357.26,7.53,442,30,2,1,Credit Card,Smartphone,Postpaid,Yes,Yes
CUST05078,63,Male,Bangalore,40,Two Year,DSL,545.23,19773.01,11.79,458,16,0,0,Cash,Smartphone,Prepaid,Yes,No
CUST05079,59,Male,Lucknow,8,Month-to-Month,Fiber Optic,965.81,7605.05,26.09,546,0,3,1,Debit Card,Smartphone,Postpaid,No,Yes
CUST05080,34,Female,Kolkata,34,Two Year,Fiber Optic,802.59,27807.16,49.35,268,59,1,0,Credit Card,Smartphone,Prepaid,No,No
CUST05081,26,Female,Jaipur,47,Two Year,DSL,584.42,28250.74,53.23,82,44,2,1,UPI,Router Only,Prepaid,Yes,No
CUST05082,23,Female,Chennai,41,Two Year,No Internet,261.83,,2.41,275,49,0,0,Credit Card,Smartphone,Prepaid,No,Yes
CUST05083,60,Female,Hyderabad,6,Month-to-Month,Fiber Optic,956.18,5191.38,24.27,488,0,3,1,Debit Card,Smartphone,Postpaid,Yes,No
CUST05084,42,Male,Delhi,10,Month-to-Month,DSL,604.59,6138.16,11.54,375,24,1,1,Debit Card,Smartphone,Postpaid,Yes,No
CUST05085,56,Female,Ahmedabad,49,Two Year,Fiber Optic,827.32,36858.17,24.14,354,63,3,1,Cash,Tablet,Prepaid,No,No
CUST05086,66,Male,Kolkata,24,Two Year,DSL,536.72,12437.61,21.64,246,40,2,1,UPI,Smartphone,Prepaid,Yes,No
CUST05087,45,Male,Delhi,41,One Year,Fiber Optic,963.88,37671.23,50.12,198,19,1,1,UPI,Router Only,Prepaid,Yes,No
CUST05088,50,Male,Mumbai,20,Month-to-Month,DSL,673.52,12394.59,11.19,301,41,3,2,UPI,Smartphone,Postpaid,No,Yes
CUST05089,54,Female,Hyderabad,7,Month-to-Month,No Internet,243.85,1672.27,2.58,363,0,1,0,UPI,Feature Phone,Prepaid,No,No
CUST05090,26,Female,Pune,4,Two Year,DSL,583.64,2154.03,36.48,197,33,0,0,Net Banking,Tablet,Postpaid,No,No
CUST05091,35,Female,Delhi,72,Month-to-Month,No Internet,318.26,22906.62,13.67,221,87,0,0,Credit Card,Router Only,Prepaid,No,No
CUST05092,38,Female,Mumbai,20,Month-to-Month,Fiber Optic,975.15,19883.74,45.96,404,7,1,1,UPI,Smartphone,Postpaid,Yes,No
CUST05093,19,Male,Mumbai,36,Month-to-Month,No Internet,356.65,12000.81,15.18,359,11,2,1,Debit Card,Smartphone,Postpaid,Yes,Yes
CUST05094,60,Female,Mumbai,10,One Year,No Internet,217.55,2199.48,3.85,214,44,1,0,UPI,Router Only,Prepaid,Yes,No
CUST05095,55,Female,Jaipur,6,Month-to-Month,Fiber Optic,853.41,5104.94,28.28,237,34,3,1,UPI,Tablet,Prepaid,Yes,Yes
CUST05096,57,Male,Pune,9,Month-to-Month,Fiber Optic,800.02,6771.51,47.27,350,76,1,0,Credit Card,Smartphone,Prepaid,Yes,No
CUST05097,53,Male,Pune,3,Month-to-Month,No Internet,239.15,666.71,1.06,336,23,1,1,UPI,Feature Phone,Prepaid,Yes,No
CUST05098,67,Female,Kolkata,0,Month-to-Month,Fiber Optic,917.39,917.39,32.93,587,0,3,1,UPI,Smartphone,Postpaid,Yes,Yes
CUST05099,60,Female,Bangalore,11,One Year,DSL,510.97,5228.48,16.42,255,32,1,0,Debit Card,Smartphone,Prepaid,Yes,No
CUST05100,54,Female,Kolkata,8,Month-to-Month,DSL,496.37,3620.67,28.18,209,31,0,0,Credit Card,Smartphone,Prepaid,No,No
CUST05101,32,Female,Lucknow,22,Month-to-Month,Fiber Optic,771.42,16083.93,61.15,370,90,1,0,Credit Card,Smartphone,Prepaid,No,Yes
CUST05102,45,Other,Pune,20,One Year,DSL,665.22,13779.12,29.23,422,69,2,1,UPI,Router Only,Prepaid,Yes,No
CUST05103,35,Male,Bangalore,9,Month-to-Month,Fiber Optic,722.43,6423.06,49.49,266,81,0,0,UPI,Smartphone,Prepaid,No,No
CUST05104,51,Male,Pune,38,Month-to-Month,Fiber Optic,689.96,26421.26,24.96,95,46,1,1,Net Banking,Smartphone,Prepaid,Yes,No
CUST05105,39,Male,Jaipur,37,Two Year,DSL,558.01,19259.41,31.28,244,56,1,1,Debit Card,Smartphone,Prepaid,Yes,No
CUST05106,28,Male,Delhi,51,Two Year,DSL,513.16,25492.82,32.24,104,30,3,1,Debit Card,Smartphone,Prepaid,No,No
CUST05107,30,Female,Mumbai,1,Month-to-Month,No Internet,204.15,207.96,0.5,198,51,1,0,UPI,Smartphone,Prepaid,Yes,Yes
CUST05108,21,Female,Jaipur,17,Month-to-Month,DSL,601.33,9767.42,30.54,338,29,1,0,UPI,Smartphone,Postpaid,Yes,Yes
CUST05109,39,Female,Lucknow,6,Month-to-Month,Fiber Optic,948.63,5734.06,59.01,486,22,1,0,UPI,Smartphone,Postpaid,No,Yes
CUST05110,24,Male,Hyderabad,28,Two Year,DSL,515.56,14255.02,26.33,89,37,1,0,Debit Card,Smartphone,Prepaid,Yes,No
CUST05111,60,Female,Bangalore,32,One Year,DSL,658.2,20015.61,10.02,455,56,1,0,Credit Card,Router Only,Prepaid,No,No
CUST05112,41,Male,Mumbai,5,Month-to-Month,No Internet,434.42,2089.65,4.69,340,55,1,0,Net Banking,Smartphone,Postpaid,No,Yes
CUST05113,21,Male,Hyderabad,31,Two Year,DSL,577.17,18079.19,27.98,26,89,0,0,Credit Card,Router Only,Prepaid,No,No
CUST05114,45,Female,Jaipur,2,Month-to-Month,DSL,498.52,1009.32,20.85,50,87,4,1,Debit Card,Smartphone,Prepaid,No,Yes
CUST05115,32,Female,Delhi,26,Month-to-Month,Fiber Optic,829.37,22290.7,67.44,223,72,1,0,Credit Card,Tablet,Prepaid,Yes,Yes
CUST05116,18,Male,Bangalore,43,Month-to-Month,No Internet,340.22,14349.13,0.5,131,55,1,0,Net Banking,Smartphone,Prepaid,No,No
CUST05117,20,Male,Jaipur,2,Month-to-Month,DSL,512.99,991.69,21.52,143,81,1,0,Debit Card,Smartphone,Prepaid,No,No
CUST05118,31,Female,Bangalore,38,Two Year,Fiber Optic,966.58,37359.99,49.34,423,89,2,1,Credit Card,Tablet,Postpaid,No,No
CUST05119,55,Male,Kolkata,18,One Year,DSL,469.56,8096.18,24.75,167,25,0,0,Credit Card,Smartphone,Prepaid,No,No
CUST05120,67,Male,Bangalore,8,Month-to-Month,DSL,492.24,3894.52,13.89,269,64,1,0,Credit Card,Smartphone,Prepaid,Yes,Yes
CUST05121,18,Female,Kolkata,9,Month-to-Month,Fiber Optic,970.72,8859.24,71.45,407,71,2,1,Net Banking,Smartphone,Postpaid,Yes,No
CUST05122,55,Male,Lucknow,24,One Year,DSL,501.25,12496.12,10.85,211,44,0,0,Net Banking,Smartphone,Prepaid,No,No
CUST05123,55,Male,Bangalore,11,Month-to-Month,Fiber Optic,800.71,9101.25,31.34,389,31,3,1,Cash,Smartphone,Prepaid,No,No
CUST05124,38,Male,Ahmedabad,6,Month-to-Month,DSL,421.28,2525.4,16.24,178,45,0,0,Debit Card,Smartphone,Prepaid,No,Yes
CUST05125,65,Female,Lucknow,17,One Year,Fiber Optic,1057.75,16238.96,40.18,418,49,1,0,Credit Card,Router Only,Postpaid,No,No
CUST05126,46,Female,Lucknow,9,Month-to-Month,Fiber Optic,876.02,7969.13,59.55,321,24,3,1,Debit Card,Smartphone,Prepaid,Yes,Yes
CUST05127,22,Male,Bangalore,3,Month-to-Month,Fiber Optic,881.94,2512.69,70.27,168,69,4,2,Credit Card,Smartphone,Prepaid,No,Yes
CUST05128,66,Male,Hyderabad,11,Month-to-Month,DSL,577.87,6515.63,14.8,310,0,3,1,UPI,Smartphone,Prepaid,Yes,Yes
CUST05129,27,Male,Mumbai,3,Month-to-Month,Fiber Optic,874.21,2370.91,72.96,271,10,3,1,Cash,Smartphone,Postpaid,No,Yes
CUST05130,45,Male,Mumbai,29,One Year,No Internet,308.99,,1.88,205,75,3,1,Debit Card,Smartphone,Prepaid,Yes,No
CUST05131,38,Female,Hyderabad,3,Month-to-Month,Fiber Optic,998.0,3004.39,50.07,296,50,5,2,Debit Card,Smartphone,Postpaid,No,No
CUST05132,67,Female,Mumbai,5,One Year,No Internet,471.1,2213.88,11.27,261,22,0,0,Debit Card,Router Only,Prepaid,No,No
CUST05133,24,Male,Pune,0,Month-to-Month,DSL,524.61,524.61,36.24,103,78,3,2,Net Banking,Smartphone,Prepaid,Yes,Yes
CUST05134,20,Male,Hyderabad,17,One Year,No Internet,269.38,4396.45,0.5,238,52,0,0,UPI,Smartphone,Prepaid,Yes,No
CUST05135,62,Male,Jaipur,22,Month-to-Month,Fiber Optic,965.52,19723.15,37.95,328,3,3,1,Cash,Feature Phone,Postpaid,Yes,No
CUST05136,64,Male,Kolkata,30,One Year,Fiber Optic,1083.89,33457.08,31.57,351,0,0,0,UPI,Smartphone,Postpaid,Yes,No
CUST05137,37,Male,Mumbai,8,One Year,DSL,638.81,,,222,10,3,2,,Smartphone,Postpaid,Yes,No
CUST05138,36,Female,Hyderabad,26,One Year,DSL,716.74,17247.28,28.16,473,66,1,0,Credit Card,Smartphone,Postpaid,Yes,No
CUST05139,52,Female,Kolkata,21,One Year,Fiber Optic,876.97,17628.17,46.72,288,37,2,1,Cash,Router Only,Prepaid,Yes,No
CUST05140,21,Female,Mumbai,5,Month-to-Month,Fiber Optic,947.96,4533.01,60.48,233,26,0,0,UPI,Feature Phone,Postpaid,Yes,No
CUST05141,22,Male,Delhi,65,Two Year,Fiber Optic,791.67,46713.08,73.44,312,53,1,0,UPI,Smartphone,Prepaid,Yes,No
CUST05142,18,Female,Ahmedabad,36,Two Year,Fiber Optic,854.4,29244.1,54.16,158,59,1,0,Debit Card,Router Only,Prepaid,No,No
CUST05143,21,Male,Delhi,38,One Year,Fiber Optic,962.2,,54.71,218,56,0,0,Credit Card,Router Only,Prepaid,Yes,No
CUST05144,29,Male,Jaipur,29,Two Year,DSL,737.09,22093.42,34.03,310,38,0,0,Credit Card,Smartphone,Postpaid,Yes,No
CUST05145,44,Female,Jaipur,2,Month-to-Month,DSL,574.24,1054.98,22.15,367,60,3,1,Credit Card,Smartphone,Prepaid,Yes,Yes
CUST05146,59,Male,Hyderabad,3,Month-to-Month,No Internet,414.47,1240.58,15.12,308,27,4,2,Cash,Smartphone,Postpaid,Yes,Yes
CUST05147,40,Female,Kolkata,23,One Year,Fiber Optic,883.07,21102.5,47.86,62,72,5,2,Net Banking,Smartphone,Prepaid,No,Yes
CUST05148,42,Female,Bangalore,37,Two Year,DSL,576.1,20143.07,29.13,398,47,0,0,Net Banking,Tablet,Postpaid,Yes,No
CUST05149,38,Female,Ahmedabad,6,Month-to-Month,Fiber Optic,880.61,5450.0,67.65,143,38,1,0,Net Banking,Smartphone,Prepaid,No,No
CUST05150,69,Female,Ahmedabad,15,One Year,Fiber Optic,1023.1,14172.09,42.27,450,0,3,2,UPI,Smartphone,Postpaid,No,Yes
CUST05151,41,Male,Delhi,56,Two Year,DSL,561.42,32355.87,18.81,152,55,1,0,Credit Card,Smartphone,Prepaid,Yes,No
CUST05152,42,Other,Chennai,54,Two Year,DSL,534.9,27845.08,36.09,116,59,3,1,Credit Card,Tablet,Prepaid,Yes,No
CUST05153,62,Female,Chennai,3,Month-to-Month,No Internet,306.05,940.01,16.44,317,0,4,1,Cash,Smartphone,Prepaid,No,Yes
CUST05154,63,Female,Delhi,6,Month-to-Month,DSL,515.42,2880.94,16.88,56,29,0,0,Credit Card,Smartphone,Prepaid,No,No
CUST05155,49,Male,Lucknow,23,Month-to-Month,Fiber Optic,823.6,17244.41,50.62,236,0,3,1,UPI,Smartphone,Prepaid,No,No
CUST05156,49,Female,Bangalore,8,One Year,Fiber Optic,795.24,6294.31,53.79,287,56,1,1,UPI,Smartphone,Prepaid,Yes,No
CUST05157,22,Male,Hyderabad,45,Two Year,DSL,491.69,20797.45,35.34,166,81,0,0,UPI,Smartphone,Prepaid,No,No
CUST05158,53,Female,Mumbai,17,One Year,DSL,449.72,7805.69,17.7,295,25,2,1,Cash,Smartphone,Prepaid,No,No
CUST05159,63,Male,Chennai,47,Two Year,Fiber Optic,866.97,41713.99,34.96,402,15,3,1,Credit Card,Smartphone,Postpaid,Yes,No
CUST05160,59,Female,Kolkata,51,One Year,DSL,874.48,44978.2,16.75,461,3,2,1,Net Banking,Router Only,Postpaid,No,No
CUST05161,66,Male,Chennai,37,One Year,No Internet,209.4,7551.43,0.5,242,37,1,0,UPI,Smartphone,Prepaid,No,No
CUST05162,59,Male,Kolkata,11,Month-to-Month,DSL,456.16,5210.81,10.82,303,31,0,0,Cash,Smartphone,Prepaid,Yes,Yes
CUST05163,56,Male,Pune,16,Month-to-Month,DSL,724.06,11443.92,15.71,244,54,2,1,Cash,Smartphone,Postpaid,No,No
CUST05164,33,Male,Mumbai,6,Month-to-Month,No Internet,402.45,,,237,61,0,0,Credit Card,Smartphone,Prepaid,Yes,Yes
CUST05165,50,Male,Bangalore,23,Month-to-Month,DSL,576.92,13100.58,34.07,198,56,1,0,Debit Card,Feature Phone,Prepaid,No,Yes
CUST05166,66,Male,Delhi,3,Month-to-Month,Fiber Optic,982.9,2908.55,40.97,436,1,4,2,Net Banking,Smartphone,Postpaid,No,Yes
CUST05167,38,Female,Delhi,17,Month-to-Month,Fiber Optic,752.85,12747.49,51.49,261,46,2,1,Debit Card,Smartphone,Prepaid,Yes,Yes
CUST05168,26,Female,Delhi,6,Month-to-Month,DSL,741.17,,,505,55,2,1,,Smartphone,Postpaid,No,Yes
CUST05169,23,Female,Lucknow,16,Month-to-Month,Fiber Optic,956.91,15361.13,53.5,356,30,3,1,UPI,Smartphone,Postpaid,Yes,No
CUST05170,68,Male,Lucknow,0,Month-to-Month,No Internet,298.69,298.69,8.8,458,20,2,1,UPI,Smartphone,Postpaid,Yes,Yes
CUST05171,62,Male,Delhi,35,One Year,No Internet,381.41,,,453,10,2,1,,Tablet,Postpaid,Yes,No
CUST05172,52,Male,Bangalore,26,One Year,Fiber Optic,861.5,23252.83,48.08,234,53,1,0,UPI,Feature Phone,Prepaid,No,No
CUST05173,56,Female,Delhi,20,One Year,DSL,604.89,11502.53,18.32,533,5,0,0,Net Banking,Smartphone,Postpaid,No,No
CUST05174,39,Female,Ahmedabad,21,One Year,DSL,700.84,14464.06,22.1,369,29,3,1,Net Banking,Smartphone,Postpaid,No,No
CUST05175,58,Male,Hyderabad,49,One Year,Fiber Optic,843.69,41983.74,33.58,225,17,1,1,Cash,Router Only,Prepaid,Yes,No
CUST05176,22,Male,Chennai,37,Two Year,DSL,602.36,20463.78,26.54,366,62,0,0,Debit Card,Smartphone,Postpaid,Yes,No
CUST05177,59,Female,Hyderabad,24,Month-to-Month,DSL,698.35,15975.0,7.46,566,1,0,0,Credit Card,Feature Phone,Postpaid,Yes,Yes
CUST05178,40,Female,Pune,5,Month-to-Month,DSL,461.05,2121.77,31.73,139,24,2,1,Debit Card,Smartphone,Prepaid,Yes,Yes
CUST05179,34,Female,Mumbai,11,Month-to-Month,Fiber Optic,848.56,9576.46,55.83,356,35,1,1,Cash,Smartphone,Prepaid,No,Yes
CUST05180,29,Female,Delhi,5,One Year,DSL,498.81,2533.43,41.99,115,51,2,1,Credit Card,Router Only,Prepaid,Yes,Yes
CUST05181,40,Male,Delhi,15,Month-to-Month,Fiber Optic,773.64,10995.4,52.37,257,69,4,2,UPI,Smartphone,Prepaid,Yes,No
CUST05182,33,Male,Bangalore,7,Month-to-Month,DSL,699.14,4426.08,14.55,419,55,2,1,UPI,Smartphone,Postpaid,Yes,No
CUST05183,20,Male,Jaipur,4,Month-to-Month,Fiber Optic,1070.83,4118.15,66.08,449,42,1,0,Cash,Smartphone,Postpaid,No,Yes
CUST05184,47,Female,Mumbai,17,One Year,DSL,571.9,8775.4,17.16,259,0,0,0,Cash,Smartphone,Prepaid,No,No
CUST05185,39,Male,Mumbai,24,One Year,Fiber Optic,894.36,20258.85,43.79,195,40,4,1,Net Banking,Router Only,Prepaid,No,No
CUST05186,26,Female,Jaipur,32,Month-to-Month,Fiber Optic,1114.09,33210.18,47.94,425,31,0,0,Credit Card,Router Only,Postpaid,No,Yes
CUST05187,46,Male,Delhi,10,Month-to-Month,Fiber Optic,801.62,7495.28,33.75,268,5,2,1,Credit Card,Feature Phone,Prepaid,Yes,Yes
CUST05188,64,Male,Delhi,27,Two Year,No Internet,315.53,8548.68,17.51,327,1,1,1,Credit Card,Smartphone,Prepaid,No,No
CUST05189,54,Male,Ahmedabad,21,One Year,Fiber Optic,957.97,20244.25,29.1,205,49,4,2,Debit Card,Router Only,Prepaid,Yes,No
CUST05190,40,Male,Pune,2,Month-to-Month,DSL,890.52,1791.63,25.29,369,46,1,1,Debit Card,Router Only,Postpaid,Yes,Yes
CUST05191,30,Male,Bangalore,43,Two Year,Fiber Optic,998.73,43934.12,52.81,331,52,1,0,Debit Card,Tablet,Postpaid,No,No
CUST05192,49,Female,Kolkata,1,Month-to-Month,DSL,570.12,580.96,6.26,276,72,1,0,Credit Card,Router Only,Prepaid,Yes,Yes
CUST05193,63,Female,Kolkata,16,Month-to-Month,DSL,667.68,10619.61,15.4,483,29,1,1,Net Banking,Smartphone,Postpaid,No,No
CUST05194,69,Male,Delhi,1,Month-to-Month,Fiber Optic,754.95,754.95,41.34,369,14,2,1,Net Banking,Smartphone,Prepaid,No,Yes
CUST05195,64,Female,Pune,50,Two Year,Fiber Optic,894.8,42639.13,32.23,405,0,3,1,UPI,Smartphone,Postpaid,No,No
CUST05196,65,Male,Chennai,18,Month-to-Month,Fiber Optic,941.47,16298.45,54.18,431,15,3,1,Cash,Feature Phone,Postpaid,Yes,No
CUST05197,40,Female,Lucknow,40,Month-to-Month,DSL,658.78,26510.42,16.07,369,14,0,0,Credit Card,Smartphone,Postpaid,Yes,No
CUST05198,62,Male,Lucknow,47,Two Year,Fiber Optic,927.35,42733.78,37.35,288,8,2,1,Credit Card,Smartphone,Postpaid,No,No
CUST05199,34,Male,Bangalore,27,One Year,DSL,401.25,10956.79,13.71,197,89,1,0,Credit Card,Smartphone,Prepaid,No,No
CUST05200,57,Female,Chennai,17,One Year,Fiber Optic,714.1,11215.04,38.27,288,1,2,1,Cash,Smartphone,Prepaid,Yes,No
CUST05201,38,Male,Delhi,28,Month-to-Month,DSL,527.33,13803.28,36.0,187,0,1,0,Debit Card,Feature Phone,Prepaid,No,No
CUST05202,19,Male,Delhi,11,Month-to-Month,DSL,419.4,,37.09,180,120,1,0,Cash,Smartphone,Prepaid,No,No
CUST05203,54,Male,Bangalore,56,Two Year,Fiber Optic,992.44,54896.94,16.92,354,10,3,1,Credit Card,Smartphone,Postpaid,Yes,No
CUST05204,23,Male,Pune,42,One Year,No Internet,491.65,21573.94,9.47,460,37,2,1,Net Banking,Tablet,Postpaid,Yes,No
CUST05205,61,Male,Chennai,61,Two Year,No Internet,323.56,19372.4,0.5,304,0,1,1,Debit Card,Router Only,Prepaid,No,No
CUST05206,35,Female,Bangalore,33,Two Year,Fiber Optic,933.07,28730.39,47.11,348,0,1,0,Net Banking,Smartphone,Postpaid,Yes,No
CUST05207,47,Female,Kolkata,34,One Year,DSL,546.38,18436.81,25.56,49,31,1,1,Cash,Smartphone,Prepaid,Yes,No
CUST05208,39,Female,Kolkata,10,Month-to-Month,Fiber Optic,932.49,9343.55,56.45,454,37,1,0,Cash,Tablet,Postpaid,No,Yes
CUST05209,50,Male,Pune,10,Month-to-Month,DSL,699.32,6900.04,20.84,346,0,1,0,Net Banking,Router Only,Postpaid,Yes,Yes
CUST05210,47,Male,Delhi,6,Month-to-Month,Fiber Optic,928.98,5327.58,44.67,387,0,0,0,Credit Card,Smartphone,Postpaid,No,Yes
CUST05211,34,Male,Kolkata,2,Month-to-Month,No Internet,379.72,778.02,12.76,523,6,2,1,UPI,Smartphone,Postpaid,No,Yes
CUST05212,60,Male,Jaipur,51,Two Year,Fiber Optic,991.84,49255.4,46.28,435,6,2,1,Net Banking,Smartphone,Postpaid,No,No
CUST05213,49,Female,Delhi,15,Month-to-Month,No Internet,203.86,3205.8,3.3,283,17,0,0,Debit Card,Smartphone,Prepaid,No,No
CUST05214,59,Male,Bangalore,54,Two Year,DSL,803.11,40614.24,25.43,472,50,0,0,Net Banking,Router Only,Postpaid,No,No
CUST05215,68,Female,Lucknow,36,Two Year,Fiber Optic,1000.34,33616.98,42.15,483,0,1,0,Credit Card,Smartphone,Postpaid,Yes,No
CUST05216,31,Male,Chennai,50,Two Year,Fiber Optic,893.29,40701.87,78.43,372,36,1,0,Credit Card,Smartphone,Postpaid,No,No
CUST05217,27,Male,Hyderabad,48,Two Year,DSL,711.55,32782.71,22.35,115,63,1,0,UPI,Smartphone,Postpaid,No,No
CUST05218,64,Male,Delhi,33,One Year,Fiber Optic,668.61,20680.01,48.95,187,66,4,2,UPI,Smartphone,Prepaid,Yes,No
CUST05219,68,Male,Chennai,40,Two Year,No Internet,198.13,8123.21,0.83,274,0,2,1,Credit Card,Smartphone,Prepaid,No,No
CUST05220,53,Male,Bangalore,26,One Year,No Internet,317.24,8066.72,21.91,363,0,4,2,Debit Card,Smartphone,Postpaid,Yes,Yes
CUST05221,51,Male,Delhi,27,One Year,DSL,726.64,17834.27,18.47,462,0,2,1,UPI,Smartphone,Postpaid,No,No
CUST05222,26,Male,Hyderabad,14,One Year,DSL,527.27,,,57,37,0,0,,Smartphone,Prepaid,No,No
CUST05223,59,Female,Delhi,8,One Year,Fiber Optic,881.63,7083.66,37.3,310,0,0,0,Credit Card,Router Only,Prepaid,Yes,No
CUST05224,45,Female,Pune,4,Month-to-Month,No Internet,297.23,1156.68,1.5,56,61,0,0,Cash,Smartphone,Prepaid,Yes,Yes
CUST05225,28,Male,Lucknow,24,Month-to-Month,Fiber Optic,796.83,18220.66,50.34,261,72,3,1,Credit Card,Smartphone,Prepaid,Yes,No
CUST05226,31,Male,Hyderabad,8,Month-to-Month,Fiber Optic,1088.09,8036.88,57.72,329,0,1,0,UPI,Smartphone,Postpaid,Yes,No
CUST05227,56,Female,Chennai,8,Month-to-Month,Fiber Optic,1019.97,8158.39,34.94,534,0,2,1,Debit Card,Smartphone,Postpaid,No,Yes
CUST05228,64,Other,Bangalore,0,Month-to-Month,No Internet,490.03,490.03,0.5,428,0,0,0,UPI,Smartphone,Postpaid,No,Yes
CUST05229,36,Female,Delhi,27,Two Year,Fiber Optic,734.89,,,291,76,1,1,,Smartphone,Prepaid,No,No
CUST05230,32,Male,Lucknow,27,One Year,No Internet,469.96,13303.06,6.29,288,52,1,0,UPI,Router Only,Prepaid,Yes,No
CUST05231,45,Female,Delhi,9,Month-to-Month,DSL,460.35,4072.32,22.3,234,123,0,0,Net Banking,Smartphone,Prepaid,No,No
CUST05232,41,Female,Delhi,33,Two Year,Fiber Optic,797.68,24153.55,52.64,184,37,2,1,Net Banking,Router Only,Prepaid,No,No
CUST05233,25,Male,Bangalore,27,Two Year,DSL,621.42,16825.85,35.57,326,63,0,0,Credit Card,Smartphone,Postpaid,Yes,No
CUST05234,60,Female,Pune,35,Two Year,Fiber Optic,1008.17,32460.75,36.78,465,7,2,1,UPI,Smartphone,Postpaid,No,No
CUST05235,26,Male,Bangalore,14,One Year,Fiber Optic,938.63,13604.49,77.26,515,77,1,0,Debit Card,Smartphone,Postpaid,No,No
CUST05236,64,Female,Mumbai,2,Month-to-Month,DSL,610.23,1205.69,15.1,262,22,0,0,Net Banking,Router Only,Prepaid,No,Yes
CUST05237,50,Female,Kolkata,5,Month-to-Month,Fiber Optic,891.14,4545.05,34.56,439,19,3,1,UPI,Smartphone,Postpaid,Yes,Yes
CUST05238,50,Female,Bangalore,17,One Year,Fiber Optic,906.95,15321.56,44.34,116,85,1,0,Credit Card,Router Only,Prepaid,Yes,No
CUST05239,36,Female,Mumbai,0,Month-to-Month,Fiber Optic,826.5,826.5,55.78,139,35,2,1,UPI,Smartphone,Prepaid,Yes,Yes
CUST05240,20,Male,Bangalore,21,Month-to-Month,DSL,745.64,15326.23,42.12,492,91,1,0,Cash,Router Only,Postpaid,No,Yes
CUST05241,27,Female,Mumbai,55,Two Year,DSL,642.53,35724.78,28.6,383,52,1,0,Credit Card,Smartphone,Postpaid,No,No
CUST05242,57,Female,Hyderabad,26,One Year,Fiber Optic,900.69,24246.58,30.93,233,49,0,0,UPI,Router Only,Prepaid,Yes,No
CUST05243,64,Female,Pune,5,Month-to-Month,Fiber Optic,799.14,3727.35,30.54,354,2,3,1,UPI,Smartphone,Prepaid,No,Yes
CUST05244,59,Female,Kolkata,3,Month-to-Month,Fiber Optic,1028.45,2829.52,41.1,554,0,5,2,Credit Card,Smartphone,Postpaid,No,Yes
CUST05245,18,Female,Mumbai,12,Month-to-Month,Fiber Optic,867.84,9460.76,68.9,29,80,2,1,UPI,Smartphone,Prepaid,Yes,No
CUST05246,46,Female,Delhi,0,Month-to-Month,DSL,732.08,732.08,31.55,418,47,2,1,Credit Card,Smartphone,Postpaid,No,Yes
CUST05247,67,Female,Delhi,24,One Year,Fiber Optic,776.19,17107.69,42.06,234,0,1,0,Cash,Smartphone,Prepaid,Yes,No
CUST05248,51,Female,Mumbai,30,Month-to-Month,DSL,573.76,17114.78,14.79,382,0,0,0,Net Banking,Feature Phone,Postpaid,No,No
CUST05249,68,Male,Delhi,32,Two Year,No Internet,364.04,11031.73,2.58,522,0,4,2,Cash,Smartphone,Postpaid,Yes,No
CUST05250,30,Female,Bangalore,46,Two Year,No Internet,367.99,16665.03,0.5,180,70,1,0,Debit Card,Smartphone,Postpaid,No,No
CUST05251,18,Male,Delhi,15,One Year,Fiber Optic,865.28,11846.65,64.25,336,21,2,1,Credit Card,Smartphone,Postpaid,Yes,No
CUST05252,51,Male,Chennai,8,One Year,DSL,515.11,4067.51,9.9,397,9,1,0,Debit Card,Smartphone,Prepaid,No,No
CUST05253,46,Male,Bangalore,30,Month-to-Month,No Internet,279.82,8660.64,0.5,194,51,1,1,UPI,Smartphone,Prepaid,No,No
CUST05254,65,Female,Delhi,3,One Year,Fiber Optic,726.29,2047.9,52.41,40,56,2,1,Cash,Smartphone,Prepaid,No,Yes
CUST05255,64,Female,Bangalore,33,One Year,No Internet,420.99,13173.88,0.5,462,0,1,0,Net Banking,Router Only,Postpaid,Yes,No
CUST05256,30,Female,Mumbai,26,One Year,No Internet,373.33,9053.49,7.11,463,0,1,0,UPI,Smartphone,Postpaid,Yes,No
CUST05257,65,Male,Pune,20,Month-to-Month,Fiber Optic,1125.12,20690.41,44.02,412,0,2,1,Net Banking,Router Only,Postpaid,Yes,No
CUST05258,66,Female,Bangalore,11,Month-to-Month,DSL,387.45,3882.04,20.27,255,34,2,1,Cash,Smartphone,Prepaid,Yes,Yes
CUST05259,46,Female,Delhi,19,Month-to-Month,Fiber Optic,1000.84,19026.17,35.36,269,0,1,0,Net Banking,Smartphone,Postpaid,Yes,No
CUST05260,56,Male,Bangalore,20,One Year,Fiber Optic,1061.86,20217.17,53.49,429,56,1,0,UPI,Router Only,Postpaid,Yes,Yes
CUST05261,41,Male,Mumbai,40,One Year,No Internet,223.65,8666.1,0.5,416,0,1,1,UPI,Smartphone,Postpaid,Yes,No
CUST05262,43,Male,Kolkata,17,One Year,No Internet,467.81,7541.28,5.06,415,75,0,0,UPI,Router Only,Postpaid,No,No
CUST05263,34,Female,Lucknow,15,One Year,No Internet,208.0,3156.35,3.02,182,62,2,1,Net Banking,Smartphone,Prepaid,Yes,No
CUST05264,24,Female,Delhi,6,Month-to-Month,Fiber Optic,834.66,5020.0,65.73,64,91,3,1,Net Banking,Smartphone,Prepaid,No,Yes
CUST05265,30,Male,Pune,14,Two Year,No Internet,464.93,6508.1,14.2,324,23,0,0,Credit Card,Router Only,Postpaid,No,No
CUST05266,22,Female,Mumbai,3,Month-to-Month,No Internet,371.7,1131.7,1.71,342,51,1,0,UPI,Smartphone,Postpaid,Yes,No
CUST05267,43,Male,Delhi,0,Month-to-Month,No Internet,296.23,296.23,0.5,334,39,5,2,Net Banking,Router Only,Prepaid,Yes,Yes
CUST05268,66,Male,Delhi,29,One Year,No Internet,293.98,7797.24,8.97,495,70,1,0,UPI,Smartphone,Prepaid,Yes,No
CUST05269,20,Male,Jaipur,3,Month-to-Month,DSL,555.17,1604.59,32.89,157,62,3,1,UPI,Tablet,Postpaid,Yes,Yes
CUST05270,24,Male,Bangalore,10,Month-to-Month,Fiber Optic,767.63,7273.43,69.09,162,73,2,1,Debit Card,Smartphone,Prepaid,No,Yes
CUST05271,66,Male,Lucknow,21,One Year,Fiber Optic,761.46,15212.94,40.46,326,50,3,1,UPI,Smartphone,Prepaid,Yes,No
CUST05272,56,Male,Bangalore,30,Two Year,Fiber Optic,778.04,21693.31,31.65,243,39,3,1,UPI,Smartphone,Prepaid,Yes,No
CUST05273,18,Female,Mumbai,16,Month-to-Month,DSL,421.57,6233.52,30.1,53,81,0,0,UPI,Smartphone,Prepaid,No,No
CUST05274,66,Male,Kolkata,3,Month-to-Month,Fiber Optic,934.12,2718.16,39.21,494,0,3,1,Cash,Smartphone,Postpaid,No,Yes
CUST05275,34,Female,Jaipur,46,Month-to-Month,DSL,467.77,22500.48,31.9,404,46,0,0,UPI,Smartphone,Prepaid,Yes,No
CUST05276,60,Female,Kolkata,16,Two Year,Fiber Optic,898.29,12983.44,37.74,409,0,2,1,Net Banking,Feature Phone,Postpaid,No,No
CUST05277,42,Male,Kolkata,8,Month-to-Month,No Internet,393.53,2966.82,13.98,365,0,0,0,Credit Card,Feature Phone,Postpaid,Yes,No
CUST05278,20,Female,Bangalore,49,Month-to-Month,Fiber Optic,824.45,42209.92,66.16,165,61,3,2,Net Banking,Smartphone,Prepaid,No,Yes
CUST05279,32,Male,Delhi,13,Month-to-Month,Fiber Optic,760.53,9427.09,58.54,270,68,2,1,UPI,Smartphone,Prepaid,Yes,No
CUST05280,46,Female,Mumbai,29,Month-to-Month,Fiber Optic,884.06,25591.07,41.42,414,70,2,1,Debit Card,Feature Phone,Postpaid,No,Yes
CUST05281,60,Female,Bangalore,0,Month-to-Month,Fiber Optic,902.01,902.01,36.69,532,32,2,1,Credit Card,Feature Phone,Postpaid,No,Yes
CUST05282,49,Male,Lucknow,31,Month-to-Month,DSL,496.56,15105.66,14.47,423,21,1,0,Debit Card,Tablet,Prepaid,Yes,Yes
CUST05283,43,Female,Pune,3,Month-to-Month,DSL,601.12,1669.96,12.62,402,48,2,1,UPI,Tablet,Postpaid,No,Yes
CUST05284,33,Female,Ahmedabad,5,Month-to-Month,DSL,472.83,2318.77,24.96,345,31,3,2,Credit Card,Smartphone,Prepaid,Yes,No
CUST05285,42,Female,Mumbai,17,Two Year,No Internet,344.29,5688.4,16.79,320,50,1,0,UPI,Smartphone,Postpaid,No,No
CUST05286,45,Female,Pune,25,Two Year,Fiber Optic,908.4,23282.83,41.1,444,10,1,0,Debit Card,Smartphone,Postpaid,Yes,No
CUST05287,26,Male,Ahmedabad,7,Month-to-Month,No Internet,230.44,1646.32,5.32,167,49,0,0,Net Banking,Tablet,Prepaid,No,No
CUST05288,18,Female,Hyderabad,22,One Year,No Internet,407.4,8311.68,5.17,386,59,3,1,UPI,Smartphone,Postpaid,Yes,No
CUST05289,46,Male,Bangalore,16,One Year,No Internet,197.35,3287.19,0.5,365,44,1,0,Debit Card,Smartphone,Prepaid,Yes,No
CUST05290,39,Male,Pune,5,Month-to-Month,Fiber Optic,897.66,4301.65,46.56,316,47,4,2,Debit Card,Smartphone,Postpaid,No,Yes
CUST05291,33,Male,Hyderabad,4,Month-to-Month,Fiber Optic,816.22,2963.17,57.25,66,15,6,2,Cash,Smartphone,Prepaid,Yes,No
CUST05292,58,Male,Lucknow,20,One Year,DSL,558.11,10174.13,10.69,319,32,1,0,Cash,Smartphone,Prepaid,No,No
CUST05293,68,Female,Bangalore,35,Month-to-Month,Fiber Optic,693.04,23354.03,26.98,377,22,1,0,Debit Card,Smartphone,Prepaid,No,Yes
CUST05294,61,Female,Delhi,17,One Year,Fiber Optic,781.72,13729.32,31.33,161,0,2,1,UPI,Tablet,Prepaid,Yes,No
CUST05295,68,Female,Hyderabad,37,Month-to-Month,Fiber Optic,952.94,32559.63,31.07,337,11,1,0,Cash,Smartphone,Postpaid,Yes,No
CUST05296,58,Male,Mumbai,19,Month-to-Month,DSL,676.45,12493.97,8.34,276,0,0,0,Cash,Router Only,Postpaid,No,Yes
CUST05297,24,Female,Chennai,43,Two Year,Fiber Optic,969.35,40882.73,70.99,425,52,1,0,Credit Card,Smartphone,Postpaid,No,No
CUST05298,31,Female,Delhi,0,One Year,No Internet,294.41,294.41,16.85,492,104,3,1,UPI,Tablet,Postpaid,Yes,No
CUST05299,46,Male,Lucknow,32,Two Year,DSL,507.56,14647.96,16.4,346,41,0,0,Net Banking,Tablet,Prepaid,No,No
CUST05300,36,Male,Ahmedabad,19,One Year,Fiber Optic,828.75,16274.32,61.39,99,52,0,0,Credit Card,Smartphone,Prepaid,No,Yes
CUST05301,36,Female,Delhi,6,Month-to-Month,No Internet,274.51,1549.08,9.02,198,51,1,0,Net Banking,Feature Phone,Prepaid,Yes,No
CUST05302,19,Female,Delhi,26,One Year,No Internet,362.41,9712.15,7.61,387,73,3,2,UPI,Feature Phone,Postpaid,No,No
CUST05303,58,Female,Hyderabad,32,One Year,Fiber Optic,780.27,24059.86,39.67,458,27,2,1,UPI,Smartphone,Prepaid,No,No
CUST05304,62,Female,Kolkata,29,One Year,Fiber Optic,852.08,23452.73,43.81,277,40,2,1,Debit Card,Feature Phone,Prepaid,No,No
CUST05305,32,Female,Mumbai,5,Month-to-Month,Fiber Optic,1004.81,5267.68,42.3,252,44,1,0,Debit Card,Router Only,Postpaid,Yes,Yes
CUST05306,20,Male,Delhi,35,Month-to-Month,No Internet,400.39,14257.08,2.94,198,29,3,1,Credit Card,Smartphone,Postpaid,Yes,Yes
CUST05307,28,Female,Hyderabad,26,Two Year,Fiber Optic,862.37,21811.26,51.66,32,92,2,1,Cash,Router Only,Prepaid,Yes,No
CUST05308,63,Male,Pune,20,Two Year,DSL,502.86,9615.09,17.35,364,59,1,1,Debit Card,Smartphone,Prepaid,Yes,No
CUST05309,47,Female,Mumbai,3,Month-to-Month,DSL,569.82,1620.43,20.9,491,20,4,1,Credit Card,Smartphone,Postpaid,Yes,No
CUST05310,57,Female,Pune,10,Month-to-Month,DSL,596.18,5984.15,10.41,375,6,0,0,Credit Card,Smartphone,Postpaid,Yes,Yes
CUST05311,35,Female,Lucknow,43,Two Year,Fiber Optic,819.42,33913.82,69.71,298,81,2,1,Debit Card,Smartphone,Prepaid,Yes,No
CUST05312,68,Other,Delhi,0,Month-to-Month,Fiber Optic,930.66,930.66,43.92,363,0,5,2,UPI,Smartphone,Postpaid,Yes,Yes
CUST05313,65,Male,Hyderabad,4,Month-to-Month,Fiber Optic,896.73,3451.79,23.9,382,0,2,1,Net Banking,Feature Phone,Prepaid,Yes,Yes
CUST05314,19,Female,Delhi,21,One Year,Fiber Optic,1005.77,20185.95,75.51,186,27,3,1,Cash,Smartphone,Postpaid,No,No
CUST05315,49,Female,Mumbai,22,One Year,DSL,749.55,15661.67,20.01,437,39,2,1,UPI,Smartphone,Postpaid,No,No
CUST05316,25,Other,Delhi,0,Month-to-Month,No Internet,395.88,395.88,0.5,490,67,1,0,UPI,Smartphone,Postpaid,Yes,Yes
CUST05317,39,Female,Bangalore,34,One Year,No Internet,343.69,11860.21,15.45,280,48,0,0,UPI,Smartphone,Postpaid,Yes,No
CUST05318,23,Male,Ahmedabad,17,One Year,Fiber Optic,676.46,11479.89,64.94,212,77,1,1,UPI,Smartphone,Prepaid,No,Yes
CUST05319,29,Female,Chennai,21,One Year,Fiber Optic,784.22,16465.49,74.03,295,24,3,1,UPI,Smartphone,Prepaid,No,No
CUST05320,64,Female,Mumbai,11,Month-to-Month,No Internet,364.83,3721.5,0.5,493,21,5,2,UPI,Smartphone,Postpaid,No,No
CUST05321,57,Male,Delhi,14,Month-to-Month,No Internet,246.29,3587.14,0.5,232,52,4,2,UPI,Feature Phone,Prepaid,No,Yes
CUST05322,53,Female,Hyderabad,3,Month-to-Month,Fiber Optic,740.76,2035.26,36.39,195,63,2,1,Credit Card,Smartphone,Prepaid,Yes,Yes
CUST05323,32,Female,Delhi,60,Month-to-Month,DSL,392.08,21962.93,40.58,248,80,1,0,UPI,Smartphone,Prepaid,No,No
CUST05324,45,Female,Bangalore,25,Month-to-Month,Fiber Optic,765.33,17289.33,42.97,341,29,2,1,Credit Card,Smartphone,Prepaid,No,Yes
CUST05325,69,Male,Hyderabad,8,Month-to-Month,Fiber Optic,929.42,7103.41,39.08,413,34,1,0,Credit Card,Smartphone,Postpaid,Yes,No
CUST05326,66,Female,Jaipur,5,Month-to-Month,DSL,526.85,2492.31,34.89,384,38,1,0,Debit Card,Smartphone,Postpaid,No,Yes
CUST05327,62,Female,Delhi,0,Month-to-Month,No Internet,353.89,353.89,2.09,425,0,0,0,UPI,Smartphone,Postpaid,Yes,No
CUST05328,35,Female,Pune,16,Month-to-Month,Fiber Optic,877.33,14037.7,60.95,435,54,0,0,Credit Card,Feature Phone,Postpaid,No,No
CUST05329,19,Male,Delhi,4,Month-to-Month,DSL,723.18,2947.53,22.61,341,51,4,2,Debit Card,Feature Phone,Postpaid,Yes,Yes
CUST05330,30,Male,Chennai,8,One Year,DSL,647.32,4776.22,15.42,290,36,4,1,Debit Card,Smartphone,Postpaid,Yes,No
CUST05331,62,Female,Hyderabad,26,Month-to-Month,DSL,637.19,16329.03,10.24,583,26,0,0,Credit Card,Feature Phone,Postpaid,No,Yes
CUST05332,32,Female,Kolkata,26,Month-to-Month,DSL,598.8,15155.75,37.35,298,23,2,1,Cash,Smartphone,Postpaid,No,No
CUST05333,37,Male,Hyderabad,20,Month-to-Month,Fiber Optic,829.33,15988.87,42.01,180,49,0,0,Net Banking,Smartphone,Prepaid,Yes,Yes
CUST05334,46,Male,Bangalore,2,One Year,Fiber Optic,880.48,1847.24,56.61,337,43,4,2,Net Banking,Feature Phone,Postpaid,No,Yes
CUST05335,59,Male,Mumbai,20,Month-to-Month,DSL,609.68,11790.99,5.9,396,66,1,1,UPI,Feature Phone,Prepaid,Yes,Yes
CUST05336,46,Female,Delhi,58,Two Year,DSL,850.29,45175.83,24.84,227,0,4,1,Cash,Router Only,Postpaid,No,No
CUST05337,20,Male,Hyderabad,21,One Year,Fiber Optic,902.01,17142.15,68.1,110,45,1,0,Net Banking,Smartphone,Prepaid,No,No
CUST05338,36,Male,Jaipur,27,Month-to-Month,DSL,663.45,18266.08,14.77,279,0,0,0,Debit Card,Smartphone,Postpaid,Yes,No
CUST05339,20,Male,Hyderabad,9,Month-to-Month,DSL,628.03,5095.23,28.77,259,20,0,0,UPI,Tablet,Postpaid,Yes,No
CUST05340,31,Female,Pune,10,One Year,DSL,475.91,4938.48,25.97,245,43,1,0,UPI,Smartphone,Prepaid,Yes,Yes
CUST05341,57,Male,Mumbai,3,Month-to-Month,DSL,706.42,1973.62,12.31,303,37,2,1,UPI,Router Only,Postpaid,No,Yes
CUST05342,21,Male,Bangalore,5,Month-to-Month,DSL,523.15,2700.06,20.68,21,58,3,1,Net Banking,Smartphone,Prepaid,No,Yes
CUST05343,69,Female,Mumbai,4,Month-to-Month,Fiber Optic,753.41,3071.29,43.61,340,44,4,1,UPI,Smartphone,Prepaid,No,No
CUST05344,28,Male,Delhi,36,Two Year,DSL,679.84,22798.68,16.71,318,25,0,0,Net Banking,Smartphone,Postpaid,No,No
CUST05345,48,Male,Bangalore,47,Month-to-Month,Fiber Optic,906.3,43679.98,33.27,188,51,1,0,Debit Card,Smartphone,Postpaid,Yes,No
CUST05346,60,Female,Kolkata,2,Month-to-Month,DSL,693.03,1314.23,13.43,468,0,0,0,Cash,Smartphone,Postpaid,Yes,Yes
CUST05347,49,Male,Bangalore,16,Month-to-Month,DSL,535.56,7980.07,21.51,188,43,0,0,Credit Card,Smartphone,Prepaid,Yes,No
CUST05348,44,Female,Pune,16,One Year,Fiber Optic,783.34,11683.22,52.56,204,0,1,0,Cash,Smartphone,Prepaid,No,Yes
CUST05349,47,Male,Kolkata,22,One Year,Fiber Optic,892.13,20236.4,37.56,496,9,0,0,UPI,Smartphone,Postpaid,Yes,No
CUST05350,60,Female,Mumbai,3,Month-to-Month,Fiber Optic,709.56,1920.48,26.91,298,43,4,1,UPI,Smartphone,Prepaid,No,Yes
CUST05351,19,Male,Kolkata,14,One Year,DSL,511.95,7245.95,24.22,209,116,0,0,Debit Card,Smartphone,Prepaid,Yes,No
CUST05352,66,Female,Bangalore,2,Month-to-Month,Fiber Optic,744.81,1519.97,37.57,143,85,4,2,Debit Card,Smartphone,Prepaid,Yes,Yes
CUST05353,26,Male,Mumbai,23,One Year,Fiber Optic,746.07,16397.43,52.58,70,99,1,1,Net Banking,Tablet,Prepaid,Yes,No
CUST05354,45,Male,Mumbai,18,Month-to-Month,DSL,484.6,8774.22,18.48,355,41,1,0,Credit Card,Smartphone,Prepaid,No,No
CUST05355,48,Female,Mumbai,27,One Year,Fiber Optic,879.28,24589.55,34.77,307,0,1,1,Debit Card,Tablet,Postpaid,No,No
CUST05356,51,Female,Pune,21,Two Year,Fiber Optic,807.89,16652.04,23.74,228,27,0,0,Credit Card,Smartphone,Prepaid,No,No
CUST05357,32,Male,Jaipur,12,One Year,No Internet,371.5,4449.02,0.56,362,65,0,0,UPI,Smartphone,Postpaid,No,No
CUST05358,65,Female,Mumbai,5,Month-to-Month,No Internet,509.42,2559.97,2.74,547,0,2,1,Debit Card,Router Only,Postpaid,No,Yes
CUST05359,42,Male,Delhi,20,One Year,Fiber Optic,887.18,18528.69,52.16,156,53,2,1,UPI,Smartphone,Prepaid,Yes,No
CUST05360,53,Female,Mumbai,6,Month-to-Month,DSL,641.72,3707.82,20.57,537,22,0,0,Cash,Smartphone,Postpaid,Yes,Yes
CUST05361,25,Male,Pune,12,Two Year,DSL,472.25,5575.66,25.82,86,82,2,1,Net Banking,Smartphone,Prepaid,Yes,No
CUST05362,26,Female,Bangalore,11,Month-to-Month,No Internet,295.4,3152.16,1.65,174,33,0,0,Net Banking,Smartphone,Prepaid,Yes,Yes
CUST05363,54,Male,Hyderabad,17,One Year,DSL,791.53,12747.61,16.75,475,0,2,1,UPI,Router Only,Postpaid,No,No
CUST05364,65,Male,Kolkata,13,Month-to-Month,DSL,686.59,9295.77,24.67,386,2,0,0,Debit Card,Router Only,Postpaid,Yes,No
CUST05365,62,Male,Bangalore,7,Month-to-Month,No Internet,570.02,3884.07,9.92,412,0,3,1,Debit Card,Router Only,Postpaid,No,Yes
CUST05366,56,Male,Lucknow,6,Month-to-Month,Fiber Optic,751.2,4685.74,48.41,325,14,3,1,Debit Card,Smartphone,Prepaid,No,Yes
CUST05367,49,Female,Mumbai,14,Month-to-Month,DSL,692.84,10171.7,19.91,359,7,0,0,Credit Card,Router Only,Postpaid,Yes,No
CUST05368,69,Other,Lucknow,0,Month-to-Month,Fiber Optic,865.74,865.74,45.34,280,57,5,3,UPI,Smartphone,Prepaid,No,Yes
CUST05369,34,Female,Mumbai,28,Month-to-Month,No Internet,464.22,12020.4,2.37,445,5,0,0,Net Banking,Smartphone,Postpaid,No,No
CUST05370,52,Male,Delhi,51,Month-to-Month,No Internet,227.28,10498.94,3.16,239,42,0,0,Net Banking,Smartphone,Prepaid,Yes,No
CUST05371,54,Male,Kolkata,23,One Year,Fiber Optic,975.54,22015.91,32.37,464,0,2,1,Cash,Smartphone,Postpaid,No,No
CUST05372,36,Female,Pune,4,Month-to-Month,Fiber Optic,748.15,2934.91,56.61,157,85,3,1,Credit Card,Feature Phone,Prepaid,No,Yes
CUST05373,61,Female,Kolkata,34,Two Year,Fiber Optic,822.26,27697.54,23.6,224,21,0,0,UPI,Smartphone,Prepaid,No,No
CUST05374,46,Male,Bangalore,5,One Year,Fiber Optic,708.01,3216.31,52.89,183,10,1,1,Net Banking,Smartphone,Prepaid,Yes,Yes
CUST05375,24,Female,Jaipur,30,Two Year,DSL,658.43,18635.52,32.78,200,29,1,0,UPI,Router Only,Prepaid,No,No
CUST05376,45,Female,Delhi,3,Month-to-Month,DSL,481.82,1408.7,25.82,228,62,3,1,Debit Card,Tablet,Prepaid,Yes,Yes
CUST05377,26,Female,Delhi,8,Month-to-Month,DSL,430.44,3364.85,32.22,206,62,1,0,Net Banking,Smartphone,Prepaid,No,No
CUST05378,45,Male,Mumbai,10,One Year,DSL,646.61,6737.59,32.0,234,4,2,1,UPI,Smartphone,Postpaid,Yes,No
CUST05379,23,Male,Kolkata,2,One Year,Fiber Optic,862.68,1802.7,68.39,254,8,2,1,Cash,Smartphone,Postpaid,Yes,Yes
CUST05380,46,Female,Pune,26,One Year,DSL,667.2,17927.26,12.37,493,0,1,0,Debit Card,Smartphone,Postpaid,Yes,No
CUST05381,34,Female,Bangalore,29,Two Year,No Internet,254.77,6926.93,0.5,313,114,2,1,Net Banking,Smartphone,Prepaid,No,No
CUST05382,33,Male,Mumbai,0,One Year,DSL,518.63,518.63,26.69,115,24,1,1,Debit Card,Smartphone,Prepaid,No,Yes
CUST05383,40,Male,Delhi,15,Month-to-Month,Fiber Optic,770.58,10878.08,42.34,351,55,2,1,Debit Card,Smartphone,Prepaid,No,Yes
CUST05384,48,Female,Bangalore,49,Two Year,Fiber Optic,710.56,36300.55,33.99,132,42,3,1,UPI,Smartphone,Prepaid,Yes,No
CUST05385,20,Male,Hyderabad,25,One Year,Fiber Optic,913.99,22299.43,60.93,335,40,3,2,UPI,Smartphone,Postpaid,No,Yes
CUST05386,38,Male,Pune,17,Month-to-Month,DSL,403.19,7020.48,26.04,285,0,2,1,Debit Card,Smartphone,Prepaid,Yes,No
CUST05387,43,Female,Chennai,2,Month-to-Month,Fiber Optic,1008.19,1933.61,56.0,395,73,2,1,Net Banking,Tablet,Postpaid,Yes,Yes
CUST05388,53,Female,Lucknow,30,One Year,No Internet,338.25,9713.4,12.27,467,38,0,0,Net Banking,Tablet,Postpaid,Yes,No
CUST05389,59,Female,Delhi,21,One Year,No Internet,149.0,2831.92,7.46,252,42,2,1,Debit Card,Smartphone,Prepaid,Yes,No
CUST05390,54,Male,Bangalore,45,Two Year,DSL,504.64,22003.06,15.46,349,32,0,0,UPI,Feature Phone,Prepaid,Yes,No
CUST05391,39,Female,Hyderabad,29,Month-to-Month,Fiber Optic,1059.58,30621.61,49.7,410,3,3,1,UPI,Smartphone,Postpaid,Yes,No
CUST05392,59,Female,Pune,12,One Year,DSL,728.86,8042.06,18.18,476,38,2,1,Credit Card,Router Only,Postpaid,Yes,No
CUST05393,29,Male,Hyderabad,41,Two Year,No Internet,262.49,9984.28,0.5,305,64,0,0,Net Banking,Smartphone,Prepaid,No,No
CUST05394,59,Female,Jaipur,22,One Year,Fiber Optic,726.47,16713.46,39.05,486,39,3,1,Credit Card,Smartphone,Prepaid,Yes,No
CUST05395,30,Male,Chennai,1,Month-to-Month,No Internet,247.9,250.31,9.24,100,48,1,0,Cash,Smartphone,Prepaid,No,Yes
CUST05396,28,Male,Delhi,11,Month-to-Month,DSL,539.4,6148.67,25.1,323,8,1,0,Debit Card,Smartphone,Postpaid,Yes,Yes
CUST05397,33,Male,Delhi,24,One Year,Fiber Optic,695.21,16208.22,34.35,67,10,3,2,UPI,Smartphone,Prepaid,No,No
CUST05398,25,Male,Kolkata,17,Month-to-Month,DSL,568.66,8960.32,19.92,271,71,0,0,Net Banking,Tablet,Prepaid,Yes,No
CUST05399,57,Male,Pune,48,Two Year,Fiber Optic,928.93,41242.53,41.38,376,38,1,1,Credit Card,Smartphone,Postpaid,No,No
CUST05400,57,Female,Delhi,47,Month-to-Month,Fiber Optic,925.23,42670.34,24.77,200,50,1,0,UPI,Router Only,Prepaid,Yes,No
CUST05401,62,Male,Delhi,11,One Year,DSL,765.37,8480.6,20.32,561,0,1,0,Debit Card,Smartphone,Postpaid,No,No
CUST05402,19,Female,Chennai,3,Month-to-Month,Fiber Optic,887.81,,,191,33,1,0,,Smartphone,Postpaid,Yes,Yes
CUST05403,47,Female,Chennai,9,Month-to-Month,Fiber Optic,830.22,7181.13,52.84,187,13,2,1,UPI,Tablet,Prepaid,No,No
CUST05404,47,Male,Delhi,12,One Year,Fiber Optic,729.08,8301.21,44.13,185,41,3,1,Credit Card,Smartphone,Prepaid,Yes,No
CUST05405,29,Male,Hyderabad,25,Month-to-Month,Fiber Optic,752.93,19580.78,44.37,145,49,1,0,UPI,Smartphone,Prepaid,No,Yes
CUST05406,27,Female,Mumbai,6,One Year,Fiber Optic,835.65,4853.66,60.79,126,19,1,0,UPI,Smartphone,Prepaid,Yes,No
CUST05407,61,Female,Jaipur,24,Month-to-Month,DSL,470.89,11053.58,17.34,296,27,2,1,UPI,Tablet,Prepaid,No,No
CUST05408,28,Male,Mumbai,8,One Year,Fiber Optic,927.63,7179.0,58.88,319,11,3,1,Cash,Smartphone,Postpaid,No,No
CUST05409,32,Male,Pune,1,Month-to-Month,Fiber Optic,986.23,1001.26,49.29,354,38,2,1,UPI,Router Only,Postpaid,Yes,Yes
CUST05410,33,Female,Hyderabad,16,Month-to-Month,Fiber Optic,915.19,13335.06,58.59,200,81,1,1,UPI,Feature Phone,Postpaid,Yes,Yes
CUST05411,34,Male,Delhi,14,Month-to-Month,Fiber Optic,920.87,13220.41,52.76,366,25,3,1,UPI,Feature Phone,Postpaid,No,No
CUST05412,43,Female,Hyderabad,11,One Year,Fiber Optic,1070.08,11285.8,52.49,388,30,0,0,UPI,Router Only,Postpaid,Yes,No
CUST05413,19,Female,Delhi,3,Month-to-Month,No Internet,248.59,779.25,3.3,89,57,0,0,Debit Card,Smartphone,Prepaid,Yes,Yes
CUST05414,67,Male,Pune,6,Month-to-Month,DSL,497.69,2822.12,19.12,116,54,1,0,Net Banking,Feature Phone,Prepaid,Yes,Yes
CUST05415,29,Male,Chennai,15,One Year,No Internet,436.3,6351.72,1.15,270,63,0,0,Debit Card,Smartphone,Postpaid,Yes,No
CUST05416,68,Male,Delhi,2,Month-to-Month,Fiber Optic,869.19,1674.68,33.01,167,0,2,1,Debit Card,Smartphone,Prepaid,No,Yes
CUST05417,43,Female,Mumbai,21,One Year,No Internet,352.9,7560.7,6.84,441,6,3,1,UPI,Router Only,Postpaid,Yes,No
CUST05418,40,Male,Kolkata,19,One Year,DSL,855.09,16258.65,27.07,374,39,1,1,Debit Card,Router Only,Postpaid,No,No
CUST05419,35,Male,Mumbai,12,Month-to-Month,DSL,492.12,5887.89,24.3,73,33,2,1,Credit Card,Smartphone,Prepaid,Yes,No
CUST05420,49,Female,Hyderabad,50,Month-to-Month,Fiber Optic,1080.61,54416.75,37.2,335,9,1,0,Credit Card,Smartphone,Postpaid,Yes,No
CUST05421,66,Male,Mumbai,43,One Year,Fiber Optic,977.41,43872.05,41.08,389,24,2,1,Cash,Tablet,Postpaid,Yes,No
CUST05422,55,Female,Jaipur,19,Month-to-Month,No Internet,270.31,4990.51,0.5,231,70,5,2,Credit Card,Smartphone,Prepaid,Yes,No
CUST05423,64,Female,Hyderabad,48,Month-to-Month,DSL,717.71,34372.66,16.03,415,0,1,0,Credit Card,Router Only,Postpaid,Yes,No
CUST05424,20,Male,Pune,24,One Year,DSL,460.9,11090.19,25.13,109,58,3,2,Net Banking,Tablet,Prepaid,Yes,No
CUST05425,55,Female,Delhi,5,Month-to-Month,Fiber Optic,865.97,4453.52,39.94,220,69,3,2,Cash,Smartphone,Prepaid,Yes,Yes
CUST05426,20,Female,Delhi,7,Month-to-Month,Fiber Optic,951.5,6282.4,58.74,230,42,0,0,UPI,Feature Phone,Postpaid,Yes,Yes
CUST05427,47,Male,Mumbai,15,Month-to-Month,No Internet,460.6,7053.75,4.12,419,58,1,0,Cash,Tablet,Postpaid,No,Yes
CUST05428,18,Male,Mumbai,16,One Year,DSL,454.02,7081.9,22.68,55,35,1,0,Net Banking,Smartphone,Prepaid,Yes,No
CUST05429,47,Male,Pune,30,One Year,DSL,470.95,12749.9,21.1,241,52,1,0,UPI,Smartphone,Prepaid,Yes,No
CUST05430,62,Female,Chennai,18,One Year,Fiber Optic,700.63,11639.78,34.56,344,31,3,1,Debit Card,Router Only,Prepaid,Yes,No
CUST05431,49,Male,Bangalore,31,Two Year,DSL,385.85,12271.2,15.3,128,56,2,1,UPI,Smartphone,Prepaid,Yes,No
CUST05432,45,Female,Pune,58,Month-to-Month,Fiber Optic,963.02,52517.4,43.73,375,33,2,1,UPI,Smartphone,Postpaid,Yes,No
CUST05433,38,Female,Delhi,9,Month-to-Month,Fiber Optic,856.98,7285.14,43.38,425,28,3,1,Credit Card,Smartphone,Postpaid,Yes,Yes
CUST05434,63,Male,Delhi,6,Month-to-Month,DSL,694.24,4208.23,14.73,332,1,1,0,Cash,Smartphone,Postpaid,Yes,Yes
CUST05435,30,Female,Ahmedabad,32,Month-to-Month,DSL,631.48,20265.69,25.6,491,49,3,1,UPI,Smartphone,Postpaid,Yes,Yes
CUST05436,44,Male,Chennai,27,Month-to-Month,Fiber Optic,921.28,24067.36,53.33,443,4,2,1,Net Banking,Smartphone,Postpaid,No,Yes
CUST05437,53,Female,Chennai,0,Month-to-Month,DSL,620.05,620.05,16.42,333,33,1,1,Net Banking,Smartphone,Postpaid,Yes,No
CUST05438,24,Female,Mumbai,20,One Year,DSL,538.01,10669.39,53.47,245,52,2,1,Debit Card,Smartphone,Prepaid,Yes,No
CUST05439,39,Male,Bangalore,23,Month-to-Month,No Internet,322.43,6877.89,0.5,249,48,2,1,Cash,Smartphone,Prepaid,Yes,Yes
CUST05440,27,Male,Delhi,42,One Year,Fiber Optic,916.69,36249.45,64.14,307,36,1,0,Net Banking,Router Only,Postpaid,No,No
CUST05441,56,Female,Ahmedabad,2,Month-to-Month,Fiber Optic,919.39,1672.61,23.41,176,46,2,1,UPI,Router Only,Prepaid,Yes,Yes
CUST05442,32,Female,Chennai,36,Two Year,No Internet,431.3,15514.83,0.5,245,45,1,0,Net Banking,Smartphone,Postpaid,Yes,No
CUST05443,32,Female,Delhi,10,One Year,DSL,655.8,5956.73,33.26,309,19,1,0,Debit Card,Smartphone,Postpaid,Yes,No
CUST05444,21,Male,Kolkata,29,One Year,DSL,652.35,19133.97,37.97,312,27,1,0,UPI,Smartphone,Postpaid,No,No
CUST05445,49,Male,Bangalore,35,Two Year,Fiber Optic,816.35,27998.54,40.75,439,21,1,0,Credit Card,Smartphone,Prepaid,No,No
CUST05446,40,Male,Kolkata,32,Two Year,No Internet,473.48,14633.42,0.5,368,4,1,0,Net Banking,Smartphone,Postpaid,No,No
CUST05447,23,Female,Delhi,10,Month-to-Month,DSL,652.47,6456.34,38.14,525,39,3,2,Net Banking,Feature Phone,Postpaid,Yes,No
CUST05448,41,Male,Delhi,3,Month-to-Month,DSL,404.23,1204.12,33.13,215,17,0,0,Credit Card,Smartphone,Prepaid,Yes,Yes
CUST05449,37,Male,Delhi,21,One Year,No Internet,247.35,5130.28,0.5,199,43,2,1,Credit Card,Smartphone,Prepaid,Yes,No
CUST05450,54,Female,Mumbai,16,Month-to-Month,DSL,591.53,9530.6,17.76,455,0,1,0,Debit Card,Feature Phone,Postpaid,Yes,No
CUST05451,37,Female,Kolkata,6,Month-to-Month,Fiber Optic,883.31,5275.53,56.96,381,4,0,0,UPI,Smartphone,Postpaid,No,No
CUST05452,29,Male,Pune,3,Month-to-Month,DSL,631.5,,,436,43,0,0,,Smartphone,Postpaid,No,No
CUST05453,50,Male,Chennai,5,Month-to-Month,DSL,645.21,3304.86,16.25,484,0,2,1,Cash,Feature Phone,Postpaid,Yes,Yes
CUST05454,45,Female,Jaipur,4,Month-to-Month,DSL,457.83,1915.65,21.53,282,52,1,0,Cash,Smartphone,Prepaid,No,Yes
CUST05455,25,Male,Mumbai,26,Month-to-Month,DSL,585.62,15102.61,24.61,102,29,0,0,UPI,Smartphone,Prepaid,Yes,Yes
CUST05456,18,Male,Jaipur,0,Month-to-Month,Fiber Optic,788.84,788.84,47.53,36,85,3,1,Debit Card,Smartphone,Prepaid,No,Yes
CUST05457,54,Male,Jaipur,31,Month-to-Month,No Internet,475.39,14387.34,0.5,410,0,2,1,Net Banking,Smartphone,Postpaid,Yes,No
CUST05458,39,Female,Bangalore,6,Month-to-Month,DSL,460.24,2651.35,30.64,152,51,1,0,Net Banking,Smartphone,Prepaid,Yes,No
CUST05459,23,Female,Delhi,27,One Year,Fiber Optic,1000.7,27805.72,55.04,171,46,1,0,Credit Card,Router Only,Prepaid,No,No
CUST05460,38,Male,Pune,13,Month-to-Month,DSL,442.81,5348.97,27.52,226,47,3,1,UPI,Smartphone,Prepaid,No,Yes
CUST05461,49,Male,Bangalore,35,Two Year,No Internet,293.96,10325.07,6.34,145,82,2,1,Cash,Smartphone,Prepaid,Yes,No
CUST05462,52,Female,Kolkata,1,Month-to-Month,Fiber Optic,892.56,892.56,57.59,196,25,2,1,UPI,Smartphone,Prepaid,Yes,Yes
CUST05463,32,Other,Delhi,57,Two Year,Fiber Optic,939.64,54362.46,55.75,170,47,2,1,Cash,Smartphone,Postpaid,No,No
CUST05464,22,Female,Hyderabad,10,Month-to-Month,Fiber Optic,867.68,8114.52,74.76,0,72,2,1,Cash,Router Only,Prepaid,Yes,Yes
CUST05465,63,Other,Hyderabad,38,Two Year,Fiber Optic,811.33,30554.68,38.09,329,0,1,0,Debit Card,Smartphone,Prepaid,Yes,No
CUST05466,67,Female,Delhi,14,Month-to-Month,Fiber Optic,953.23,12289.59,21.52,375,0,1,1,Cash,Smartphone,Postpaid,Yes,Yes
CUST05467,65,Female,Bangalore,21,One Year,No Internet,208.78,3946.34,0.5,456,76,2,1,Credit Card,Feature Phone,Prepaid,No,No
CUST05468,23,Male,Delhi,12,Month-to-Month,Fiber Optic,774.05,9392.78,65.82,63,50,2,1,Credit Card,Smartphone,Prepaid,No,No
CUST05469,42,Male,Hyderabad,19,One Year,No Internet,321.33,6296.26,17.33,210,60,4,2,Debit Card,Tablet,Prepaid,Yes,Yes
CUST05470,63,Male,Ahmedabad,59,Month-to-Month,Fiber Optic,729.11,43874.81,41.12,306,33,3,1,UPI,Smartphone,Prepaid,No,No
CUST05471,57,Female,Mumbai,19,One Year,No Internet,495.41,8659.09,0.5,537,37,4,2,Credit Card,Smartphone,Postpaid,Yes,Yes
CUST05472,46,Female,Kolkata,24,One Year,Fiber Optic,732.66,16444.44,46.73,217,87,2,1,Debit Card,Smartphone,Prepaid,Yes,Yes
CUST05473,24,Female,Mumbai,32,Two Year,DSL,550.69,18039.08,25.74,86,53,0,0,Credit Card,Smartphone,Prepaid,Yes,No
CUST05474,57,Male,Pune,24,One Year,Fiber Optic,890.61,19291.07,35.46,369,23,3,1,UPI,Smartphone,Prepaid,No,Yes
CUST05475,30,Male,Jaipur,30,Month-to-Month,Fiber Optic,756.79,22232.91,49.53,133,35,1,0,Net Banking,Smartphone,Prepaid,Yes,No
CUST05476,55,Male,Mumbai,6,Month-to-Month,Fiber Optic,993.11,6109.81,36.85,549,53,2,1,UPI,Feature Phone,Postpaid,Yes,Yes
CUST05477,35,Male,Jaipur,17,One Year,DSL,490.54,7749.46,33.5,216,46,1,0,Net Banking,Smartphone,Prepaid,No,No
CUST05478,19,Female,Hyderabad,5,Month-to-Month,Fiber Optic,703.07,3239.8,78.38,148,106,3,1,Credit Card,Feature Phone,Prepaid,Yes,No
CUST05479,25,Female,Mumbai,56,Two Year,No Internet,259.92,13496.71,25.3,327,70,1,0,Debit Card,Smartphone,Prepaid,Yes,No
CUST05480,28,Male,Jaipur,16,Month-to-Month,Fiber Optic,1019.99,16537.59,78.02,342,61,2,1,Credit Card,Router Only,Postpaid,Yes,Yes
CUST05481,50,Male,Delhi,8,Month-to-Month,Fiber Optic,1090.34,9113.34,32.02,395,0,1,1,Debit Card,Router Only,Postpaid,Yes,Yes
CUST05482,55,Female,Delhi,9,One Year,Fiber Optic,811.0,6800.22,52.49,244,0,0,0,UPI,Smartphone,Prepaid,Yes,Yes
CUST05483,65,Male,Chennai,26,Month-to-Month,DSL,600.09,14296.34,24.96,380,16,0,0,UPI,Feature Phone,Prepaid,No,No
CUST05484,44,Female,Kolkata,25,One Year,Fiber Optic,904.11,21260.7,53.94,348,58,0,0,Credit Card,Router Only,Prepaid,No,No
CUST05485,37,Male,Kolkata,2,Month-to-Month,Fiber Optic,960.56,1760.95,62.21,394,36,4,2,Credit Card,Smartphone,Postpaid,No,Yes
CUST05486,29,Male,Delhi,14,Month-to-Month,DSL,533.06,6722.25,21.68,245,53,0,0,Debit Card,Smartphone,Prepaid,Yes,No
CUST05487,60,Male,Lucknow,43,Two Year,Fiber Optic,1101.2,45811.28,43.91,385,23,1,0,Net Banking,Smartphone,Postpaid,No,No
CUST05488,48,Male,Pune,26,Month-to-Month,DSL,548.26,14435.9,6.58,244,48,4,1,Credit Card,Smartphone,Prepaid,No,Yes
CUST05489,44,Female,Lucknow,19,One Year,Fiber Optic,1026.56,18464.48,40.6,414,21,3,1,UPI,Router Only,Postpaid,No,No
CUST05490,49,Male,Mumbai,53,Month-to-Month,DSL,590.4,29715.76,11.94,188,63,0,0,Credit Card,Router Only,Prepaid,No,No
CUST05491,27,Male,Pune,18,One Year,No Internet,261.05,4389.61,16.74,227,78,1,0,Cash,Router Only,Prepaid,Yes,No
CUST05492,20,Male,Ahmedabad,8,Month-to-Month,Fiber Optic,763.35,5616.71,74.7,242,92,2,1,UPI,Smartphone,Prepaid,No,Yes
CUST05493,62,Male,Bangalore,10,Month-to-Month,Fiber Optic,679.58,6184.29,33.94,383,19,5,2,Credit Card,Smartphone,Prepaid,No,Yes
CUST05494,44,Male,Lucknow,6,Month-to-Month,No Internet,281.47,1664.39,3.66,192,67,0,0,UPI,Smartphone,Prepaid,No,Yes
CUST05495,52,Female,Mumbai,6,Month-to-Month,DSL,665.83,4053.35,26.31,511,45,0,0,UPI,Router Only,Postpaid,No,Yes
CUST05496,48,Female,Mumbai,35,Two Year,DSL,635.45,21696.98,26.47,404,3,3,2,Net Banking,Smartphone,Postpaid,Yes,No
CUST05497,32,Female,Jaipur,4,Month-to-Month,DSL,559.15,2296.17,35.41,196,81,0,0,UPI,Router Only,Prepaid,Yes,No
CUST05498,33,Male,Lucknow,24,One Year,Fiber Optic,888.1,20659.26,41.64,112,37,0,0,UPI,Router Only,Prepaid,Yes,Yes
CUST05499,30,Male,Mumbai,9,Month-to-Month,No Internet,307.1,2517.04,0.5,134,80,0,0,Net Banking,Smartphone,Prepaid,Yes,No
CUST05500,66,Male,Delhi,5,Month-to-Month,DSL,668.53,3311.25,11.43,400,26,2,1,UPI,Smartphone,Postpaid,No,Yes
CUST05501,52,Male,Kolkata,31,Month-to-Month,DSL,599.59,18722.32,8.56,388,0,2,1,Net Banking,Smartphone,Postpaid,Yes,No
CUST05502,69,Female,Jaipur,14,Month-to-Month,No Internet,149.0,1916.02,0.5,335,22,3,1,Credit Card,Smartphone,Prepaid,No,No
CUST05503,28,Female,Chennai,9,Month-to-Month,DSL,588.72,5184.75,32.91,236,19,3,1,Net Banking,Router Only,Prepaid,No,Yes
CUST05504,38,Female,Chennai,12,Month-to-Month,DSL,522.63,5923.99,12.43,26,52,2,1,UPI,Smartphone,Prepaid,No,No
CUST05505,68,Male,Kolkata,32,One Year,No Internet,305.45,10208.2,0.5,299,40,3,1,UPI,Router Only,Prepaid,No,No
CUST05506,28,Male,Delhi,24,Month-to-Month,Fiber Optic,840.48,18795.43,68.59,248,78,1,0,Debit Card,Smartphone,Prepaid,No,Yes
CUST05507,47,Female,Lucknow,5,Month-to-Month,Fiber Optic,949.78,4760.27,42.83,383,0,6,2,Credit Card,Smartphone,Postpaid,No,Yes
CUST05508,65,Male,Bangalore,0,Month-to-Month,Fiber Optic,1019.57,1019.57,29.91,436,33,2,1,UPI,Tablet,Postpaid,No,Yes
CUST05509,52,Female,Chennai,5,One Year,No Internet,444.79,2140.45,7.66,485,73,2,1,UPI,Smartphone,Postpaid,No,Yes
CUST05510,39,Female,Hyderabad,0,Month-to-Month,DSL,649.82,649.82,21.04,359,15,1,0,Credit Card,Smartphone,Postpaid,Yes,No
CUST05511,55,Female,Hyderabad,40,Two Year,Fiber Optic,941.54,39528.75,40.57,266,50,3,1,Credit Card,Tablet,Postpaid,Yes,No
CUST05512,48,Female,Pune,14,Month-to-Month,Fiber Optic,685.35,,,121,39,2,1,,Tablet,Prepaid,No,No
CUST05513,31,Male,Lucknow,12,Month-to-Month,Fiber Optic,696.83,8102.12,58.86,231,101,1,0,Credit Card,Smartphone,Prepaid,Yes,No
CUST05514,41,Male,Pune,2,Month-to-Month,Fiber Optic,728.63,1447.12,55.08,213,90,3,2,Cash,Smartphone,Prepaid,No,Yes
CUST05515,67,Male,Kolkata,0,Month-to-Month,No Internet,268.04,268.04,3.44,276,24,7,4,Credit Card,Smartphone,Prepaid,No,Yes
CUST05516,66,Female,Delhi,33,One Year,DSL,682.25,20708.07,18.55,427,0,0,0,Credit Card,Smartphone,Postpaid,Yes,No
CUST05517,49,Male,Kolkata,3,Month-to-Month,No Internet,218.33,591.84,13.32,67,51,0,0,Debit Card,Smartphone,Prepaid,No,Yes
CUST05518,53,Female,Mumbai,65,Month-to-Month,Fiber Optic,1007.37,59238.59,27.78,319,10,4,2,Credit Card,Smartphone,Postpaid,No,No
CUST05519,49,Female,Delhi,7,Month-to-Month,DSL,747.45,5099.39,9.66,394,42,1,0,Net Banking,Smartphone,Postpaid,Yes,No
CUST05520,32,Female,Delhi,36,Month-to-Month,DSL,542.98,18797.97,43.2,56,63,3,1,Debit Card,Smartphone,Prepaid,No,Yes
CUST05521,60,Male,Pune,50,Two Year,No Internet,274.27,14356.55,0.97,216,10,1,0,Debit Card,Tablet,Prepaid,No,No
CUST05522,52,Male,Lucknow,24,Two Year,No Internet,362.54,9021.24,15.5,460,0,0,0,Cash,Tablet,Postpaid,No,No
CUST05523,20,Female,Pune,0,Month-to-Month,No Internet,173.17,173.17,0.5,134,53,5,2,Credit Card,Smartphone,Prepaid,No,Yes
CUST05524,33,Female,Mumbai,0,Month-to-Month,DSL,594.45,594.45,19.61,351,51,0,0,Credit Card,Smartphone,Postpaid,Yes,Yes
CUST05525,22,Female,Mumbai,67,Two Year,Fiber Optic,1038.7,68618.21,69.17,239,39,0,0,Debit Card,Smartphone,Postpaid,No,No
CUST05526,38,Male,Hyderabad,17,One Year,DSL,489.98,8076.94,19.12,167,35,2,1,Debit Card,Smartphone,Prepaid,Yes,No
CUST05527,27,Female,Delhi,37,Two Year,Fiber Optic,966.43,34041.73,59.04,44,102,3,1,Net Banking,Router Only,Prepaid,No,No
CUST05528,36,Female,Bangalore,20,Month-to-Month,Fiber Optic,813.34,16129.44,50.15,383,50,3,1,Cash,Smartphone,Postpaid,No,Yes
CUST05529,42,Male,Pune,14,Month-to-Month,Fiber Optic,902.98,13141.75,31.1,180,27,2,1,Net Banking,Smartphone,Postpaid,Yes,No
CUST05530,21,Female,Lucknow,25,One Year,Fiber Optic,882.91,,,417,13,3,1,,Smartphone,Postpaid,No,Yes
CUST05531,46,Female,Bangalore,3,Month-to-Month,DSL,483.62,1344.39,19.53,381,32,1,0,Cash,Smartphone,Prepaid,Yes,No
CUST05532,36,Male,Mumbai,31,One Year,Fiber Optic,1002.46,30186.91,54.53,579,0,1,0,Net Banking,Smartphone,Postpaid,Yes,No
CUST05533,60,Male,Kolkata,1,Month-to-Month,DSL,575.36,575.36,8.94,438,42,1,1,Credit Card,Feature Phone,Prepaid,Yes,No
CUST05534,19,Female,Kolkata,4,One Year,Fiber Optic,774.04,2842.01,66.55,288,58,1,0,UPI,Smartphone,Prepaid,Yes,No
CUST05535,27,Male,Ahmedabad,20,Month-to-Month,DSL,707.62,13436.97,34.39,220,49,1,0,UPI,Smartphone,Postpaid,No,Yes
CUST05536,60,Female,Mumbai,22,Month-to-Month,DSL,501.34,10256.06,11.98,220,90,0,0,Debit Card,Smartphone,Prepaid,No,No
CUST05537,42,Female,Bangalore,25,One Year,Fiber Optic,774.68,20147.47,48.68,234,40,2,1,Credit Card,Smartphone,Prepaid,Yes,No
CUST05538,37,Female,Lucknow,25,One Year,DSL,541.56,12298.56,33.05,173,44,0,0,UPI,Smartphone,Prepaid,No,No
CUST05539,65,Female,Delhi,32,One Year,DSL,616.64,20612.96,11.55,417,22,0,0,Debit Card,Smartphone,Postpaid,Yes,No
CUST05540,36,Male,Pune,49,Two Year,DSL,508.11,25547.73,20.88,249,40,0,0,UPI,Smartphone,Prepaid,Yes,No
CUST05541,40,Male,Mumbai,7,One Year,DSL,438.7,2884.16,37.16,157,19,2,1,Debit Card,Smartphone,Prepaid,No,No
CUST05542,41,Female,Hyderabad,26,One Year,DSL,410.66,9757.71,33.9,237,14,1,0,UPI,Smartphone,Prepaid,No,Yes
CUST05543,28,Male,Kolkata,28,One Year,Fiber Optic,940.35,25936.16,65.98,317,15,1,0,Debit Card,Smartphone,Postpaid,Yes,No
CUST05544,63,Female,Hyderabad,41,Month-to-Month,DSL,446.44,17149.77,27.65,340,25,0,0,Debit Card,Smartphone,Prepaid,Yes,No
CUST05545,51,Female,Kolkata,27,Two Year,DSL,728.35,18437.98,27.12,192,24,1,0,Net Banking,Smartphone,Postpaid,No,No
CUST05546,45,Male,Bangalore,23,Month-to-Month,Fiber Optic,877.67,19905.7,53.01,215,76,1,0,Net Banking,Feature Phone,Prepaid,No,Yes
CUST05547,22,Male,Lucknow,30,One Year,DSL,435.67,12660.34,32.75,8,67,2,1,UPI,Tablet,Prepaid,Yes,No
CUST05548,22,Female,Bangalore,4,Month-to-Month,DSL,493.95,1928.45,30.78,233,71,3,1,UPI,Smartphone,Prepaid,Yes,Yes
CUST05549,68,Female,Delhi,14,Month-to-Month,Fiber Optic,1044.26,13857.42,36.02,444,29,2,1,Net Banking,Smartphone,Postpaid,Yes,No
CUST05550,38,Male,Bangalore,16,Month-to-Month,DSL,521.71,7918.59,15.16,262,68,2,1,Credit Card,Smartphone,Prepaid,Yes,No
CUST05551,29,Female,Kolkata,21,One Year,DSL,495.33,10921.12,35.63,0,54,1,0,Credit Card,Feature Phone,Prepaid,No,No
CUST05552,67,Female,Ahmedabad,4,Month-to-Month,Fiber Optic,769.7,2952.51,26.96,353,63,2,1,Debit Card,Tablet,Prepaid,Yes,Yes
CUST05553,21,Other,Hyderabad,6,Month-to-Month,DSL,516.03,2890.12,36.84,176,41,0,0,Debit Card,Smartphone,Prepaid,No,No
CUST05554,66,Male,Chennai,0,One Year,DSL,532.04,532.04,15.54,482,22,2,1,Cash,Tablet,Prepaid,No,Yes
CUST05555,59,Male,Ahmedabad,9,Month-to-Month,Fiber Optic,938.77,8597.34,35.69,450,27,1,1,UPI,Smartphone,Postpaid,No,Yes
CUST05556,37,Female,Kolkata,8,Month-to-Month,No Internet,593.24,4438.78,0.5,569,62,1,0,UPI,Router Only,Postpaid,Yes,No
CUST05557,55,Female,Pune,15,Month-to-Month,No Internet,298.39,4101.67,0.5,196,40,2,1,UPI,Smartphone,Prepaid,No,Yes
CUST05558,42,Male,Kolkata,31,One Year,No Internet,319.3,9345.06,0.71,288,18,2,1,Net Banking,Smartphone,Prepaid,No,No
CUST05559,31,Female,Chennai,1,Month-to-Month,Fiber Optic,827.56,827.56,55.83,229,86,3,1,Debit Card,Smartphone,Prepaid,No,Yes
CUST05560,28,Female,Delhi,32,Two Year,No Internet,403.79,12367.19,1.93,336,42,0,0,UPI,Smartphone,Postpaid,No,No
CUST05561,49,Male,Delhi,26,Month-to-Month,No Internet,443.48,10644.79,6.22,343,5,0,0,Debit Card,Tablet,Postpaid,No,No
CUST05562,28,Female,Lucknow,20,Month-to-Month,No Internet,448.6,8107.88,9.55,297,38,0,0,Net Banking,Smartphone,Postpaid,No,Yes
CUST05563,35,Female,Delhi,2,Month-to-Month,No Internet,365.47,713.29,1.1,399,28,3,1,Net Banking,Smartphone,Postpaid,No,Yes
CUST05564,44,Male,Bangalore,13,Two Year,Fiber Optic,932.96,12499.45,49.79,401,23,3,1,Cash,Smartphone,Postpaid,Yes,No
CUST05565,35,Male,Jaipur,8,Month-to-Month,Fiber Optic,922.02,7297.35,54.81,454,14,0,0,UPI,Smartphone,Postpaid,No,Yes
CUST05566,40,Female,Mumbai,5,Month-to-Month,Fiber Optic,891.68,4593.43,47.6,159,40,2,1,Credit Card,Tablet,Prepaid,Yes,Yes
CUST05567,28,Male,Ahmedabad,34,Two Year,DSL,680.62,23486.48,14.84,143,86,0,0,Net Banking,Router Only,Prepaid,No,No
CUST05568,38,Male,Kolkata,8,Month-to-Month,No Internet,283.51,2158.02,13.12,133,34,0,0,Net Banking,Smartphone,Prepaid,No,Yes
CUST05569,61,Female,Lucknow,45,Month-to-Month,DSL,627.58,27167.3,30.82,142,54,3,1,Debit Card,Tablet,Prepaid,No,No
CUST05570,22,Female,Mumbai,10,One Year,DSL,463.1,4766.93,39.92,195,59,0,0,Debit Card,Smartphone,Prepaid,No,No
CUST05571,40,Female,Mumbai,27,One Year,Fiber Optic,936.74,25438.92,47.48,219,36,3,1,Debit Card,Router Only,Prepaid,Yes,No
CUST05572,58,Female,Jaipur,27,One Year,Fiber Optic,889.12,23619.99,24.68,477,3,3,1,UPI,Smartphone,Postpaid,Yes,No
CUST05573,42,Male,Mumbai,36,One Year,Fiber Optic,984.13,36920.43,44.93,379,19,1,0,Net Banking,Router Only,Postpaid,Yes,No
CUST05574,58,Male,Hyderabad,12,One Year,DSL,575.94,6268.53,21.59,462,0,1,0,Credit Card,Smartphone,Postpaid,No,No
CUST05575,27,Male,Pune,51,Two Year,DSL,392.21,20573.37,26.89,155,52,1,0,UPI,Tablet,Prepaid,No,No
CUST05576,39,Male,Mumbai,16,One Year,No Internet,239.34,3629.54,8.74,240,67,2,1,Debit Card,Smartphone,Prepaid,Yes,Yes
CUST05577,36,Female,Jaipur,45,Month-to-Month,DSL,642.19,28822.45,27.85,354,32,2,1,Credit Card,Smartphone,Postpaid,Yes,No
CUST05578,18,Female,Pune,13,Month-to-Month,No Internet,325.86,4394.0,13.15,111,51,2,1,Debit Card,Feature Phone,Prepaid,Yes,No
CUST05579,24,Female,Delhi,32,One Year,Fiber Optic,798.49,24353.48,57.8,170,30,2,1,UPI,Smartphone,Prepaid,Yes,Yes
CUST05580,21,Male,Delhi,22,One Year,DSL,746.73,16005.27,42.25,271,55,2,1,Cash,Router Only,Postpaid,No,No
CUST05581,18,Male,Mumbai,32,Month-to-Month,Fiber Optic,1052.5,31942.0,63.11,237,39,3,1,UPI,Smartphone,Postpaid,No,No
CUST05582,32,Female,Mumbai,1,Month-to-Month,Fiber Optic,1109.42,1115.67,52.79,384,33,2,1,UPI,Router Only,Postpaid,Yes,Yes
CUST05583,57,Male,Pune,16,Month-to-Month,No Internet,248.63,3658.1,2.17,346,76,4,2,Credit Card,Smartphone,Prepaid,Yes,No
CUST05584,29,Male,Delhi,20,Two Year,No Internet,193.49,3919.91,12.23,173,67,2,1,Credit Card,Smartphone,Prepaid,Yes,No
CUST05585,39,Female,Bangalore,1,Month-to-Month,Fiber Optic,723.77,736.15,55.04,198,41,2,1,Credit Card,Smartphone,Prepaid,No,Yes
CUST05586,39,Male,Jaipur,4,Month-to-Month,Fiber Optic,782.83,2849.2,40.24,472,56,3,1,Credit Card,Tablet,Prepaid,No,Yes
CUST05587,67,Male,Hyderabad,27,One Year,Fiber Optic,1156.61,29978.1,29.47,535,0,3,1,UPI,Router Only,Postpaid,No,Yes
CUST05588,64,Female,Mumbai,30,Two Year,Fiber Optic,732.66,22079.19,58.77,320,58,1,0,UPI,Tablet,Prepaid,No,No
CUST05589,34,Male,Lucknow,15,One Year,DSL,379.65,5205.85,34.2,146,69,2,1,Credit Card,Feature Phone,Prepaid,Yes,No
CUST05590,46,Female,Mumbai,27,Two Year,DSL,659.15,18135.42,23.5,467,12,2,1,Debit Card,Router Only,Postpaid,No,No
CUST05591,63,Male,Jaipur,15,One Year,DSL,637.98,9535.0,12.04,437,27,1,0,Credit Card,Tablet,Postpaid,Yes,No
CUST05592,31,Male,Pune,66,Two Year,Fiber Optic,1069.63,68440.45,62.6,435,41,4,2,Cash,Router Only,Postpaid,No,No
CUST05593,67,Male,Kolkata,2,Month-to-Month,Fiber Optic,874.56,1599.11,27.79,374,37,3,2,UPI,Feature Phone,Prepaid,Yes,No
CUST05594,37,Female,Kolkata,23,Month-to-Month,Fiber Optic,870.34,18230.26,58.24,277,53,1,0,UPI,Tablet,Prepaid,Yes,No
CUST05595,67,Female,Hyderabad,30,Two Year,DSL,604.59,16991.07,23.75,354,8,2,1,UPI,Smartphone,Postpaid,Yes,No
CUST05596,65,Other,Kolkata,1,Month-to-Month,No Internet,383.67,390.78,8.78,495,21,1,0,Debit Card,Feature Phone,Postpaid,Yes,Yes
CUST05597,50,Female,Ahmedabad,42,Two Year,Fiber Optic,995.04,43191.78,58.63,163,0,2,1,UPI,Smartphone,Postpaid,No,No
CUST05598,60,Female,Bangalore,3,Month-to-Month,Fiber Optic,930.34,2615.62,39.16,602,46,1,0,Cash,Smartphone,Postpaid,Yes,Yes
CUST05599,32,Male,Bangalore,3,Month-to-Month,Fiber Optic,744.62,2112.48,52.05,289,54,5,3,UPI,Smartphone,Prepaid,Yes,Yes
CUST05600,29,Male,Jaipur,29,Month-to-Month,Fiber Optic,759.91,20396.15,46.54,226,50,2,1,Debit Card,Tablet,Prepaid,No,Yes
CUST05601,57,Male,Hyderabad,6,Month-to-Month,Fiber Optic,1039.58,6255.45,49.8,428,0,0,0,UPI,Smartphone,Postpaid,No,No
CUST05602,37,Male,Ahmedabad,35,Month-to-Month,No Internet,205.68,6508.83,0.99,202,44,2,1,UPI,Smartphone,Prepaid,No,No
CUST05603,47,Male,Chennai,1,Month-to-Month,No Internet,186.69,194.09,2.75,304,65,0,0,Net Banking,Smartphone,Prepaid,Yes,No
CUST05604,55,Male,Chennai,26,Two Year,Fiber Optic,970.41,23748.43,21.91,474,14,3,1,Debit Card,Smartphone,Postpaid,No,No
CUST05605,20,Male,Delhi,60,Two Year,Fiber Optic,962.82,58668.37,63.54,276,34,2,1,Credit Card,Smartphone,Postpaid,No,No
CUST05606,45,Male,Mumbai,8,Month-to-Month,Fiber Optic,844.19,,,297,38,1,0,,Smartphone,Postpaid,No,Yes
CUST05607,43,Male,Hyderabad,20,Month-to-Month,Fiber Optic,842.72,,,472,44,2,1,,Smartphone,Prepaid,No,Yes
CUST05608,47,Female,Chennai,3,Month-to-Month,DSL,482.5,1329.75,20.84,243,38,3,1,Net Banking,Smartphone,Prepaid,Yes,Yes
CUST05609,30,Female,Chennai,32,Month-to-Month,DSL,600.16,18079.25,29.1,330,32,1,0,Net Banking,Smartphone,Prepaid,Yes,No
CUST05610,30,Male,Pune,24,One Year,Fiber Optic,915.8,21725.04,55.18,281,18,4,2,Credit Card,Smartphone,Postpaid,No,No
CUST05611,19,Male,Pune,21,Month-to-Month,No Internet,263.04,4972.57,13.18,0,62,0,0,Net Banking,Smartphone,Prepaid,No,Yes
CUST05612,54,Male,Ahmedabad,18,Month-to-Month,DSL,545.97,9737.92,1.76,213,15,2,1,Credit Card,Smartphone,Prepaid,No,Yes
CUST05613,66,Female,Mumbai,16,One Year,Fiber Optic,990.76,15638.73,33.23,349,42,1,0,UPI,Smartphone,Postpaid,No,No
CUST05614,55,Male,Chennai,2,Month-to-Month,Fiber Optic,761.24,1380.71,36.84,240,52,4,2,Debit Card,Feature Phone,Prepaid,Yes,Yes
CUST05615,19,Female,Delhi,6,Month-to-Month,Fiber Optic,886.53,5204.59,71.94,348,37,2,1,Cash,Smartphone,Postpaid,No,Yes
CUST05616,53,Male,Hyderabad,32,One Year,DSL,678.12,22245.85,18.94,328,37,0,0,Credit Card,Tablet,Postpaid,No,No
CUST05617,43,Male,Mumbai,32,One Year,DSL,742.85,22461.84,29.45,446,14,1,0,Net Banking,Router Only,Postpaid,Yes,No
CUST05618,28,Male,Bangalore,25,One Year,No Internet,472.04,12069.14,2.79,332,93,3,1,Credit Card,Tablet,Postpaid,No,No
CUST05619,25,Male,Bangalore,23,One Year,No Internet,272.5,6056.64,4.85,285,91,1,0,UPI,Feature Phone,Prepaid,No,No
CUST05620,61,Female,Delhi,25,One Year,No Internet,281.27,7216.71,4.98,159,58,3,1,Debit Card,Smartphone,Prepaid,Yes,No
CUST05621,57,Male,Hyderabad,31,Month-to-Month,DSL,591.27,17791.34,30.0,519,33,1,0,Cash,Smartphone,Postpaid,Yes,No
CUST05622,60,Female,Lucknow,4,Month-to-Month,DSL,554.8,2297.15,18.38,341,0,1,0,UPI,Smartphone,Prepaid,Yes,Yes
CUST05623,39,Female,Mumbai,9,One Year,DSL,566.85,5290.8,28.92,194,49,3,2,Debit Card,Feature Phone,Prepaid,Yes,No
CUST05624,37,Female,Pune,41,One Year,Fiber Optic,810.16,29927.13,62.22,6,11,0,0,Debit Card,Feature Phone,Prepaid,Yes,No
CUST05625,25,Female,Hyderabad,4,Month-to-Month,Fiber Optic,784.15,3004.45,69.22,214,75,5,3,UPI,Smartphone,Prepaid,Yes,Yes
CUST05626,46,Male,Mumbai,5,Month-to-Month,Fiber Optic,964.97,4984.55,40.6,428,25,3,1,Debit Card,Smartphone,Postpaid,Yes,Yes
CUST05627,57,Male,Delhi,28,One Year,DSL,442.9,11187.02,10.64,184,72,1,0,Credit Card,Feature Phone,Prepaid,No,Yes
CUST05628,43,Male,Mumbai,18,Month-to-Month,No Internet,149.0,2454.87,5.38,156,72,2,1,UPI,Smartphone,Prepaid,Yes,No
CUST05629,47,Female,Kolkata,21,Month-to-Month,Fiber Optic,630.42,12770.7,56.68,330,26,2,1,Net Banking,Feature Phone,Prepaid,Yes,No
CUST05630,34,Male,Mumbai,8,Month-to-Month,DSL,422.5,3539.04,37.88,45,9,1,0,Debit Card,Tablet,Prepaid,No,No
CUST05631,37,Female,Delhi,2,Month-to-Month,Fiber Optic,927.98,1928.54,38.41,412,20,4,2,UPI,Smartphone,Postpaid,Yes,Yes
CUST05632,69,Male,Bangalore,7,Month-to-Month,No Internet,485.12,3354.27,15.6,561,0,2,1,UPI,Smartphone,Postpaid,Yes,Yes
CUST05633,33,Female,Chennai,19,Month-to-Month,DSL,652.44,11626.42,32.21,498,28,0,0,Cash,Smartphone,Postpaid,Yes,No
CUST05634,63,Male,Pune,12,One Year,No Internet,286.46,3424.67,0.5,319,17,0,0,Net Banking,Smartphone,Prepaid,Yes,No
CUST05635,60,Male,Bangalore,27,Month-to-Month,Fiber Optic,943.81,24168.76,26.46,233,33,1,1,UPI,Tablet,Postpaid,Yes,No
CUST05636,24,Female,Hyderabad,20,One Year,No Internet,358.65,7158.74,1.37,340,66,1,0,Net Banking,Smartphone,Postpaid,No,No
CUST05637,33,Male,Bangalore,19,One Year,Fiber Optic,926.52,16290.8,49.95,389,13,3,1,UPI,Smartphone,Postpaid,No,No
CUST05638,62,Female,Delhi,45,Month-to-Month,DSL,455.38,20292.71,33.88,166,101,1,0,Credit Card,Smartphone,Prepaid,Yes,No
CUST05639,64,Male,Bangalore,7,Month-to-Month,Fiber Optic,883.77,6209.57,45.17,553,1,2,1,Debit Card,Smartphone,Postpaid,Yes,No
CUST05640,65,Male,Chennai,27,One Year,DSL,691.04,18791.96,20.02,489,0,0,0,Net Banking,Tablet,Postpaid,Yes,No
CUST05641,44,Female,Chennai,3,Month-to-Month,No Internet,233.38,732.74,13.14,242,83,1,0,Cash,Feature Phone,Prepaid,Yes,Yes
CUST05642,40,Female,Kolkata,1,Month-to-Month,DSL,445.91,,,374,88,1,0,Cash,Smartphone,Prepaid,Yes,Yes
CUST05643,41,Male,Pune,1,Month-to-Month,DSL,509.68,509.68,22.78,209,54,1,1,UPI,Tablet,Prepaid,No,No
CUST05644,26,Female,Mumbai,9,Month-to-Month,Fiber Optic,1003.72,8950.12,52.92,349,66,1,0,UPI,Smartphone,Postpaid,Yes,No
CUST05645,52,Female,Mumbai,47,Two Year,Fiber Optic,847.41,38728.21,50.27,327,27,7,2,Credit Card,Router Only,Prepaid,No,No
CUST05646,68,Female,Hyderabad,11,One Year,Fiber Optic,1107.96,12118.56,43.15,391,0,2,1,Credit Card,Router Only,Postpaid,Yes,Yes
CUST05647,37,Male,Pune,1,Month-to-Month,Fiber Optic,907.78,911.46,54.14,364,65,3,2,UPI,Router Only,Prepaid,Yes,Yes
CUST05648,54,Male,Delhi,54,Two Year,No Internet,305.77,14945.55,0.5,100,41,2,1,Net Banking,Tablet,Prepaid,No,No
CUST05649,59,Female,Lucknow,9,Month-to-Month,No Internet,329.67,2885.06,6.97,259,17,0,0,Debit Card,Feature Phone,Prepaid,No,Yes
CUST05650,34,Female,Hyderabad,15,One Year,No Internet,173.01,2529.12,0.5,256,61,1,0,UPI,Smartphone,Prepaid,No,No
CUST05651,64,Female,Mumbai,30,Two Year,Fiber Optic,854.52,25460.91,41.25,586,10,2,1,UPI,Smartphone,Postpaid,No,No
CUST05652,48,Male,Pune,45,Two Year,DSL,459.53,19722.75,7.95,375,41,2,1,Cash,Feature Phone,Prepaid,Yes,No
CUST05653,25,Male,Delhi,5,Month-to-Month,DSL,476.24,2167.39,22.44,143,84,3,2,Credit Card,Smartphone,Prepaid,No,Yes
CUST05654,32,Female,Hyderabad,35,One Year,DSL,664.48,22057.3,34.56,195,74,2,1,UPI,Smartphone,Postpaid,No,No
CUST05655,48,Male,Hyderabad,8,Month-to-Month,Fiber Optic,918.3,6851.73,25.74,401,20,2,1,Debit Card,Router Only,Prepaid,No,Yes
CUST05656,47,Male,Delhi,3,Month-to-Month,No Internet,523.57,1598.9,7.59,330,44,3,1,Debit Card,Smartphone,Postpaid,No,Yes
CUST05657,63,Male,Ahmedabad,11,Month-to-Month,Fiber Optic,820.71,9316.28,39.62,522,67,2,1,Debit Card,Smartphone,Postpaid,Yes,Yes
CUST05658,37,Female,Kolkata,17,One Year,DSL,660.05,10391.23,15.96,389,0,1,0,Debit Card,Smartphone,Postpaid,Yes,No
CUST05659,56,Male,Delhi,6,Month-to-Month,No Internet,455.35,2708.58,6.24,481,33,0,0,UPI,Smartphone,Postpaid,Yes,No
CUST05660,29,Male,Bangalore,4,Month-to-Month,No Internet,332.38,1236.64,1.48,216,46,0,0,UPI,Smartphone,Postpaid,Yes,Yes
CUST05661,66,Female,Delhi,5,Month-to-Month,DSL,472.52,2421.19,13.34,268,28,1,0,Net Banking,Smartphone,Prepaid,No,Yes
CUST05662,34,Female,Ahmedabad,6,Month-to-Month,Fiber Optic,871.37,5310.6,52.44,215,30,3,1,Net Banking,Smartphone,Prepaid,Yes,Yes
CUST05663,59,Male,Mumbai,5,Month-to-Month,Fiber Optic,857.2,4231.49,25.91,545,25,4,1,Debit Card,Feature Phone,Postpaid,Yes,Yes
CUST05664,47,Male,Bangalore,59,Two Year,Fiber Optic,828.29,46308.67,49.92,397,67,3,1,Cash,Tablet,Prepaid,No,No
CUST05665,46,Female,Mumbai,1,Month-to-Month,No Internet,431.55,452.03,0.5,130,42,1,0,Net Banking,Router Only,Prepaid,Yes,Yes
CUST05666,36,Female,Mumbai,2,Month-to-Month,Fiber Optic,673.45,1342.81,40.62,177,56,4,2,UPI,Smartphone,Prepaid,No,Yes
CUST05667,63,Female,Kolkata,28,One Year,No Internet,365.38,10341.25,4.09,265,0,2,1,Credit Card,Smartphone,Postpaid,Yes,Yes
CUST05668,28,Female,Kolkata,30,One Year,No Internet,597.3,18493.64,13.29,415,51,1,0,Credit Card,Router Only,Postpaid,Yes,No
CUST05669,51,Female,Hyderabad,5,One Year,No Internet,429.92,,,349,0,4,2,Net Banking,Smartphone,Postpaid,No,No
CUST05670,67,Female,Pune,43,One Year,Fiber Optic,1064.14,46816.58,40.03,356,1,2,1,UPI,Router Only,Postpaid,Yes,No
CUST05671,24,Male,Hyderabad,15,Month-to-Month,Fiber Optic,956.33,13457.18,70.4,91,42,2,1,Credit Card,Router Only,Prepaid,Yes,No
CUST05672,61,Male,Delhi,37,One Year,DSL,534.18,18724.83,11.31,378,23,1,1,Debit Card,Router Only,Prepaid,Yes,No
CUST05673,51,Male,Delhi,71,Month-to-Month,No Internet,473.96,32267.45,0.5,442,38,1,0,Credit Card,Router Only,Postpaid,No,No
CUST05674,37,Male,Bangalore,27,One Year,No Internet,237.64,6656.99,12.22,166,23,0,0,Net Banking,Smartphone,Prepaid,No,No
CUST05675,67,Female,Kolkata,22,Two Year,Fiber Optic,963.37,19256.68,32.3,516,2,0,0,Net Banking,Smartphone,Postpaid,Yes,No
CUST05676,55,Male,Jaipur,20,Two Year,DSL,619.37,11630.21,25.4,370,3,0,0,Debit Card,Smartphone,Postpaid,No,No
CUST05677,41,Female,Delhi,50,Two Year,DSL,384.81,18594.63,14.51,144,83,0,0,Credit Card,Tablet,Prepaid,Yes,No
CUST05678,27,Male,Bangalore,2,Month-to-Month,Fiber Optic,825.55,1663.1,52.44,120,59,2,1,Debit Card,Smartphone,Prepaid,No,Yes
CUST05679,49,Male,Mumbai,27,Month-to-Month,DSL,601.53,15012.25,29.71,350,0,0,0,Credit Card,Feature Phone,Postpaid,No,Yes
CUST05680,69,Other,Kolkata,44,Two Year,DSL,511.19,21955.32,14.75,333,29,2,1,Debit Card,Smartphone,Prepaid,No,No
CUST05681,32,Male,Ahmedabad,19,One Year,Fiber Optic,952.26,17193.06,62.31,298,0,2,1,Net Banking,Feature Phone,Postpaid,Yes,No
CUST05682,54,Male,Mumbai,4,Month-to-Month,Fiber Optic,759.66,2833.37,25.59,243,56,6,2,Debit Card,Smartphone,Prepaid,No,No
CUST05683,37,Male,Pune,30,One Year,DSL,598.49,16325.03,30.19,329,0,2,1,UPI,Smartphone,Postpaid,Yes,No
CUST05684,20,Female,Pune,7,Month-to-Month,DSL,725.54,5197.15,28.67,124,70,0,0,Credit Card,Router Only,Prepaid,Yes,No
CUST05685,54,Female,Delhi,25,One Year,Fiber Optic,1044.79,26189.92,34.46,452,35,2,1,Debit Card,Smartphone,Postpaid,Yes,Yes
CUST05686,57,Female,Bangalore,57,Two Year,Fiber Optic,947.94,50906.19,23.69,548,0,0,0,Credit Card,Smartphone,Postpaid,Yes,No
CUST05687,25,Male,Chennai,9,Month-to-Month,No Internet,557.88,4811.93,11.25,384,77,2,1,UPI,Router Only,Postpaid,Yes,Yes
CUST05688,57,Female,Delhi,3,Month-to-Month,No Internet,285.25,840.53,0.5,277,39,2,1,Debit Card,Smartphone,Prepaid,No,No
CUST05689,61,Male,Bangalore,11,Month-to-Month,No Internet,444.89,4640.22,0.5,346,0,1,0,Net Banking,Smartphone,Postpaid,Yes,No
CUST05690,40,Female,Delhi,40,Two Year,Fiber Optic,957.37,35541.41,52.2,380,12,4,1,Debit Card,Feature Phone,Postpaid,Yes,No
CUST05691,57,Female,Hyderabad,1,Month-to-Month,Fiber Optic,850.1,850.1,39.77,272,70,3,1,UPI,Tablet,Prepaid,Yes,No
CUST05692,28,Female,Ahmedabad,0,One Year,No Internet,311.48,311.48,15.21,262,65,3,2,Cash,Smartphone,Prepaid,No,No
CUST05693,63,Female,Hyderabad,22,One Year,Fiber Optic,1003.59,21476.22,39.81,423,0,1,0,UPI,Tablet,Postpaid,Yes,No
CUST05694,25,Female,Delhi,18,Month-to-Month,DSL,533.72,9325.72,27.88,371,67,1,0,UPI,Smartphone,Postpaid,Yes,No
CUST05695,46,Female,Delhi,12,Month-to-Month,Fiber Optic,802.19,9223.33,28.46,123,45,2,1,Credit Card,Smartphone,Prepaid,Yes,Yes
CUST05696,47,Male,Chennai,22,One Year,Fiber Optic,915.01,20299.4,30.6,318,52,4,2,Net Banking,Smartphone,Prepaid,No,Yes
CUST05697,27,Female,Mumbai,33,Two Year,No Internet,442.83,14970.64,2.52,437,12,1,0,UPI,Smartphone,Postpaid,No,No
CUST05698,56,Male,Chennai,6,Month-to-Month,No Internet,183.01,1106.94,2.93,284,33,1,0,Credit Card,Smartphone,Prepaid,No,No
CUST05699,45,Male,Delhi,7,Month-to-Month,No Internet,399.43,2719.67,6.8,373,10,1,0,Debit Card,Router Only,Postpaid,No,No
CUST05700,66,Male,Kolkata,20,Month-to-Month,No Internet,255.06,4744.5,17.77,135,36,0,0,UPI,Smartphone,Prepaid,No,No
CUST05701,53,Male,Ahmedabad,19,One Year,DSL,622.71,11609.94,16.25,634,20,2,1,Credit Card,Router Only,Postpaid,No,No
CUST05702,30,Male,Jaipur,2,Month-to-Month,Fiber Optic,971.33,1960.05,42.23,375,66,5,2,UPI,Smartphone,Postpaid,No,Yes
CUST05703,49,Female,Mumbai,34,Two Year,Fiber Optic,796.13,26039.55,40.66,220,60,3,1,Debit Card,Smartphone,Prepaid,Yes,No
CUST05704,53,Male,Pune,22,Month-to-Month,DSL,453.99,10473.43,12.68,280,55,0,0,UPI,Smartphone,Prepaid,No,Yes
CUST05705,54,Male,Mumbai,9,Month-to-Month,Fiber Optic,875.96,8201.05,53.55,159,48,2,1,Debit Card,Smartphone,Prepaid,Yes,Yes
CUST05706,43,Female,Kolkata,0,Month-to-Month,No Internet,384.88,384.88,8.52,399,28,0,0,UPI,Feature Phone,Postpaid,Yes,No
CUST05707,39,Male,Delhi,56,Two Year,DSL,450.28,24939.21,16.81,214,90,0,0,Credit Card,Tablet,Prepaid,Yes,No
CUST05708,21,Female,Kolkata,13,Month-to-Month,DSL,567.3,7248.91,21.52,43,61,0,0,UPI,Feature Phone,Prepaid,Yes,No
CUST05709,48,Female,Bangalore,7,Month-to-Month,DSL,515.68,3537.83,13.01,234,16,2,1,Cash,Smartphone,Prepaid,Yes,Yes
CUST05710,35,Female,Ahmedabad,8,Month-to-Month,Fiber Optic,773.39,6003.95,54.87,86,13,0,0,Net Banking,Smartphone,Prepaid,Yes,No
CUST05711,55,Female,Pune,15,One Year,DSL,562.08,7791.77,15.26,385,0,2,1,Debit Card,Smartphone,Postpaid,No,No
CUST05712,41,Male,Bangalore,0,Month-to-Month,No Internet,390.39,390.39,2.97,278,56,4,2,UPI,Smartphone,Postpaid,Yes,No
CUST05713,40,Male,Jaipur,28,One Year,DSL,543.31,15557.28,15.46,245,49,3,1,UPI,Router Only,Prepaid,No,No
CUST05714,39,Male,Mumbai,4,Month-to-Month,DSL,692.42,2801.32,19.42,380,36,1,1,Cash,Smartphone,Postpaid,Yes,Yes
CUST05715,19,Female,Lucknow,31,Two Year,Fiber Optic,710.9,22114.73,55.76,91,57,2,1,Net Banking,Smartphone,Prepaid,No,No
CUST05716,48,Male,Kolkata,24,Two Year,No Internet,467.7,10887.75,6.58,441,22,2,1,Credit Card,Smartphone,Postpaid,Yes,No
CUST05717,28,Male,Lucknow,3,Month-to-Month,Fiber Optic,870.36,2739.89,63.1,259,50,4,1,Credit Card,Smartphone,Prepaid,Yes,Yes
CUST05718,45,Male,Delhi,30,Two Year,No Internet,388.79,11268.55,1.7,504,19,1,0,UPI,Tablet,Postpaid,Yes,No
CUST05719,63,Female,Mumbai,0,Month-to-Month,No Internet,395.96,395.96,11.9,289,38,2,1,Credit Card,Router Only,Prepaid,No,Yes
CUST05720,49,Male,Kolkata,9,One Year,Fiber Optic,1012.68,8658.73,46.58,508,25,3,1,Cash,Smartphone,Postpaid,Yes,Yes
CUST05721,22,Other,Jaipur,20,Month-to-Month,No Internet,304.97,6143.79,0.5,9,31,2,1,Cash,Router Only,Prepaid,Yes,Yes
CUST05722,55,Male,Delhi,8,Month-to-Month,No Internet,280.38,2120.05,3.11,397,40,1,1,Net Banking,Smartphone,Prepaid,No,Yes
CUST05723,27,Male,Delhi,28,Month-to-Month,DSL,696.27,19501.3,18.47,345,13,2,1,Credit Card,Smartphone,Postpaid,Yes,Yes
CUST05724,57,Male,Mumbai,0,Month-to-Month,DSL,555.99,555.99,15.35,251,10,2,1,UPI,Router Only,Prepaid,Yes,Yes
CUST05725,63,Female,Ahmedabad,2,Month-to-Month,No Internet,461.08,955.11,8.05,420,11,3,1,Debit Card,Smartphone,Postpaid,No,No
CUST05726,41,Female,Kolkata,27,One Year,Fiber Optic,982.45,25702.85,44.68,275,0,2,1,Net Banking,Smartphone,Postpaid,No,No
CUST05727,52,Male,Bangalore,6,Month-to-Month,No Internet,311.31,1818.26,0.8,282,12,2,1,Debit Card,Smartphone,Prepaid,Yes,No
CUST05728,61,Male,Delhi,18,One Year,DSL,539.54,8841.0,20.15,385,14,2,1,Debit Card,Smartphone,Prepaid,Yes,No
CUST05729,65,Female,Hyderabad,27,One Year,No Internet,324.51,8116.29,6.18,396,3,1,0,Credit Card,Smartphone,Prepaid,No,No
CUST05730,40,Male,Mumbai,16,One Year,DSL,668.71,10034.64,23.74,383,0,2,1,Debit Card,Feature Phone,Postpaid,Yes,No
CUST05731,34,Male,Kolkata,11,One Year,DSL,619.83,7089.62,36.61,282,31,2,1,Cash,Feature Phone,Postpaid,Yes,No
CUST05732,18,Male,Bangalore,14,Month-to-Month,No Internet,387.09,5398.31,8.0,182,52,1,0,Cash,Tablet,Postpaid,No,Yes
CUST05733,48,Male,Pune,6,Month-to-Month,DSL,622.29,3865.66,13.26,298,53,3,1,Net Banking,Smartphone,Postpaid,Yes,No
CUST05734,48,Male,Ahmedabad,0,Month-to-Month,DSL,476.09,476.09,44.76,213,42,0,0,Cash,Smartphone,Prepaid,No,Yes
CUST05735,59,Male,Hyderabad,19,Two Year,DSL,703.82,12696.76,10.17,470,4,1,0,Credit Card,Smartphone,Postpaid,No,No
CUST05736,59,Male,Bangalore,16,One Year,DSL,745.25,,,445,19,1,0,,Router Only,Postpaid,Yes,No
CUST05737,51,Female,Kolkata,18,One Year,Fiber Optic,809.6,14557.41,41.89,274,66,3,1,UPI,Feature Phone,Prepaid,No,No
CUST05738,26,Male,Mumbai,38,Two Year,Fiber Optic,681.39,23874.87,79.81,116,98,0,0,UPI,Smartphone,Prepaid,Yes,No
CUST05739,39,Female,Jaipur,20,Two Year,Fiber Optic,813.96,15074.0,45.03,235,60,3,1,Debit Card,Tablet,Prepaid,No,No
CUST05740,30,Male,Delhi,39,Month-to-Month,Fiber Optic,961.7,38271.83,61.85,261,74,1,0,Net Banking,Smartphone,Postpaid,Yes,No
CUST05741,42,Female,Ahmedabad,16,Month-to-Month,Fiber Optic,810.27,13345.24,56.62,181,85,3,1,UPI,Smartphone,Prepaid,No,Yes
CUST05742,65,Male,Delhi,20,Two Year,DSL,391.76,7059.78,28.87,289,17,1,0,Net Banking,Smartphone,Prepaid,Yes,No
CUST05743,35,Female,Delhi,57,Two Year,DSL,718.24,41203.55,24.46,473,0,3,1,UPI,Router Only,Postpaid,Yes,No
CUST05744,68,Male,Bangalore,20,One Year,Fiber Optic,705.94,13465.99,42.29,250,4,0,0,Credit Card,Smartphone,Prepaid,No,No
CUST05745,29,Female,Lucknow,35,One Year,Fiber Optic,860.8,28666.65,55.38,194,48,2,1,Credit Card,Router Only,Prepaid,Yes,Yes
CUST05746,57,Male,Lucknow,23,One Year,DSL,639.56,14468.45,15.45,304,0,1,0,Net Banking,Smartphone,Postpaid,Yes,No
CUST05747,34,Male,Mumbai,13,Month-to-Month,DSL,503.69,6634.5,20.56,224,48,0,0,UPI,Smartphone,Prepaid,No,No
CUST05748,32,Female,Delhi,37,Two Year,Fiber Optic,930.21,35766.96,47.05,344,7,1,0,Net Banking,Smartphone,Postpaid,Yes,No
CUST05749,59,Female,Bangalore,22,One Year,Fiber Optic,931.74,18480.79,31.09,452,26,2,1,Debit Card,Smartphone,Postpaid,No,Yes
CUST05750,32,Male,Bangalore,2,Month-to-Month,Fiber Optic,782.89,1471.75,58.04,225,41,4,2,Net Banking,Smartphone,Prepaid,No,No
CUST05751,32,Female,Kolkata,61,Month-to-Month,No Internet,174.08,10174.38,9.23,242,54,1,0,Net Banking,Smartphone,Prepaid,No,No
CUST05752,56,Male,Bangalore,53,Two Year,DSL,459.43,22200.8,10.61,435,36,0,0,Debit Card,Smartphone,Prepaid,Yes,No
CUST05753,30,Male,Kolkata,12,One Year,Fiber Optic,845.41,9184.46,64.27,268,70,1,0,Debit Card,Smartphone,Prepaid,Yes,No
CUST05754,34,Other,Kolkata,18,Month-to-Month,Fiber Optic,875.32,16528.25,68.96,418,72,0,0,Debit Card,Smartphone,Prepaid,No,No
CUST05755,49,Male,Chennai,8,Month-to-Month,No Internet,393.1,3134.97,11.12,260,37,2,1,Credit Card,Smartphone,Postpaid,Yes,Yes
CUST05756,26,Female,Ahmedabad,26,One Year,DSL,526.85,12879.84,38.08,205,81,2,1,UPI,Smartphone,Prepaid,No,No
CUST05757,57,Male,Mumbai,24,Month-to-Month,Fiber Optic,1027.09,23574.04,37.26,409,62,1,1,Debit Card,Router Only,Postpaid,Yes,Yes
CUST05758,37,Female,Delhi,4,Month-to-Month,No Internet,213.24,858.14,0.5,83,56,1,0,Net Banking,Tablet,Prepaid,Yes,Yes
CUST05759,43,Female,Kolkata,20,One Year,Fiber Optic,910.31,16782.12,54.4,518,29,1,0,Net Banking,Smartphone,Postpaid,No,Yes
CUST05760,44,Other,Mumbai,24,One Year,DSL,880.37,20362.67,32.21,505,25,1,1,Net Banking,Router Only,Postpaid,Yes,No
CUST05761,38,Female,Delhi,30,Two Year,Fiber Optic,891.06,27520.53,31.26,493,30,2,1,Credit Card,Tablet,Postpaid,Yes,No
CUST05762,35,Male,Jaipur,0,Month-to-Month,Fiber Optic,835.31,835.31,45.26,214,51,7,3,Credit Card,Smartphone,Prepaid,Yes,Yes
CUST05763,30,Female,Chennai,1,Month-to-Month,DSL,576.25,576.25,23.32,272,17,3,1,Net Banking,Smartphone,Postpaid,No,Yes
CUST05764,33,Male,Bangalore,8,Month-to-Month,Fiber Optic,1184.32,9784.8,44.44,428,9,2,1,Net Banking,Router Only,Postpaid,Yes,Yes
CUST05765,26,Female,Pune,7,Month-to-Month,Fiber Optic,1006.76,7346.86,53.69,340,46,0,0,Debit Card,Smartphone,Postpaid,No,No
CUST05766,29,Female,Bangalore,2,Month-to-Month,No Internet,262.19,541.18,17.16,297,31,6,3,Debit Card,Smartphone,Prepaid,Yes,Yes
CUST05767,61,Male,Lucknow,25,One Year,Fiber Optic,899.89,23360.03,41.11,401,25,2,1,Debit Card,Smartphone,Prepaid,Yes,No
CUST05768,55,Female,Delhi,0,Month-to-Month,DSL,513.01,513.01,18.44,208,64,6,2,Net Banking,Smartphone,Prepaid,Yes,Yes
CUST05769,36,Male,Chennai,24,Two Year,Fiber Optic,847.53,19735.61,53.39,219,52,4,2,UPI,Smartphone,Prepaid,Yes,No
CUST05770,24,Female,Kolkata,53,Month-to-Month,No Internet,472.09,24848.01,18.44,264,32,1,1,Credit Card,Feature Phone,Postpaid,Yes,Yes
CUST05771,52,Male,Hyderabad,28,One Year,No Internet,389.54,9912.43,0.5,514,24,1,0,UPI,Smartphone,Postpaid,Yes,No
CUST05772,65,Female,Kolkata,34,Two Year,Fiber Optic,798.68,27216.71,28.29,307,54,1,1,Credit Card,Smartphone,Prepaid,No,No
CUST05773,35,Male,Jaipur,9,Month-to-Month,DSL,506.06,4469.73,35.33,101,27,0,0,UPI,Smartphone,Prepaid,No,No
CUST05774,33,Female,Kolkata,3,Month-to-Month,DSL,586.92,1832.28,19.28,262,35,3,1,Net Banking,Tablet,Postpaid,No,Yes
CUST05775,56,Male,Mumbai,14,One Year,Fiber Optic,1028.7,14137.06,18.39,437,0,0,0,Net Banking,Router Only,Postpaid,No,No
CUST05776,21,Female,Chennai,11,One Year,DSL,620.56,7158.27,32.89,242,60,2,1,UPI,Smartphone,Postpaid,Yes,No
CUST05777,42,Male,Jaipur,22,One Year,No Internet,303.79,6986.91,0.5,197,46,3,1,Credit Card,Tablet,Prepaid,Yes,No
CUST05778,49,Female,Bangalore,0,Month-to-Month,Fiber Optic,730.45,730.45,47.52,108,75,4,2,Net Banking,Smartphone,Prepaid,No,Yes
CUST05779,57,Male,Pune,30,One Year,No Internet,546.06,14828.27,3.79,391,42,0,0,Net Banking,Router Only,Postpaid,No,No
CUST05780,30,Female,Hyderabad,27,One Year,Fiber Optic,971.18,26776.14,58.91,266,32,0,0,UPI,Smartphone,Postpaid,Yes,No
CUST05781,62,Male,Delhi,11,Month-to-Month,DSL,511.01,5777.88,16.83,363,15,1,0,Debit Card,Router Only,Prepaid,No,No
CUST05782,34,Female,Delhi,30,Two Year,Fiber Optic,840.58,24787.28,54.34,150,61,0,0,Credit Card,Feature Phone,Prepaid,Yes,No
CUST05783,66,Male,Lucknow,8,One Year,DSL,688.17,5559.86,16.0,445,11,1,0,Debit Card,Feature Phone,Postpaid,No,No
CUST05784,54,Female,Chennai,13,Month-to-Month,Fiber Optic,768.04,9700.58,41.76,250,36,2,1,Credit Card,Smartphone,Prepaid,Yes,No
CUST05785,23,Male,Delhi,39,Two Year,Fiber Optic,796.35,30900.11,55.16,229,85,0,0,Credit Card,Tablet,Prepaid,Yes,No
CUST05786,36,Female,Ahmedabad,24,One Year,DSL,443.23,10390.99,36.52,362,95,0,0,Debit Card,Smartphone,Prepaid,Yes,No
CUST05787,30,Male,Hyderabad,16,Month-to-Month,Fiber Optic,901.65,14022.14,58.18,202,71,4,1,Cash,Smartphone,Prepaid,Yes,No
CUST05788,43,Male,Kolkata,1,Month-to-Month,Fiber Optic,941.62,963.31,57.13,266,33,1,0,UPI,Feature Phone,Postpaid,No,Yes
CUST05789,31,Female,Delhi,16,One Year,Fiber Optic,1048.91,15556.1,65.2,194,72,1,0,Debit Card,Router Only,Postpaid,No,Yes
CUST05790,48,Male,Jaipur,8,One Year,Fiber Optic,810.4,6247.78,37.82,287,59,0,0,Credit Card,Smartphone,Prepaid,Yes,No
CUST05791,21,Male,Chennai,46,Two Year,DSL,530.76,24442.72,39.61,124,70,0,0,Cash,Smartphone,Prepaid,No,No
CUST05792,56,Female,Pune,13,Month-to-Month,Fiber Optic,973.88,13266.13,28.49,413,8,0,0,UPI,Tablet,Postpaid,Yes,Yes
CUST05793,25,Female,Delhi,3,Month-to-Month,DSL,504.8,1492.83,26.07,254,30,2,1,Cash,Tablet,Prepaid,No,Yes
CUST05794,42,Female,Mumbai,20,Month-to-Month,DSL,479.09,9414.4,7.87,265,71,2,1,Net Banking,Smartphone,Prepaid,Yes,No
CUST05795,30,Male,Mumbai,16,One Year,No Internet,519.75,8118.11,15.77,363,60,0,0,Credit Card,Router Only,Postpaid,Yes,No
CUST05796,49,Male,Lucknow,10,Month-to-Month,Fiber Optic,1085.18,9851.09,51.13,260,0,3,1,Net Banking,Router Only,Postpaid,Yes,No
CUST05797,55,Female,Mumbai,44,Two Year,DSL,688.12,30205.56,8.36,421,0,1,0,UPI,Smartphone,Postpaid,Yes,No
CUST05798,55,Male,Pune,3,Month-to-Month,Fiber Optic,833.41,2611.69,35.16,257,0,2,1,UPI,Smartphone,Prepaid,Yes,Yes
CUST05799,45,Female,Delhi,16,Month-to-Month,Fiber Optic,911.23,14701.79,48.82,99,37,3,1,Net Banking,Router Only,Prepaid,Yes,No
CUST05800,47,Male,Mumbai,32,Two Year,DSL,548.06,16624.84,23.63,241,67,0,0,Net Banking,Smartphone,Prepaid,Yes,No
CUST05801,20,Other,Bangalore,7,Month-to-Month,DSL,573.78,4010.6,25.35,351,48,1,0,Net Banking,Smartphone,Postpaid,No,No
CUST05802,45,Female,Kolkata,31,Two Year,Fiber Optic,712.2,21539.21,50.4,193,63,1,1,Net Banking,Smartphone,Prepaid,Yes,No
CUST05803,20,Female,Kolkata,4,Month-to-Month,No Internet,239.19,956.75,16.84,147,55,1,0,UPI,Router Only,Prepaid,Yes,No
CUST05804,62,Male,Lucknow,45,Month-to-Month,DSL,617.58,29170.26,30.21,242,18,2,1,UPI,Router Only,Prepaid,No,No
CUST05805,51,Female,Jaipur,37,One Year,Fiber Optic,1068.74,39205.63,42.21,539,38,3,1,Net Banking,Tablet,Postpaid,Yes,No
CUST05806,33,Male,Delhi,47,Two Year,Fiber Optic,1016.08,43118.1,58.05,291,27,3,2,UPI,Smartphone,Postpaid,Yes,No
CUST05807,39,Female,Ahmedabad,5,Month-to-Month,Fiber Optic,934.41,4382.56,37.7,318,13,0,0,Credit Card,Feature Phone,Postpaid,No,Yes
CUST05808,49,Female,Bangalore,5,Month-to-Month,Fiber Optic,956.68,4608.87,33.21,325,22,0,0,UPI,Smartphone,Postpaid,No,Yes
CUST05809,55,Male,Ahmedabad,27,One Year,Fiber Optic,751.1,18463.95,32.39,310,14,3,1,Credit Card,Smartphone,Prepaid,Yes,No
CUST05810,25,Male,Delhi,2,Month-to-Month,Fiber Optic,873.13,1692.84,75.65,164,79,2,1,Credit Card,Tablet,Prepaid,No,Yes
CUST05811,25,Female,Ahmedabad,38,Two Year,Fiber Optic,953.25,35056.67,63.48,134,30,1,0,Credit Card,Smartphone,Postpaid,No,No
CUST05812,23,Male,Delhi,12,Month-to-Month,Fiber Optic,930.55,11519.14,53.7,472,18,1,0,Credit Card,Smartphone,Postpaid,No,Yes
CUST05813,31,Male,Bangalore,37,Two Year,Fiber Optic,919.75,32100.97,49.5,205,0,1,0,Credit Card,Smartphone,Postpaid,No,No
CUST05814,49,Male,Delhi,18,Month-to-Month,Fiber Optic,967.63,16741.11,51.3,275,13,1,0,Credit Card,Tablet,Postpaid,No,Yes
CUST05815,52,Male,Delhi,13,One Year,Fiber Optic,869.2,10569.79,36.93,427,11,1,0,UPI,Smartphone,Postpaid,No,No
CUST05816,27,Female,Bangalore,28,One Year,DSL,607.08,17337.4,20.04,357,30,0,0,Credit Card,Feature Phone,Postpaid,Yes,No
CUST05817,20,Female,Kolkata,0,Month-to-Month,DSL,705.5,705.5,29.89,268,3,3,1,Debit Card,Smartphone,Postpaid,No,Yes
CUST05818,29,Male,Kolkata,43,Two Year,DSL,375.34,16812.9,25.25,98,66,1,0,Net Banking,Smartphone,Prepaid,No,No
CUST05819,66,Female,Mumbai,8,Month-to-Month,No Internet,163.57,1340.96,0.5,339,47,3,1,Net Banking,Smartphone,Prepaid,Yes,No
CUST05820,48,Female,Delhi,32,Month-to-Month,Fiber Optic,1009.06,32967.56,54.9,461,0,0,0,Debit Card,Smartphone,Postpaid,Yes,Yes
CUST05821,46,Female,Bangalore,6,Month-to-Month,Fiber Optic,870.84,4887.57,60.29,220,38,4,2,Net Banking,Feature Phone,Prepaid,No,Yes
CUST05822,22,Male,Jaipur,29,Two Year,DSL,716.91,20842.97,24.45,246,13,1,0,UPI,Smartphone,Postpaid,No,No
CUST05823,69,Male,Delhi,1,Month-to-Month,Fiber Optic,798.47,798.47,28.28,411,16,3,1,Debit Card,Smartphone,Prepaid,No,Yes
CUST05824,42,Female,Hyderabad,21,One Year,Fiber Optic,912.78,17315.26,30.85,223,16,0,0,Net Banking,Router Only,Prepaid,Yes,Yes
CUST05825,58,Female,Delhi,26,One Year,Fiber Optic,1001.07,24611.63,37.24,423,34,3,1,Cash,Smartphone,Postpaid,No,Yes
CUST05826,48,Male,Hyderabad,26,Month-to-Month,Fiber Optic,924.08,24756.07,55.37,415,0,2,1,UPI,Smartphone,Postpaid,Yes,Yes
CUST05827,38,Female,Delhi,0,Month-to-Month,Fiber Optic,787.04,787.04,55.04,271,34,4,2,Credit Card,Smartphone,Prepaid,Yes,Yes
CUST05828,37,Male,Delhi,6,Month-to-Month,No Internet,174.31,1087.01,11.33,222,36,0,0,Credit Card,Smartphone,Prepaid,Yes,No
CUST05829,56,Male,Mumbai,12,Month-to-Month,DSL,439.53,4921.38,24.57,249,53,1,0,Debit Card,Smartphone,Prepaid,No,No
CUST05830,39,Female,Mumbai,10,Month-to-Month,DSL,520.05,4717.43,24.02,159,71,2,1,Debit Card,Smartphone,Prepaid,Yes,No
CUST05831,21,Female,Mumbai,27,One Year,DSL,640.92,17116.04,36.87,233,52,1,0,Debit Card,Feature Phone,Postpaid,Yes,No
CUST05832,30,Male,Chennai,42,Two Year,Fiber Optic,763.99,32812.98,57.71,146,45,0,0,UPI,Smartphone,Prepaid,No,No
CUST05833,62,Female,Delhi,19,Month-to-Month,Fiber Optic,1025.16,19195.79,33.22,419,0,0,0,UPI,Feature Phone,Postpaid,Yes,No
CUST05834,59,Female,Delhi,24,One Year,No Internet,202.34,4738.6,8.06,288,24,1,0,UPI,Smartphone,Prepaid,Yes,No
CUST05835,67,Female,Mumbai,9,Month-to-Month,Fiber Optic,923.88,8030.89,43.54,597,0,3,2,Debit Card,Tablet,Postpaid,Yes,Yes
CUST05836,66,Female,Ahmedabad,28,One Year,Fiber Optic,950.74,26817.61,35.27,329,5,1,0,Credit Card,Smartphone,Postpaid,No,No
CUST05837,37,Male,Chennai,62,Two Year,Fiber Optic,790.85,51231.75,52.04,371,57,2,1,Debit Card,Smartphone,Prepaid,No,No
CUST05838,69,Male,Pune,9,Month-to-Month,Fiber Optic,934.85,7968.78,39.09,457,0,0,0,Cash,Tablet,Postpaid,Yes,No
CUST05839,30,Male,Bangalore,23,One Year,Fiber Optic,730.23,15979.32,61.93,237,82,5,2,UPI,Tablet,Prepaid,Yes,Yes
CUST05840,34,Female,Mumbai,29,One Year,DSL,625.65,16511.53,22.15,261,74,0,0,UPI,Router Only,Prepaid,No,No
CUST05841,53,Female,Delhi,10,One Year,Fiber Optic,795.04,7352.41,27.2,266,39,4,2,Credit Card,Smartphone,Prepaid,Yes,Yes
CUST05842,50,Male,Hyderabad,9,Month-to-Month,Fiber Optic,822.66,7247.79,31.06,310,51,1,0,Credit Card,Smartphone,Prepaid,Yes,No
CUST05843,18,Male,Chennai,2,Month-to-Month,No Internet,255.21,483.53,1.9,123,101,1,0,UPI,Smartphone,Prepaid,Yes,Yes
CUST05844,32,Male,Jaipur,10,Month-to-Month,DSL,862.18,,,357,24,2,1,UPI,Router Only,Postpaid,No,No
CUST05845,30,Male,Jaipur,27,Month-to-Month,DSL,715.52,19190.06,28.4,389,62,0,0,Credit Card,Smartphone,Postpaid,No,No
CUST05846,34,Female,Bangalore,33,One Year,DSL,684.25,22799.19,20.93,183,27,0,0,Credit Card,Router Only,Postpaid,Yes,No
CUST05847,41,Female,Bangalore,31,Month-to-Month,Fiber Optic,932.97,27946.05,48.37,301,19,1,0,Debit Card,Feature Phone,Prepaid,No,Yes
CUST05848,25,Male,Delhi,51,Two Year,DSL,724.71,33816.41,20.3,487,32,1,0,Credit Card,Router Only,Postpaid,No,No
CUST05849,67,Female,Mumbai,40,Month-to-Month,DSL,465.3,18320.79,12.89,420,41,0,0,Cash,Smartphone,Prepaid,No,Yes
CUST05850,44,Female,Jaipur,4,Month-to-Month,DSL,617.79,2320.12,32.73,471,11,1,1,Credit Card,Smartphone,Postpaid,No,Yes
CUST05851,62,Female,Delhi,23,One Year,DSL,470.53,10587.87,28.8,403,92,5,2,Cash,Smartphone,Prepaid,No,No
CUST05852,40,Male,Lucknow,36,Month-to-Month,DSL,460.47,15196.66,41.78,219,77,2,1,UPI,Smartphone,Prepaid,Yes,Yes
CUST05853,63,Male,Hyderabad,10,One Year,DSL,625.43,6359.88,20.9,391,60,0,0,Debit Card,Router Only,Prepaid,No,No
CUST05854,25,Male,Bangalore,0,Month-to-Month,DSL,536.46,536.46,30.11,237,123,1,1,UPI,Smartphone,Prepaid,Yes,Yes
CUST05855,25,Female,Delhi,10,Month-to-Month,DSL,488.7,4885.9,28.93,107,62,1,0,Debit Card,Smartphone,Prepaid,No,No
CUST05856,43,Female,Pune,15,Month-to-Month,DSL,461.62,6743.3,22.24,257,41,2,1,UPI,Smartphone,Prepaid,Yes,No
CUST05857,64,Female,Bangalore,19,Month-to-Month,Fiber Optic,808.45,14899.96,29.24,265,54,1,0,Credit Card,Smartphone,Prepaid,Yes,Yes
CUST05858,30,Male,Bangalore,72,Two Year,Fiber Optic,794.29,54745.92,58.27,162,63,2,1,Credit Card,Feature Phone,Prepaid,Yes,No
CUST05859,56,Male,Mumbai,8,Month-to-Month,DSL,398.72,3101.78,18.72,207,23,1,0,UPI,Smartphone,Prepaid,Yes,No
CUST05860,54,Male,Delhi,40,Two Year,No Internet,292.44,11602.92,0.5,270,30,1,0,Credit Card,Smartphone,Prepaid,No,No
CUST05861,66,Female,Hyderabad,17,Month-to-Month,Fiber Optic,785.01,12459.28,34.41,372,0,2,1,Debit Card,Smartphone,Prepaid,Yes,No
CUST05862,45,Male,Mumbai,7,One Year,No Internet,461.11,3250.91,1.01,264,34,0,0,Cash,Smartphone,Postpaid,Yes,No
CUST05863,42,Male,Pune,4,Month-to-Month,DSL,530.16,2063.05,17.87,175,70,3,1,Net Banking,Router Only,Prepaid,Yes,No
CUST05864,33,Female,Pune,26,Two Year,DSL,655.28,16909.79,32.79,308,76,0,0,Net Banking,Smartphone,Postpaid,No,No
CUST05865,19,Female,Bangalore,28,One Year,No Internet,299.13,8131.83,0.5,174,104,1,0,UPI,Smartphone,Prepaid,No,No
CUST05866,35,Female,Pune,41,Two Year,DSL,704.82,26717.43,15.37,479,79,1,0,Credit Card,Tablet,Postpaid,Yes,No
CUST05867,34,Male,Mumbai,12,One Year,No Internet,233.16,2655.69,0.5,247,59,2,1,Credit Card,Smartphone,Prepaid,Yes,Yes
CUST05868,47,Female,Pune,17,Month-to-Month,Fiber Optic,716.19,11579.74,31.0,71,54,0,0,Cash,Smartphone,Prepaid,Yes,Yes
CUST05869,56,Male,Delhi,26,Two Year,Fiber Optic,910.09,22734.24,56.94,322,28,0,0,Net Banking,Router Only,Prepaid,No,No
CUST05870,30,Female,Delhi,49,Two Year,Fiber Optic,749.51,34810.96,73.43,181,61,2,1,Debit Card,Smartphone,Prepaid,Yes,No
CUST05871,49,Male,Mumbai,17,Month-to-Month,No Internet,358.36,6099.49,0.5,461,29,1,0,Net Banking,Smartphone,Postpaid,Yes,No
CUST05872,67,Male,Kolkata,34,Two Year,No Internet,340.73,12154.0,0.5,363,18,1,1,Net Banking,Smartphone,Postpaid,No,No
CUST05873,46,Female,Delhi,16,One Year,Fiber Optic,873.75,14062.96,39.89,260,29,4,2,UPI,Smartphone,Prepaid,Yes,No
CUST05874,63,Female,Mumbai,44,Two Year,Fiber Optic,768.47,35294.87,31.52,329,39,1,1,Net Banking,Feature Phone,Prepaid,No,No
CUST05875,47,Female,Bangalore,18,Two Year,No Internet,254.17,4624.21,13.74,369,16,1,0,Debit Card,Smartphone,Prepaid,No,No
CUST05876,35,Male,Delhi,26,Two Year,DSL,583.1,14978.61,30.24,306,44,0,0,UPI,Smartphone,Postpaid,Yes,No
CUST05877,30,Male,Kolkata,51,Two Year,DSL,707.82,36309.97,21.95,419,51,0,0,UPI,Tablet,Postpaid,No,No
CUST05878,60,Female,Chennai,0,Month-to-Month,No Internet,406.76,406.76,2.74,355,39,1,0,UPI,Smartphone,Postpaid,No,Yes
CUST05879,38,Female,Jaipur,4,Month-to-Month,Fiber Optic,875.01,3587.71,69.39,165,42,1,0,Cash,Feature Phone,Prepaid,Yes,Yes
CUST05880,47,Female,Delhi,3,Month-to-Month,Fiber Optic,902.65,2489.24,44.78,514,64,3,1,Net Banking,Smartphone,Postpaid,No,Yes
CUST05881,38,Female,Mumbai,72,Month-to-Month,No Internet,248.71,17796.52,16.79,396,17,2,1,Credit Card,Smartphone,Prepaid,No,No
CUST05882,65,Female,Pune,59,Month-to-Month,Fiber Optic,1011.99,55169.27,40.2,611,0,1,0,Credit Card,Router Only,Postpaid,No,Yes
CUST05883,34,Female,Pune,25,One Year,Fiber Optic,765.96,19330.99,62.17,78,91,2,1,UPI,Tablet,Prepaid,Yes,No
CUST05884,57,Male,Mumbai,1,Month-to-Month,Fiber Optic,844.99,844.99,27.43,294,29,2,1,Debit Card,Smartphone,Prepaid,No,Yes
CUST05885,36,Male,Chennai,40,One Year,Fiber Optic,955.4,38070.45,62.97,257,49,4,2,Credit Card,Feature Phone,Postpaid,No,Yes
CUST05886,69,Male,Kolkata,47,Two Year,Fiber Optic,749.19,31949.27,28.27,463,34,0,0,UPI,Tablet,Prepaid,No,No
CUST05887,32,Male,Delhi,9,One Year,DSL,650.52,6060.55,39.78,405,35,5,2,UPI,Router Only,Postpaid,Yes,No
CUST05888,26,Female,Pune,3,Month-to-Month,No Internet,249.05,755.83,3.65,239,105,4,1,Net Banking,Feature Phone,Prepaid,Yes,Yes
CUST05889,69,Female,Mumbai,0,Month-to-Month,Fiber Optic,931.2,931.2,21.19,463,0,3,1,Debit Card,Feature Phone,Postpaid,Yes,Yes
CUST05890,27,Female,Lucknow,14,Month-to-Month,DSL,567.33,7726.25,30.09,250,77,2,1,Debit Card,Smartphone,Prepaid,Yes,No
CUST05891,61,Male,Hyderabad,3,Month-to-Month,Fiber Optic,1023.07,2763.58,47.06,387,0,4,1,Credit Card,Smartphone,Postpaid,Yes,Yes
CUST05892,48,Male,Delhi,30,One Year,Fiber Optic,979.72,30571.88,38.38,419,26,2,1,UPI,Smartphone,Postpaid,No,No
CUST05893,40,Male,Bangalore,1,Month-to-Month,DSL,531.61,531.61,40.12,314,30,1,0,UPI,Tablet,Prepaid,No,Yes
CUST05894,69,Female,Lucknow,12,One Year,No Internet,214.42,2444.85,3.95,232,30,3,2,Credit Card,Smartphone,Prepaid,Yes,No
CUST05895,47,Male,Pune,9,Month-to-Month,No Internet,269.14,2381.1,22.38,189,61,0,0,Debit Card,Smartphone,Prepaid,Yes,No
CUST05896,50,Female,Mumbai,2,Month-to-Month,Fiber Optic,1095.14,2042.56,38.38,380,44,3,2,Credit Card,Router Only,Postpaid,Yes,Yes
CUST05897,69,Male,Chennai,18,One Year,Fiber Optic,935.01,17570.33,38.05,460,0,2,1,Net Banking,Smartphone,Postpaid,Yes,No
CUST05898,26,Male,Chennai,62,Month-to-Month,No Internet,300.5,17130.25,4.19,114,46,0,0,Credit Card,Smartphone,Prepaid,Yes,No
CUST05899,64,Female,Delhi,18,One Year,Fiber Optic,783.59,13400.87,37.93,264,15,0,0,Credit Card,Smartphone,Prepaid,Yes,No
CUST05900,18,Female,Delhi,8,Two Year,DSL,645.86,5395.67,31.11,396,74,0,0,Credit Card,Smartphone,Postpaid,Yes,No
CUST05901,61,Male,Hyderabad,12,Month-to-Month,Fiber Optic,842.39,10601.03,32.47,214,34,1,0,Net Banking,Tablet,Prepaid,No,No
CUST05902,52,Female,Bangalore,11,One Year,DSL,413.79,4534.55,18.66,424,32,0,0,Credit Card,Smartphone,Prepaid,No,No
CUST05903,28,Other,Mumbai,3,One Year,DSL,622.61,1900.88,28.0,400,56,1,0,Credit Card,Smartphone,Postpaid,No,No
CUST05904,51,Other,Kolkata,18,One Year,DSL,644.53,11445.32,13.94,306,44,1,0,Credit Card,Smartphone,Prepaid,Yes,No
CUST05905,33,Female,Hyderabad,17,Month-to-Month,No Internet,256.61,4229.92,3.89,185,40,2,1,Debit Card,Router Only,Prepaid,No,No
CUST05906,26,Female,Mumbai,32,Two Year,Fiber Optic,1010.16,30768.15,71.13,376,34,0,0,UPI,Smartphone,Postpaid,No,No
CUST05907,49,Male,Delhi,7,Month-to-Month,Fiber Optic,859.85,5629.49,42.72,442,44,2,1,Debit Card,Router Only,Prepaid,Yes,Yes
CUST05908,32,Female,Chennai,25,Month-to-Month,Fiber Optic,892.97,20982.73,62.54,318,0,1,0,UPI,Tablet,Postpaid,No,No
CUST05909,29,Male,Pune,10,Month-to-Month,Fiber Optic,772.94,7521.3,57.66,110,50,0,0,Cash,Smartphone,Prepaid,Yes,Yes
CUST05910,50,Female,Pune,4,Month-to-Month,Fiber Optic,706.18,2941.92,51.29,250,13,1,1,Net Banking,Smartphone,Prepaid,Yes,No
CUST05911,62,Male,Mumbai,15,Month-to-Month,Fiber Optic,902.79,,34.75,374,26,2,1,Debit Card,Feature Phone,Postpaid,No,No
CUST05912,31,Male,Chennai,8,Month-to-Month,Fiber Optic,867.27,6585.03,55.74,220,64,0,0,Credit Card,Feature Phone,Prepaid,No,Yes
CUST05913,25,Female,Jaipur,30,Month-to-Month,No Internet,330.96,10353.89,6.6,129,63,1,0,Net Banking,Smartphone,Prepaid,No,No
CUST05914,25,Male,Bangalore,6,Month-to-Month,DSL,589.13,3264.85,27.91,372,79,3,1,UPI,Smartphone,Postpaid,Yes,No
CUST05915,44,Male,Mumbai,32,Two Year,DSL,486.16,15268.88,31.65,126,65,1,0,Cash,Feature Phone,Prepaid,Yes,No
CUST05916,29,Female,Kolkata,26,Month-to-Month,DSL,521.15,13596.27,22.19,167,20,1,0,Cash,Tablet,Prepaid,No,Yes
CUST05917,18,Female,Delhi,15,Two Year,DSL,543.32,8486.16,43.11,64,64,0,0,UPI,Smartphone,Prepaid,Yes,No
CUST05918,60,Female,Mumbai,31,Two Year,DSL,583.34,16913.59,15.34,199,36,1,0,Credit Card,Smartphone,Prepaid,No,No
CUST05919,57,Male,Delhi,12,Month-to-Month,Fiber Optic,775.65,8807.03,38.4,240,64,3,2,Credit Card,Tablet,Prepaid,No,No
CUST05920,59,Female,Mumbai,22,Month-to-Month,Fiber Optic,950.03,19177.32,20.17,467,22,1,0,Net Banking,Feature Phone,Postpaid,Yes,No
CUST05921,68,Male,Bangalore,25,Month-to-Month,Fiber Optic,874.13,20770.06,32.34,395,12,2,1,UPI,Smartphone,Postpaid,Yes,Yes
CUST05922,28,Male,Delhi,50,Two Year,No Internet,218.69,11214.96,12.17,184,76,0,0,UPI,Smartphone,Prepaid,Yes,No
CUST05923,56,Female,Ahmedabad,25,One Year,DSL,573.23,13791.82,28.52,385,0,1,0,UPI,Router Only,Prepaid,Yes,No
CUST05924,60,Female,Hyderabad,2,Two Year,DSL,607.69,1274.1,28.14,406,0,2,1,UPI,Feature Phone,Postpaid,Yes,No
CUST05925,48,Male,Chennai,4,Month-to-Month,Fiber Optic,830.4,3187.07,52.55,91,73,2,1,UPI,Smartphone,Prepaid,Yes,Yes
CUST05926,34,Female,Bangalore,52,Two Year,DSL,773.98,40555.21,20.61,372,27,2,1,Debit Card,Smartphone,Postpaid,No,No
CUST05927,50,Male,Pune,12,Month-to-Month,DSL,431.42,4969.74,39.33,365,24,1,0,UPI,Smartphone,Prepaid,No,No
CUST05928,49,Female,Bangalore,54,Two Year,Fiber Optic,786.99,39767.11,47.33,56,46,2,1,Credit Card,Tablet,Prepaid,Yes,No
CUST05929,46,Male,Kolkata,13,Month-to-Month,Fiber Optic,942.79,11358.28,37.84,278,57,0,0,UPI,Smartphone,Postpaid,Yes,No
CUST05930,38,Female,Ahmedabad,25,One Year,No Internet,590.47,13670.26,1.75,377,25,1,0,Debit Card,Router Only,Postpaid,No,Yes
CUST05931,38,Female,Pune,13,One Year,DSL,479.3,6211.56,16.88,233,74,0,0,UPI,Smartphone,Prepaid,Yes,No
CUST05932,57,Female,Hyderabad,19,One Year,Fiber Optic,805.18,13937.38,46.36,279,14,0,0,Cash,Smartphone,Prepaid,Yes,Yes
CUST05933,40,Female,Kolkata,8,Month-to-Month,Fiber Optic,801.7,6386.41,55.87,372,70,3,2,UPI,Feature Phone,Prepaid,Yes,Yes
CUST05934,23,Female,Hyderabad,19,One Year,Fiber Optic,1007.91,18428.65,66.49,377,11,2,1,Debit Card,Smartphone,Postpaid,Yes,No
CUST05935,39,Female,Delhi,9,Month-to-Month,DSL,561.49,5050.66,27.95,265,0,4,2,Credit Card,Feature Phone,Prepaid,No,No
CUST05936,67,Male,Delhi,22,One Year,DSL,470.22,9344.77,26.19,255,75,2,1,Debit Card,Feature Phone,Prepaid,Yes,No
CUST05937,55,Male,Lucknow,12,One Year,DSL,465.29,5140.43,18.34,229,35,1,0,Cash,Smartphone,Prepaid,Yes,No
CUST05938,54,Female,Mumbai,2,Month-to-Month,No Internet,386.53,796.93,0.5,333,90,3,1,UPI,Router Only,Prepaid,Yes,No
CUST05939,62,Female,Kolkata,34,One Year,No Internet,478.7,17089.38,12.59,272,18,0,0,UPI,Tablet,Postpaid,No,No
CUST05940,68,Male,Mumbai,1,Month-to-Month,No Internet,301.68,309.62,0.5,489,8,2,1,Debit Card,Smartphone,Postpaid,Yes,Yes
CUST05941,25,Male,Bangalore,7,Month-to-Month,Fiber Optic,925.89,5955.32,70.38,236,0,1,0,Net Banking,Smartphone,Postpaid,Yes,No
CUST05942,58,Male,Pune,3,Month-to-Month,Fiber Optic,948.55,2646.98,43.55,495,20,4,1,Debit Card,Feature Phone,Postpaid,Yes,Yes
CUST05943,66,Female,Delhi,40,Two Year,Fiber Optic,831.66,30819.5,34.74,580,63,1,0,Debit Card,Smartphone,Postpaid,No,No
CUST05944,52,Male,Pune,31,One Year,Fiber Optic,916.94,29282.59,34.31,299,30,2,1,Debit Card,Smartphone,Postpaid,Yes,No
CUST05945,68,Male,Pune,40,Two Year,No Internet,403.82,16541.45,0.5,513,52,1,0,Credit Card,Smartphone,Postpaid,Yes,No
CUST05946,28,Female,Hyderabad,3,Month-to-Month,Fiber Optic,741.57,2139.55,56.9,275,86,6,2,Debit Card,Smartphone,Prepaid,No,Yes
CUST05947,41,Female,Chennai,15,One Year,No Internet,264.87,3649.63,0.5,226,61,2,1,UPI,Router Only,Prepaid,No,No
CUST05948,66,Male,Delhi,11,Month-to-Month,DSL,516.35,5868.91,16.73,317,0,0,0,Debit Card,Smartphone,Prepaid,Yes,No
CUST05949,38,Male,Bangalore,41,Two Year,Fiber Optic,819.53,33174.3,58.46,399,14,1,1,Credit Card,Smartphone,Prepaid,No,No
CUST05950,68,Female,Delhi,15,Month-to-Month,DSL,605.95,9512.49,2.55,560,0,1,0,Debit Card,Smartphone,Postpaid,Yes,No
CUST05951,19,Male,Mumbai,33,One Year,Fiber Optic,978.31,30422.35,64.71,453,71,2,1,UPI,Smartphone,Postpaid,Yes,No
CUST05952,57,Female,Jaipur,7,Month-to-Month,Fiber Optic,804.39,5099.24,45.18,448,12,3,1,Credit Card,Smartphone,Postpaid,No,Yes
CUST05953,36,Female,Chennai,49,Two Year,No Internet,379.15,19457.98,14.95,279,83,1,0,UPI,Router Only,Prepaid,No,No
CUST05954,56,Male,Kolkata,20,One Year,DSL,730.53,13923.22,19.15,427,0,1,0,Credit Card,Smartphone,Postpaid,Yes,No
CUST05955,45,Male,Chennai,60,Two Year,Fiber Optic,973.8,56513.35,29.37,251,69,1,0,Net Banking,Router Only,Prepaid,Yes,No
CUST05956,34,Male,Mumbai,5,Month-to-Month,No Internet,400.7,1829.33,0.5,260,22,3,1,Net Banking,Smartphone,Postpaid,Yes,Yes
CUST05957,23,Male,Chennai,5,Month-to-Month,Fiber Optic,1015.22,5020.03,55.02,196,29,5,2,Cash,Smartphone,Postpaid,No,Yes
CUST05958,36,Female,Kolkata,2,Month-to-Month,Fiber Optic,788.49,1480.81,60.18,212,66,2,1,UPI,Feature Phone,Prepaid,Yes,Yes
CUST05959,55,Female,Delhi,17,Month-to-Month,Fiber Optic,1006.2,17142.96,42.71,425,0,4,1,UPI,Smartphone,Postpaid,No,Yes
CUST05960,45,Male,Kolkata,43,Two Year,Fiber Optic,887.38,38691.84,40.13,390,0,3,1,UPI,Smartphone,Postpaid,No,No
CUST05961,19,Male,Hyderabad,15,Month-to-Month,Fiber Optic,798.96,11303.17,70.8,118,134,1,0,Net Banking,Tablet,Prepaid,Yes,Yes
CUST05962,55,Male,Delhi,4,Month-to-Month,No Internet,342.06,1322.03,0.5,181,40,2,1,Net Banking,Smartphone,Prepaid,No,No
CUST05963,54,Male,Hyderabad,9,Month-to-Month,No Internet,423.22,3625.2,0.5,314,53,1,0,UPI,Smartphone,Postpaid,Yes,Yes
CUST05964,68,Female,Bangalore,11,One Year,No Internet,297.33,3423.89,1.14,187,4,0,0,UPI,Feature Phone,Prepaid,Yes,No
CUST05965,69,Male,Mumbai,15,Month-to-Month,DSL,777.4,11978.49,17.9,514,0,2,1,Credit Card,Router Only,Postpaid,Yes,No
CUST05966,21,Female,Kolkata,46,Two Year,DSL,486.74,21566.14,22.4,405,70,0,0,UPI,Smartphone,Prepaid,Yes,No
CUST05967,39,Male,Jaipur,8,Month-to-Month,DSL,723.86,5658.0,27.98,526,11,1,0,Net Banking,Smartphone,Postpaid,Yes,No
CUST05968,43,Female,Kolkata,20,One Year,Fiber Optic,747.12,15653.71,32.61,0,53,2,1,Net Banking,Tablet,Prepaid,Yes,No
CUST05969,66,Female,Ahmedabad,43,One Year,DSL,453.21,18334.56,7.51,165,51,0,0,Net Banking,Tablet,Prepaid,Yes,No
CUST05970,60,Male,Jaipur,8,Month-to-Month,No Internet,272.97,2255.36,0.5,333,85,2,1,UPI,Smartphone,Prepaid,Yes,No
CUST05971,53,Male,Jaipur,22,One Year,Fiber Optic,907.16,20780.5,45.25,279,37,3,1,Cash,Smartphone,Prepaid,Yes,Yes
CUST05972,30,Male,Delhi,7,Month-to-Month,Fiber Optic,844.16,5725.92,62.16,469,58,1,0,Cash,Smartphone,Postpaid,No,No
CUST05973,69,Male,Bangalore,20,One Year,Fiber Optic,877.91,16454.51,27.75,400,10,2,1,Cash,Smartphone,Postpaid,Yes,No
CUST05974,49,Female,Delhi,40,One Year,Fiber Optic,808.48,29858.62,43.21,199,36,2,1,UPI,Tablet,Prepaid,No,No
CUST05975,34,Female,Hyderabad,5,Month-to-Month,DSL,526.79,2399.31,34.94,216,40,4,2,UPI,Smartphone,Prepaid,No,No
CUST05976,58,Female,Jaipur,20,Two Year,DSL,521.53,9671.77,33.45,416,43,1,0,UPI,Smartphone,Prepaid,Yes,No
CUST05977,53,Female,Mumbai,43,One Year,Fiber Optic,815.64,33336.59,42.38,296,25,4,2,Debit Card,Smartphone,Prepaid,Yes,No
CUST05978,63,Male,Chennai,6,One Year,Fiber Optic,765.72,4667.94,40.65,255,31,1,0,Debit Card,Smartphone,Prepaid,No,No
CUST05979,36,Female,Chennai,21,Month-to-Month,DSL,585.59,11784.03,17.32,114,61,1,0,Credit Card,Router Only,Prepaid,Yes,No
CUST05980,52,Other,Delhi,21,Month-to-Month,DSL,506.18,,,365,0,0,0,,Smartphone,Prepaid,Yes,Yes
CUST05981,63,Male,Mumbai,5,Month-to-Month,No Internet,500.78,2570.68,3.22,367,0,2,1,UPI,Smartphone,Postpaid,No,Yes
CUST05982,57,Male,Hyderabad,35,Two Year,Fiber Optic,1129.52,39105.39,32.3,366,38,1,0,Cash,Router Only,Postpaid,Yes,No
CUST05983,45,Female,Mumbai,23,Two Year,Fiber Optic,1066.72,23774.53,33.23,385,23,1,0,Debit Card,Feature Phone,Postpaid,No,No
CUST05984,18,Male,Chennai,2,Month-to-Month,Fiber Optic,806.44,1603.9,59.06,200,90,5,2,Debit Card,Feature Phone,Prepaid,Yes,Yes
CUST05985,59,Male,Hyderabad,27,Month-to-Month,Fiber Optic,899.4,23896.22,29.98,413,0,0,0,Credit Card,Smartphone,Postpaid,Yes,No
CUST05986,35,Female,Hyderabad,12,One Year,Fiber Optic,746.42,8658.43,62.16,143,54,3,2,Debit Card,Smartphone,Prepaid,No,Yes
CUST05987,65,Female,Delhi,31,One Year,Fiber Optic,812.47,24177.69,32.46,176,0,2,1,Net Banking,Tablet,Prepaid,No,No
CUST05988,57,Male,Hyderabad,23,Two Year,DSL,530.86,12609.62,12.78,202,71,0,0,UPI,Smartphone,Prepaid,Yes,No
CUST05989,50,Male,Delhi,1,Month-to-Month,Fiber Optic,897.44,897.44,27.28,319,77,2,1,UPI,Smartphone,Prepaid,Yes,No
CUST05990,29,Female,Jaipur,18,Month-to-Month,No Internet,189.92,3157.61,5.97,100,51,0,0,UPI,Smartphone,Prepaid,Yes,No
CUST05991,25,Female,Bangalore,2,Month-to-Month,Fiber Optic,848.59,,,263,9,8,3,Net Banking,Router Only,Prepaid,No,Yes
CUST05992,41,Male,Ahmedabad,2,Month-to-Month,Fiber Optic,1112.27,2042.32,33.64,517,91,5,2,Credit Card,Router Only,Postpaid,No,Yes
CUST05993,33,Female,Pune,30,Two Year,Fiber Optic,887.97,27850.4,52.22,229,56,1,0,Cash,Feature Phone,Postpaid,Yes,No
CUST05994,67,Female,Kolkata,2,Month-to-Month,No Internet,402.12,757.47,4.0,590,21,1,0,UPI,Feature Phone,Postpaid,No,Yes
CUST05995,21,Female,Mumbai,49,Two Year,DSL,596.47,30045.13,45.52,76,92,0,0,Net Banking,Smartphone,Prepaid,Yes,No
CUST05996,55,Male,Mumbai,10,Month-to-Month,Fiber Optic,951.49,9487.05,30.65,120,50,0,0,UPI,Router Only,Prepaid,Yes,Yes
CUST05997,61,Male,Bangalore,24,One Year,Fiber Optic,809.02,19831.39,45.21,241,25,0,0,Debit Card,Feature Phone,Prepaid,Yes,No
CUST05998,44,Female,Delhi,17,One Year,DSL,528.82,8629.98,16.28,210,20,1,0,UPI,Smartphone,Prepaid,Yes,No
CUST05999,26,Male,Jaipur,25,Month-to-Month,DSL,381.2,8867.41,40.02,130,92,1,0,Credit Card,Smartphone,Prepaid,No,No
CUST06000,64,Female,Bangalore,3,Month-to-Month,Fiber Optic,995.91,3113.86,30.13,218,19,3,1,Net Banking,Router Only,Prepaid,Yes,Yes
CUST06001,33,Male,Lucknow,19,One Year,DSL,492.14,9519.21,27.32,244,25,3,1,UPI,Router Only,Prepaid,No,No
CUST06002,29,Male,Kolkata,39,Two Year,Fiber Optic,917.84,33021.85,64.27,331,23,0,0,Debit Card,Smartphone,Postpaid,Yes,No
CUST06003,48,Male,Delhi,9,Month-to-Month,Fiber Optic,907.89,7896.45,23.54,409,16,3,1,Debit Card,Smartphone,Postpaid,Yes,No
CUST06004,41,Male,Pune,38,Two Year,DSL,653.1,23566.04,2.93,509,37,0,0,Cash,Smartphone,Postpaid,Yes,No
CUST06005,31,Female,Mumbai,46,Two Year,No Internet,363.67,15444.01,10.78,262,42,0,0,Net Banking,Tablet,Postpaid,Yes,No
CUST06006,62,Male,Mumbai,17,One Year,DSL,449.7,7559.77,26.39,330,51,1,0,Net Banking,Smartphone,Prepaid,Yes,No
CUST06007,42,Female,Mumbai,6,One Year,Fiber Optic,750.7,4553.64,58.57,351,17,2,1,Debit Card,Tablet,Prepaid,Yes,No
CUST06008,51,Female,Jaipur,6,Month-to-Month,Fiber Optic,983.51,5517.71,45.61,270,69,2,1,Net Banking,Smartphone,Prepaid,Yes,Yes
CUST06009,20,Male,Hyderabad,8,Month-to-Month,No Internet,236.0,1854.92,8.43,200,74,1,1,Debit Card,Smartphone,Prepaid,No,No
CUST06010,41,Female,Pune,22,One Year,Fiber Optic,809.98,16574.42,46.91,174,60,0,0,Credit Card,Smartphone,Prepaid,Yes,No
CUST06011,59,Male,Mumbai,17,One Year,DSL,546.81,9287.86,16.27,152,68,0,0,UPI,Feature Phone,Prepaid,No,No
CUST06012,26,Female,Hyderabad,4,Month-to-Month,DSL,505.02,2029.86,32.37,156,53,0,0,Cash,Smartphone,Prepaid,No,Yes
CUST06013,43,Female,Bangalore,50,Two Year,DSL,576.13,28097.04,7.06,430,37,2,1,UPI,Smartphone,Postpaid,Yes,No
CUST06014,37,Male,Mumbai,24,Month-to-Month,Fiber Optic,851.67,20433.83,53.42,168,72,0,0,Debit Card,Smartphone,Prepaid,Yes,No
CUST06015,57,Male,Mumbai,34,Two Year,Fiber Optic,941.53,32166.4,37.33,505,0,0,0,UPI,Tablet,Postpaid,Yes,No
CUST06016,27,Female,Bangalore,16,One Year,DSL,458.64,7608.62,30.89,188,40,1,0,Net Banking,Tablet,Prepaid,Yes,No
CUST06017,36,Female,Pune,20,One Year,No Internet,182.96,3751.56,0.5,159,73,0,0,UPI,Smartphone,Prepaid,No,No
CUST06018,20,Male,Mumbai,19,One Year,Fiber Optic,793.06,15419.49,69.67,222,65,1,0,Net Banking,Smartphone,Prepaid,Yes,No
CUST06019,41,Female,Lucknow,31,One Year,DSL,620.25,17367.65,16.22,320,8,0,0,UPI,Feature Phone,Prepaid,Yes,No
CUST06020,22,Male,Delhi,9,Month-to-Month,DSL,635.42,5372.35,35.19,250,30,1,0,Credit Card,Smartphone,Postpaid,Yes,Yes
CUST06021,20,Female,Hyderabad,1,Month-to-Month,DSL,506.43,506.43,45.54,191,90,2,1,Net Banking,Router Only,Prepaid,Yes,Yes
CUST06022,44,Male,Delhi,33,One Year,DSL,490.71,16988.14,22.88,125,54,0,0,Credit Card,Smartphone,Prepaid,No,No
CUST06023,33,Female,Delhi,52,Two Year,DSL,738.39,37804.52,21.93,202,10,2,1,Net Banking,Tablet,Postpaid,No,No
CUST06024,66,Male,Jaipur,31,One Year,No Internet,291.26,8361.95,0.5,220,22,3,1,UPI,Smartphone,Prepaid,Yes,No
CUST06025,32,Female,Kolkata,0,Month-to-Month,Fiber Optic,903.96,903.96,59.36,370,0,0,0,Net Banking,Tablet,Postpaid,No,Yes
CUST06026,52,Female,Pune,5,Month-to-Month,No Internet,162.96,818.17,3.47,307,20,3,1,Cash,Feature Phone,Prepaid,No,Yes
CUST06027,29,Female,Ahmedabad,19,One Year,DSL,616.46,11987.94,26.46,181,42,2,1,UPI,Smartphone,Prepaid,No,Yes
CUST06028,58,Female,Kolkata,28,One Year,DSL,698.07,18409.17,14.17,326,53,2,1,UPI,Router Only,Postpaid,No,No
CUST06029,61,Female,Chennai,24,Two Year,Fiber Optic,965.82,22801.06,34.63,516,46,1,0,Net Banking,Router Only,Postpaid,Yes,No
CUST06030,43,Female,Ahmedabad,3,Month-to-Month,DSL,602.32,1708.07,18.5,285,70,3,1,Credit Card,Router Only,Prepaid,No,Yes
CUST06031,64,Female,Bangalore,16,Month-to-Month,Fiber Optic,932.12,14429.57,29.0,387,22,4,2,Credit Card,Smartphone,Postpaid,Yes,Yes
CUST06032,51,Female,Hyderabad,22,Month-to-Month,Fiber Optic,997.87,21098.3,34.51,457,0,2,1,UPI,Smartphone,Postpaid,No,No
CUST06033,40,Female,Kolkata,23,One Year,Fiber Optic,1023.12,21933.85,55.67,379,0,1,1,Credit Card,Smartphone,Postpaid,No,No
CUST06034,48,Female,Delhi,23,Month-to-Month,No Internet,369.98,8032.93,0.5,476,44,0,0,Debit Card,Smartphone,Postpaid,Yes,No
CUST06035,67,Male,Ahmedabad,14,Month-to-Month,DSL,555.88,,21.35,363,0,1,0,Cash,Smartphone,Postpaid,No,Yes
CUST06036,37,Female,Delhi,10,Month-to-Month,DSL,661.29,6756.54,27.17,459,32,0,0,UPI,Smartphone,Postpaid,Yes,No
CUST06037,29,Male,Ahmedabad,25,One Year,DSL,667.25,15377.16,27.51,387,4,2,1,Net Banking,Smartphone,Postpaid,Yes,No
CUST06038,40,Female,Mumbai,14,Month-to-Month,No Internet,549.82,8050.05,2.19,580,35,0,0,Net Banking,Smartphone,Postpaid,Yes,No
CUST06039,21,Female,Mumbai,6,Month-to-Month,No Internet,182.14,1049.42,4.35,168,68,1,0,Credit Card,Smartphone,Prepaid,No,Yes
CUST06040,40,Other,Delhi,8,Month-to-Month,Fiber Optic,883.27,6598.74,43.85,216,65,4,1,Cash,Smartphone,Prepaid,Yes,Yes
CUST06041,65,Male,Jaipur,51,Two Year,Fiber Optic,1047.95,54215.3,25.97,328,0,1,0,Net Banking,Feature Phone,Postpaid,No,No
CUST06042,65,Male,Delhi,12,Month-to-Month,DSL,414.55,4545.83,23.22,400,25,0,0,Credit Card,Feature Phone,Prepaid,Yes,No
CUST06043,18,Female,Chennai,34,One Year,Fiber Optic,909.77,31621.76,58.29,403,18,2,1,Cash,Smartphone,Postpaid,Yes,Yes
CUST06044,42,Male,Chennai,21,One Year,No Internet,260.11,5170.73,7.59,252,55,0,0,UPI,Smartphone,Prepaid,Yes,No
CUST06045,19,Male,Mumbai,20,One Year,Fiber Optic,922.5,17080.42,71.99,126,67,0,0,Cash,Smartphone,Postpaid,No,No
CUST06046,47,Female,Lucknow,13,One Year,DSL,663.02,8849.56,12.0,529,57,0,0,Net Banking,Smartphone,Postpaid,Yes,No
CUST06047,20,Female,Delhi,5,Month-to-Month,DSL,671.37,3320.92,39.16,199,0,0,0,UPI,Feature Phone,Postpaid,Yes,Yes
CUST06048,38,Male,Chennai,17,Month-to-Month,Fiber Optic,812.08,13539.93,34.82,325,80,2,1,UPI,Feature Phone,Prepaid,No,No
CUST06049,42,Female,Hyderabad,6,Month-to-Month,Fiber Optic,953.23,5403.78,56.0,193,68,1,0,Debit Card,Smartphone,Postpaid,Yes,No
CUST06050,37,Male,Mumbai,45,One Year,Fiber Optic,968.42,42493.39,48.24,508,0,4,1,UPI,Feature Phone,Postpaid,Yes,No
CUST06051,66,Female,Delhi,38,Two Year,DSL,541.28,20921.56,23.89,243,13,1,0,Credit Card,Router Only,Prepaid,No,No
CUST06052,69,Male,Pune,50,Two Year,Fiber Optic,995.42,48355.51,38.88,421,0,0,0,Cash,Smartphone,Postpaid,Yes,No
CUST06053,39,Female,Jaipur,0,One Year,DSL,536.98,536.98,29.32,79,40,0,0,UPI,Smartphone,Prepaid,Yes,No
CUST06054,38,Male,Delhi,35,Two Year,DSL,558.7,17712.98,15.48,207,84,2,1,Net Banking,Smartphone,Prepaid,Yes,No
CUST06055,50,Female,Mumbai,31,Two Year,DSL,644.83,19768.66,39.27,480,0,1,1,UPI,Smartphone,Postpaid,No,No
CUST06056,69,Male,Lucknow,23,One Year,Fiber Optic,846.93,18206.04,42.93,484,0,3,1,Credit Card,Smartphone,Postpaid,No,No
CUST06057,55,Female,Delhi,5,Month-to-Month,Fiber Optic,1002.39,5063.52,44.37,520,0,2,1,UPI,Smartphone,Postpaid,No,Yes
CUST06058,32,Male,Hyderabad,29,Month-to-Month,DSL,572.23,15715.74,35.71,185,115,0,0,Debit Card,Smartphone,Prepaid,Yes,Yes
CUST06059,63,Male,Hyderabad,52,Two Year,Fiber Optic,735.41,36105.07,38.96,303,8,2,1,Credit Card,Smartphone,Prepaid,Yes,No
CUST06060,69,Female,Mumbai,21,One Year,DSL,561.43,11344.2,19.83,526,0,4,2,UPI,Feature Phone,Postpaid,Yes,No
CUST06061,32,Male,Pune,28,Two Year,Fiber Optic,766.9,19704.96,63.42,347,28,4,1,Net Banking,Smartphone,Prepaid,No,Yes
CUST06062,63,Male,Lucknow,34,Month-to-Month,DSL,348.86,12015.85,16.07,352,32,2,1,UPI,Smartphone,Prepaid,Yes,No
CUST06063,42,Male,Bangalore,2,Month-to-Month,DSL,649.47,1291.42,17.31,414,17,1,0,Debit Card,Smartphone,Postpaid,Yes,Yes
CUST06064,38,Male,Kolkata,11,Month-to-Month,DSL,687.65,7126.15,32.83,282,19,1,0,Net Banking,Smartphone,Postpaid,Yes,No
CUST06065,41,Male,Chennai,7,Month-to-Month,No Internet,221.65,1576.17,0.5,89,22,0,0,Debit Card,Smartphone,Prepaid,Yes,No
CUST06066,22,Male,Hyderabad,34,Two Year,Fiber Optic,923.35,32782.37,62.2,355,56,4,2,Credit Card,Smartphone,Postpaid,Yes,No
CUST06067,23,Male,Delhi,44,Month-to-Month,No Internet,436.87,19771.27,0.5,413,86,1,0,Cash,Smartphone,Postpaid,Yes,No
CUST06068,66,Female,Kolkata,3,One Year,Fiber Optic,935.01,2698.82,40.91,515,0,2,1,Credit Card,Smartphone,Postpaid,No,Yes
CUST06069,60,Female,Bangalore,12,Month-to-Month,Fiber Optic,797.16,9031.81,35.23,163,13,1,0,Credit Card,Feature Phone,Prepaid,No,No
CUST06070,65,Male,Mumbai,10,Month-to-Month,Fiber Optic,886.45,7988.84,40.15,303,45,1,0,UPI,Feature Phone,Prepaid,No,No
CUST06071,61,Female,Lucknow,8,Month-to-Month,DSL,499.56,3751.97,17.92,276,49,1,0,Credit Card,Feature Phone,Prepaid,No,Yes
CUST06072,64,Female,Kolkata,21,Two Year,DSL,534.65,10299.97,24.89,253,33,0,0,Credit Card,Tablet,Prepaid,No,No
CUST06073,40,Male,Lucknow,12,One Year,DSL,599.93,7373.51,26.37,362,105,0,0,UPI,Router Only,Prepaid,Yes,No
CUST06074,21,Male,Mumbai,22,One Year,DSL,660.14,14764.35,39.52,357,19,0,0,Net Banking,Smartphone,Postpaid,Yes,No
CUST06075,44,Female,Ahmedabad,31,Two Year,No Internet,153.54,4619.85,8.53,122,48,1,0,UPI,Smartphone,Prepaid,No,No
CUST06076,35,Male,Chennai,39,Two Year,DSL,496.26,,,313,39,1,0,Credit Card,Smartphone,Postpaid,No,No
CUST06077,38,Male,Lucknow,4,Month-to-Month,Fiber Optic,923.23,3611.43,47.61,375,71,5,2,Net Banking,Smartphone,Postpaid,Yes,Yes
CUST06078,45,Female,Lucknow,16,Month-to-Month,Fiber Optic,861.86,13508.16,54.6,49,43,3,1,Cash,Feature Phone,Prepaid,Yes,Yes
CUST06079,52,Female,Lucknow,8,Month-to-Month,Fiber Optic,822.75,6546.95,32.78,358,15,1,0,Debit Card,Smartphone,Prepaid,Yes,No
CUST06080,39,Male,Lucknow,18,Month-to-Month,Fiber Optic,937.25,16513.82,46.67,505,16,1,0,UPI,Smartphone,Postpaid,Yes,Yes
CUST06081,57,Female,Delhi,2,Month-to-Month,Fiber Optic,827.33,1513.9,31.47,121,46,2,1,UPI,Tablet,Prepaid,No,Yes
CUST06082,40,Female,Kolkata,62,Month-to-Month,Fiber Optic,922.16,56936.81,60.27,398,15,1,0,UPI,Tablet,Postpaid,Yes,Yes
CUST06083,20,Female,Mumbai,8,Month-to-Month,No Internet,280.75,2355.12,0.5,324,17,0,0,Cash,Smartphone,Prepaid,No,No
CUST06084,57,Female,Pune,14,Two Year,DSL,450.68,6278.1,16.86,325,36,1,0,Cash,Smartphone,Prepaid,No,No
CUST06085,67,Male,Lucknow,41,Two Year,No Internet,466.21,18243.69,0.5,625,34,5,2,UPI,Router Only,Postpaid,Yes,No
CUST06086,27,Female,Delhi,5,Month-to-Month,No Internet,181.24,900.11,0.5,293,72,1,1,Credit Card,Smartphone,Prepaid,Yes,Yes
CUST06087,42,Male,Chennai,19,Two Year,DSL,582.69,10891.97,15.31,413,0,1,0,Debit Card,Smartphone,Postpaid,No,No
CUST06088,69,Male,Pune,34,One Year,Fiber Optic,919.82,28592.18,43.36,338,0,1,0,Debit Card,Tablet,Postpaid,Yes,Yes
CUST06089,66,Male,Mumbai,17,Month-to-Month,DSL,587.35,9936.22,23.14,362,43,1,0,UPI,Smartphone,Prepaid,Yes,No
CUST06090,25,Male,Mumbai,31,One Year,Fiber Optic,1048.05,32422.56,62.04,382,26,0,0,Cash,Router Only,Postpaid,Yes,No
CUST06091,28,Male,Delhi,15,Month-to-Month,Fiber Optic,939.62,13424.64,58.43,311,4,1,0,Debit Card,Smartphone,Postpaid,Yes,No
CUST06092,22,Male,Delhi,3,Month-to-Month,Fiber Optic,1032.98,2928.89,61.48,429,15,3,1,UPI,Smartphone,Postpaid,No,Yes
CUST06093,62,Male,Pune,0,Month-to-Month,Fiber Optic,733.68,,,258,91,2,1,,Smartphone,Prepaid,No,Yes
CUST06094,54,Female,Hyderabad,37,Month-to-Month,DSL,451.85,15409.92,21.77,298,75,2,1,Cash,Smartphone,Prepaid,Yes,Yes
CUST06095,62,Male,Delhi,3,Month-to-Month,No Internet,221.35,606.8,0.5,210,45,1,1,Cash,Feature Phone,Prepaid,No,Yes
CUST06096,55,Female,Lucknow,12,Month-to-Month,Fiber Optic,813.37,9889.47,18.95,312,33,0,0,Net Banking,Smartphone,Prepaid,Yes,No
CUST06097,46,Male,Pune,27,Two Year,Fiber Optic,916.32,22945.35,35.37,244,19,0,0,Debit Card,Smartphone,Prepaid,Yes,No
CUST06098,22,Male,Hyderabad,32,One Year,Fiber Optic,1177.19,35306.83,71.09,347,83,0,0,Debit Card,Router Only,Postpaid,No,No
CUST06099,26,Male,Mumbai,9,One Year,DSL,644.53,5552.34,33.6,399,29,1,0,UPI,Tablet,Postpaid,Yes,No
CUST06100,65,Male,Pune,17,One Year,Fiber Optic,738.83,,,422,0,1,1,,Smartphone,Prepaid,No,Yes
CUST06101,19,Female,Bangalore,24,One Year,No Internet,458.09,10829.0,11.71,141,48,3,1,Credit Card,Router Only,Postpaid,Yes,No
CUST06102,18,Male,Pune,0,Month-to-Month,Fiber Optic,918.3,918.3,59.38,242,89,3,1,Cash,Tablet,Postpaid,Yes,Yes
CUST06103,57,Female,Pune,37,Two Year,No Internet,428.33,16603.06,5.41,352,0,2,1,Net Banking,Router Only,Prepaid,Yes,No
CUST06104,68,Female,Delhi,13,Two Year,Fiber Optic,849.12,10714.45,42.53,243,0,2,1,Credit Card,Smartphone,Prepaid,Yes,No
CUST06105,47,Male,Jaipur,44,Month-to-Month,DSL,672.86,29252.45,11.56,450,0,1,0,Debit Card,Smartphone,Postpaid,Yes,No
CUST06106,28,Female,Hyderabad,0,One Year,Fiber Optic,861.17,861.17,53.66,307,18,1,0,UPI,Smartphone,Postpaid,Yes,No
CUST06107,45,Male,Bangalore,34,One Year,DSL,541.31,17314.47,38.66,187,65,0,0,Debit Card,Smartphone,Prepaid,Yes,Yes
CUST06108,61,Female,Lucknow,0,Month-to-Month,Fiber Optic,918.36,918.36,30.02,575,0,3,1,Credit Card,Router Only,Postpaid,No,Yes
CUST06109,29,Female,Bangalore,12,Month-to-Month,No Internet,343.26,3845.28,2.6,449,46,1,0,UPI,Smartphone,Postpaid,Yes,No
CUST06110,56,Male,Pune,29,Month-to-Month,Fiber Optic,770.56,21104.83,34.52,315,57,2,1,Cash,Smartphone,Prepaid,No,Yes
CUST06111,43,Male,Pune,58,Two Year,DSL,703.52,39683.94,23.66,382,5,1,0,Cash,Smartphone,Postpaid,Yes,No
CUST06112,30,Male,Delhi,30,Month-to-Month,Fiber Optic,854.44,26362.27,54.59,226,87,2,1,Credit Card,Smartphone,Prepaid,No,Yes
CUST06113,25,Male,Lucknow,7,Month-to-Month,Fiber Optic,938.88,6550.58,57.67,252,25,0,0,Net Banking,Smartphone,Postpaid,No,No
CUST06114,45,Female,Hyderabad,7,Month-to-Month,Fiber Optic,757.14,5404.44,65.77,286,61,4,2,UPI,Smartphone,Prepaid,No,Yes
CUST06115,47,Male,Bangalore,24,One Year,No Internet,265.1,6191.73,0.5,348,21,0,0,Debit Card,Smartphone,Prepaid,Yes,No
CUST06116,26,Male,Jaipur,34,Two Year,Fiber Optic,918.49,30766.19,64.52,292,57,0,0,UPI,Smartphone,Postpaid,Yes,No
CUST06117,56,Male,Hyderabad,28,One Year,Fiber Optic,896.38,22849.54,31.85,353,2,2,1,Cash,Router Only,Prepaid,No,No
CUST06118,48,Female,Pune,15,Month-to-Month,Fiber Optic,928.67,12832.56,42.99,397,60,2,1,Debit Card,Tablet,Postpaid,Yes,Yes
CUST06119,38,Male,Ahmedabad,19,One Year,DSL,675.33,13147.88,35.2,377,0,0,0,Debit Card,Smartphone,Postpaid,No,No
CUST06120,64,Female,Mumbai,45,One Year,Fiber Optic,743.49,35093.7,32.87,261,49,2,1,UPI,Smartphone,Prepaid,Yes,No
CUST06121,51,Female,Delhi,35,One Year,No Internet,222.47,7922.15,0.5,217,53,1,0,Credit Card,Smartphone,Prepaid,Yes,No
CUST06122,48,Female,Delhi,31,One Year,DSL,517.7,14917.49,21.25,360,86,2,1,Net Banking,Router Only,Prepaid,Yes,No
CUST06123,69,Female,Jaipur,36,Month-to-Month,DSL,609.31,19822.32,38.84,383,19,1,0,UPI,Feature Phone,Postpaid,No,Yes
CUST06124,42,Male,Mumbai,22,Month-to-Month,Fiber Optic,979.05,19512.79,28.01,310,48,2,1,Net Banking,Smartphone,Postpaid,Yes,Yes
CUST06125,29,Male,Mumbai,6,Month-to-Month,DSL,743.47,4194.3,42.42,469,12,2,1,Debit Card,Router Only,Postpaid,No,Yes
CUST06126,18,Female,Mumbai,50,Two Year,Fiber Optic,621.73,32085.71,56.99,87,58,1,0,Net Banking,Tablet,Prepaid,No,No
CUST06127,39,Female,Mumbai,20,One Year,Fiber Optic,791.69,14756.9,43.76,247,102,1,0,UPI,Smartphone,Prepaid,Yes,No
CUST06128,57,Female,Pune,12,One Year,Fiber Optic,944.17,11289.3,36.32,320,0,0,0,Credit Card,Smartphone,Postpaid,Yes,No
CUST06129,54,Male,Lucknow,21,Two Year,DSL,721.35,13947.81,18.92,439,50,0,0,Cash,Feature Phone,Postpaid,Yes,No
CUST06130,64,Male,Mumbai,28,Two Year,Fiber Optic,964.0,27153.44,47.47,320,0,1,0,UPI,Smartphone,Postpaid,Yes,No
CUST06131,18,Other,Bangalore,21,Month-to-Month,Fiber Optic,1064.67,20615.51,53.59,269,24,1,0,Credit Card,Smartphone,Postpaid,No,Yes
CUST06132,18,Male,Kolkata,41,Month-to-Month,DSL,712.52,27976.66,41.15,347,7,1,0,Debit Card,Smartphone,Postpaid,Yes,Yes
CUST06133,59,Male,Bangalore,42,Two Year,Fiber Optic,733.28,28669.92,38.02,425,35,3,1,Debit Card,Tablet,Prepaid,Yes,No
CUST06134,59,Male,Jaipur,29,Two Year,DSL,735.97,20094.53,22.07,330,39,1,0,Cash,Router Only,Prepaid,No,No
CUST06135,38,Female,Hyderabad,24,One Year,DSL,627.09,15147.73,24.68,333,20,1,0,Net Banking,Smartphone,Postpaid,Yes,No
CUST06136,32,Male,Bangalore,33,Two Year,Fiber Optic,923.04,29980.49,38.81,410,25,2,1,Debit Card,Smartphone,Postpaid,No,No
CUST06137,34,Male,Lucknow,5,Month-to-Month,Fiber Optic,826.41,3781.32,62.89,231,92,4,2,UPI,Router Only,Prepaid,No,Yes
CUST06138,39,Female,Bangalore,39,Month-to-Month,Fiber Optic,888.27,35514.48,39.21,288,0,3,1,Debit Card,Feature Phone,Postpaid,No,No
CUST06139,55,Male,Mumbai,6,Month-to-Month,DSL,493.38,2932.24,13.21,547,6,3,1,Net Banking,Smartphone,Postpaid,Yes,Yes
CUST06140,52,Female,Delhi,34,Two Year,No Internet,441.44,14143.71,11.22,282,21,1,1,Credit Card,Smartphone,Postpaid,Yes,No
CUST06141,62,Female,Lucknow,27,One Year,Fiber Optic,1010.96,26200.15,24.95,374,46,0,0,Debit Card,Tablet,Postpaid,No,No
CUST06142,33,Male,Kolkata,11,One Year,DSL,673.92,7652.58,22.97,290,37,1,0,UPI,Smartphone,Postpaid,Yes,No
CUST06143,25,Female,Bangalore,32,Month-to-Month,DSL,645.85,19609.9,42.97,264,0,1,1,Net Banking,Smartphone,Postpaid,No,No
CUST06144,64,Female,Ahmedabad,0,Month-to-Month,DSL,561.2,561.2,16.87,377,45,3,1,UPI,Router Only,Prepaid,No,No
CUST06145,34,Male,Hyderabad,20,Two Year,DSL,603.09,11236.59,27.9,216,25,0,0,Cash,Router Only,Prepaid,Yes,No
CUST06146,34,Male,Mumbai,6,Month-to-Month,Fiber Optic,796.17,4863.94,51.46,246,91,2,1,Cash,Smartphone,Prepaid,No,Yes
CUST06147,43,Female,Kolkata,31,One Year,Fiber Optic,859.41,24997.73,42.82,182,61,2,1,UPI,Tablet,Prepaid,No,Yes
CUST06148,30,Male,Kolkata,25,One Year,No Internet,255.99,6214.98,10.59,308,63,0,0,Debit Card,Smartphone,Prepaid,Yes,No
CUST06149,34,Female,Hyderabad,20,One Year,DSL,448.37,8084.11,21.23,11,79,2,1,UPI,Smartphone,Prepaid,Yes,No
CUST06150,55,Female,Delhi,41,Two Year,Fiber Optic,822.64,35207.73,36.65,383,13,2,1,Credit Card,Smartphone,Prepaid,No,No
CUST06151,34,Male,Delhi,0,Month-to-Month,Fiber Optic,871.41,871.41,67.58,222,4,5,2,Debit Card,Router Only,Prepaid,No,Yes
CUST06152,65,Female,Kolkata,31,One Year,Fiber Optic,851.41,26338.62,32.64,287,59,4,2,Net Banking,Smartphone,Prepaid,Yes,Yes
CUST06153,31,Male,Ahmedabad,41,Month-to-Month,No Internet,252.53,9795.08,0.5,80,71,1,1,Net Banking,Smartphone,Prepaid,No,No
CUST06154,62,Female,Pune,8,Month-to-Month,DSL,600.67,4460.04,26.51,345,88,0,0,Debit Card,Smartphone,Prepaid,No,Yes
CUST06155,23,Male,Ahmedabad,9,Month-to-Month,DSL,511.51,,40.78,270,62,3,1,UPI,Smartphone,Prepaid,No,Yes
CUST06156,52,Female,Pune,20,Month-to-Month,Fiber Optic,1053.45,19668.91,28.37,287,0,1,0,Debit Card,Smartphone,Postpaid,Yes,No
CUST06157,63,Female,Jaipur,25,Two Year,Fiber Optic,900.12,23415.49,44.25,209,0,2,1,UPI,Router Only,Prepaid,No,No
CUST06158,31,Female,Delhi,24,One Year,Fiber Optic,846.28,20514.42,65.28,251,47,3,2,UPI,Smartphone,Prepaid,Yes,No
CUST06159,64,Female,Bangalore,1,Month-to-Month,Fiber Optic,794.44,797.17,15.81,280,45,1,0,UPI,Smartphone,Prepaid,No,Yes
CUST06160,25,Female,Hyderabad,4,Month-to-Month,Fiber Optic,757.07,3033.76,63.91,28,89,2,1,Net Banking,Smartphone,Prepaid,No,No
CUST06161,32,Male,Mumbai,1,Month-to-Month,Fiber Optic,738.13,749.04,59.31,309,82,3,1,Cash,Smartphone,Prepaid,No,Yes
CUST06162,44,Female,Pune,17,One Year,Fiber Optic,821.96,12667.53,48.81,309,75,1,0,UPI,Tablet,Prepaid,Yes,No
CUST06163,30,Female,Jaipur,45,Two Year,DSL,783.88,33113.92,42.97,224,42,0,0,Credit Card,Router Only,Postpaid,Yes,No
CUST06164,66,Female,Bangalore,15,Month-to-Month,Fiber Optic,749.3,11086.0,43.85,335,21,2,1,UPI,Smartphone,Prepaid,Yes,No
CUST06165,48,Female,Lucknow,5,Month-to-Month,Fiber Optic,1002.73,4676.53,47.04,372,18,5,3,UPI,Router Only,Postpaid,Yes,Yes
CUST06166,52,Male,Hyderabad,0,Month-to-Month,No Internet,483.28,483.28,1.48,412,47,0,0,Net Banking,Smartphone,Postpaid,Yes,No
CUST06167,23,Male,Hyderabad,18,Month-to-Month,Fiber Optic,981.27,18436.27,83.56,142,56,1,0,Credit Card,Router Only,Prepaid,Yes,No
CUST06168,22,Male,Chennai,15,One Year,Fiber Optic,939.74,13388.89,69.38,165,96,3,2,UPI,Router Only,Prepaid,Yes,No
CUST06169,39,Female,Mumbai,21,Month-to-Month,No Internet,285.85,6084.53,5.62,170,74,0,0,UPI,Smartphone,Prepaid,Yes,No
CUST06170,66,Male,Bangalore,8,Month-to-Month,DSL,562.56,4343.07,6.27,401,60,0,0,Debit Card,Feature Phone,Prepaid,Yes,No
CUST06171,40,Female,Hyderabad,18,Month-to-Month,DSL,686.06,12441.92,21.33,167,54,4,1,UPI,Router Only,Prepaid,Yes,No
CUST06172,42,Male,Lucknow,31,One Year,Fiber Optic,836.47,23583.98,45.62,190,75,0,0,UPI,Smartphone,Prepaid,No,No
CUST06173,51,Male,Chennai,14,Month-to-Month,No Internet,468.07,6256.11,12.32,379,4,1,0,Net Banking,Smartphone,Postpaid,No,No
CUST06174,43,Male,Bangalore,35,Two Year,Fiber Optic,903.91,,,461,3,2,1,,Smartphone,Postpaid,Yes,No
CUST06175,64,Male,Delhi,27,One Year,No Internet,355.09,9845.31,0.5,405,0,0,0,Debit Card,Smartphone,Postpaid,No,No
CUST06176,22,Female,Lucknow,24,One Year,No Internet,303.46,7010.01,7.03,195,15,1,0,UPI,Tablet,Prepaid,No,No
CUST06177,43,Male,Hyderabad,23,Month-to-Month,DSL,441.24,9972.68,34.46,234,47,1,0,Debit Card,Smartphone,Prepaid,Yes,No
CUST06178,37,Male,Jaipur,0,Month-to-Month,DSL,821.65,821.65,38.05,399,30,2,1,UPI,Router Only,Postpaid,No,No
CUST06179,23,Male,Hyderabad,1,Month-to-Month,DSL,598.84,598.84,34.26,390,107,1,1,Credit Card,Smartphone,Postpaid,No,Yes
CUST06180,23,Female,Chennai,24,Month-to-Month,Fiber Optic,835.35,18752.59,59.81,195,52,1,1,Debit Card,Smartphone,Prepaid,No,No
CUST06181,67,Female,Pune,12,Month-to-Month,DSL,658.42,7135.41,11.91,572,39,1,0,Debit Card,Tablet,Postpaid,No,No
CUST06182,35,Male,Mumbai,8,Month-to-Month,No Internet,353.89,2939.5,2.46,373,51,2,1,Cash,Smartphone,Postpaid,No,Yes
CUST06183,21,Female,Pune,24,Month-to-Month,Fiber Optic,799.96,17435.65,64.56,205,95,5,3,Net Banking,Smartphone,Prepaid,No,Yes
CUST06184,34,Male,Hyderabad,3,Month-to-Month,No Internet,398.25,1118.04,1.08,364,52,3,1,Net Banking,Smartphone,Postpaid,Yes,Yes
CUST06185,31,Male,Pune,34,Two Year,DSL,669.73,23419.48,34.2,436,1,0,0,UPI,Smartphone,Postpaid,No,No
CUST06186,31,Female,Ahmedabad,5,Month-to-Month,DSL,432.84,2252.71,34.05,211,53,1,1,UPI,Feature Phone,Prepaid,Yes,Yes
CUST06187,30,Male,Mumbai,20,Month-to-Month,Fiber Optic,972.7,19450.68,58.71,73,58,1,0,Credit Card,Smartphone,Postpaid,No,No
CUST06188,24,Female,Chennai,12,Month-to-Month,Fiber Optic,1087.64,12252.98,56.97,282,38,0,0,Credit Card,Router Only,Postpaid,No,Yes
CUST06189,61,Male,Delhi,24,One Year,No Internet,577.51,13031.76,11.27,535,2,0,0,Net Banking,Router Only,Postpaid,No,Yes
CUST06190,32,Female,Delhi,20,One Year,Fiber Optic,717.4,14000.98,65.92,213,51,0,0,UPI,Smartphone,Prepaid,Yes,No
CUST06191,36,Male,Pune,72,Month-to-Month,DSL,535.49,40102.08,19.53,209,85,1,0,Cash,Smartphone,Prepaid,Yes,No
CUST06192,60,Female,Delhi,17,One Year,DSL,619.2,10968.74,32.11,412,0,2,1,UPI,Smartphone,Postpaid,No,No
CUST06193,64,Female,Chennai,19,Month-to-Month,Fiber Optic,1027.1,18823.85,42.11,452,0,0,0,Debit Card,Tablet,Postpaid,No,Yes
CUST06194,61,Male,Mumbai,14,One Year,DSL,475.21,6308.14,16.28,308,54,2,1,Debit Card,Feature Phone,Prepaid,No,Yes
CUST06195,52,Female,Mumbai,21,One Year,Fiber Optic,794.85,15991.72,36.72,237,41,2,1,Cash,Smartphone,Prepaid,No,No
CUST06196,34,Male,Delhi,11,One Year,DSL,712.65,7329.91,28.27,261,33,0,0,Debit Card,Smartphone,Postpaid,Yes,No
CUST06197,52,Female,Mumbai,28,One Year,Fiber Optic,764.47,19817.08,46.01,296,101,2,1,Credit Card,Smartphone,Prepaid,No,No
CUST06198,36,Male,Ahmedabad,6,Month-to-Month,DSL,419.76,2525.07,42.73,196,70,1,0,Debit Card,Smartphone,Prepaid,No,No
CUST06199,37,Male,Chennai,26,Month-to-Month,No Internet,149.0,3637.6,3.51,189,51,0,0,UPI,Smartphone,Prepaid,Yes,Yes
CUST06200,53,Female,Lucknow,8,Month-to-Month,Fiber Optic,946.5,7757.66,38.5,279,25,2,1,Credit Card,Tablet,Postpaid,Yes,No
CUST06201,52,Male,Delhi,22,Two Year,DSL,363.99,7504.05,30.05,138,43,2,1,Credit Card,Smartphone,Prepaid,Yes,No
CUST06202,49,Female,Kolkata,10,Month-to-Month,Fiber Optic,705.46,6931.3,48.15,273,59,0,0,UPI,Smartphone,Prepaid,Yes,No
CUST06203,65,Male,Pune,30,Month-to-Month,Fiber Optic,879.53,26558.11,42.66,175,34,0,0,Credit Card,Router Only,Prepaid,Yes,Yes
CUST06204,61,Male,Mumbai,20,Month-to-Month,DSL,633.0,12633.41,28.51,318,4,1,0,Debit Card,Router Only,Prepaid,Yes,No
CUST06205,57,Female,Pune,23,Month-to-Month,No Internet,227.83,4805.19,8.02,340,26,0,0,Debit Card,Smartphone,Prepaid,No,No
CUST06206,41,Female,Pune,32,One Year,No Internet,319.58,9625.53,10.13,151,54,1,0,Debit Card,Tablet,Postpaid,Yes,No
CUST06207,34,Male,Bangalore,0,Month-to-Month,Fiber Optic,772.19,772.19,47.8,176,68,4,2,UPI,Smartphone,Prepaid,Yes,Yes
CUST06208,24,Male,Pune,26,Month-to-Month,DSL,614.4,15791.47,28.77,281,76,1,1,Credit Card,Router Only,Postpaid,No,No
CUST06209,60,Male,Bangalore,2,Month-to-Month,DSL,609.99,1210.74,19.5,101,0,3,1,UPI,Router Only,Prepaid,Yes,No
CUST06210,67,Male,Bangalore,21,One Year,No Internet,365.66,7458.88,0.5,436,50,0,0,Debit Card,Tablet,Prepaid,Yes,No
CUST06211,18,Male,Hyderabad,12,Month-to-Month,Fiber Optic,1027.27,12266.99,61.44,451,19,2,1,Net Banking,Smartphone,Postpaid,Yes,No
CUST06212,52,Male,Jaipur,18,Month-to-Month,No Internet,179.86,3327.13,7.76,267,79,0,0,UPI,Smartphone,Prepaid,Yes,Yes
CUST06213,49,Female,Bangalore,17,One Year,No Internet,327.14,5217.54,0.5,495,0,0,0,Net Banking,Smartphone,Postpaid,Yes,No
CUST06214,53,Female,Bangalore,16,Month-to-Month,No Internet,168.13,2638.26,14.45,335,38,1,0,UPI,Feature Phone,Prepaid,Yes,No
CUST06215,30,Male,Chennai,2,Month-to-Month,DSL,421.2,775.24,24.25,281,74,0,0,Credit Card,Smartphone,Prepaid,Yes,Yes
CUST06216,23,Male,Kolkata,17,One Year,Fiber Optic,886.77,14098.39,66.02,324,75,1,0,UPI,Smartphone,Postpaid,No,No
CUST06217,31,Male,Pune,10,Month-to-Month,DSL,445.98,4217.76,27.12,144,81,2,1,Net Banking,Smartphone,Prepaid,Yes,No
CUST06218,54,Female,Delhi,4,Month-to-Month,Fiber Optic,981.71,3953.48,38.07,552,0,5,1,Net Banking,Tablet,Postpaid,Yes,Yes
CUST06219,65,Female,Pune,23,One Year,Fiber Optic,856.27,18158.98,32.73,126,5,6,3,Credit Card,Feature Phone,Prepaid,No,Yes
CUST06220,32,Female,Bangalore,3,Month-to-Month,Fiber Optic,736.22,2218.48,66.89,92,43,5,2,Debit Card,Smartphone,Prepaid,No,Yes
CUST06221,64,Female,Hyderabad,26,Month-to-Month,Fiber Optic,704.03,16731.44,39.38,450,46,1,0,Net Banking,Tablet,Prepaid,Yes,Yes
CUST06222,21,Female,Chennai,11,One Year,Fiber Optic,998.26,11002.3,55.46,327,43,8,2,UPI,Smartphone,Postpaid,Yes,Yes
CUST06223,57,Male,Pune,38,Two Year,Fiber Optic,1009.05,39012.76,43.36,334,69,2,1,UPI,Smartphone,Postpaid,Yes,No
CUST06224,33,Male,Ahmedabad,21,One Year,Fiber Optic,1030.83,22411.49,54.9,294,31,1,0,UPI,Smartphone,Postpaid,No,Yes
CUST06225,45,Female,Chennai,1,Month-to-Month,DSL,606.42,621.28,30.67,512,0,2,1,Credit Card,Smartphone,Postpaid,Yes,Yes
CUST06226,33,Male,Chennai,30,Month-to-Month,Fiber Optic,731.15,,59.7,135,37,1,0,UPI,Smartphone,Prepaid,Yes,No
CUST06227,21,Female,Bangalore,16,One Year,No Internet,449.7,7325.77,4.19,330,43,0,0,Net Banking,Smartphone,Postpaid,No,No
CUST06228,62,Female,Delhi,33,Month-to-Month,DSL,594.12,19759.37,12.9,196,59,0,0,Net Banking,Smartphone,Prepaid,No,Yes
CUST06229,43,Female,Lucknow,1,Month-to-Month,DSL,603.33,603.33,15.51,174,29,3,1,Credit Card,Router Only,Prepaid,Yes,Yes
CUST06230,45,Male,Hyderabad,19,One Year,Fiber Optic,882.7,17073.71,41.22,17,44,4,1,UPI,Smartphone,Prepaid,Yes,No
CUST06231,49,Female,Chennai,1,Month-to-Month,No Internet,374.5,374.5,0.5,516,11,0,0,Credit Card,Smartphone,Postpaid,No,Yes
CUST06232,62,Female,Kolkata,0,Month-to-Month,No Internet,227.09,227.09,0.5,259,43,1,0,Cash,Feature Phone,Prepaid,Yes,Yes
CUST06233,19,Female,Delhi,22,Month-to-Month,Fiber Optic,1032.77,23598.27,63.81,330,0,2,1,UPI,Feature Phone,Postpaid,Yes,Yes
CUST06234,48,Female,Ahmedabad,34,One Year,Fiber Optic,805.21,28391.51,42.39,247,45,3,1,Net Banking,Smartphone,Prepaid,Yes,No
CUST06235,20,Other,Kolkata,17,Month-to-Month,DSL,692.23,12353.76,37.81,283,54,1,0,UPI,Smartphone,Postpaid,Yes,No
CUST06236,25,Male,Kolkata,48,Month-to-Month,DSL,590.28,26685.03,35.49,357,69,2,1,Cash,Smartphone,Postpaid,Yes,No
CUST06237,41,Male,Delhi,20,Month-to-Month,Fiber Optic,773.77,14245.43,42.37,87,11,2,1,Cash,Smartphone,Prepaid,No,Yes
CUST06238,32,Male,Hyderabad,48,Two Year,No Internet,155.02,7246.62,15.23,99,60,2,1,Debit Card,Smartphone,Prepaid,Yes,No
CUST06239,60,Male,Delhi,6,Month-to-Month,DSL,499.32,2850.25,22.51,493,79,1,0,UPI,Smartphone,Prepaid,No,No
CUST06240,48,Female,Hyderabad,4,Month-to-Month,DSL,455.66,1765.39,19.99,228,71,3,1,UPI,Smartphone,Prepaid,No,Yes
CUST06241,26,Other,Pune,11,One Year,Fiber Optic,817.61,8583.86,69.65,241,67,1,0,Credit Card,Smartphone,Prepaid,Yes,No
CUST06242,56,Male,Delhi,2,Month-to-Month,Fiber Optic,931.12,1914.86,35.35,306,30,1,0,Cash,Smartphone,Postpaid,Yes,Yes
CUST06243,62,Male,Pune,6,Month-to-Month,Fiber Optic,910.21,5359.68,49.67,233,28,4,2,Debit Card,Tablet,Prepaid,No,Yes
CUST06244,19,Male,Bangalore,10,One Year,Fiber Optic,817.42,8328.98,77.29,124,96,0,0,Credit Card,Smartphone,Prepaid,Yes,No
CUST06245,25,Female,Kolkata,18,One Year,No Internet,254.35,4325.19,0.5,0,85,1,1,Credit Card,Feature Phone,Prepaid,No,Yes
CUST06246,24,Male,Hyderabad,2,Month-to-Month,DSL,455.65,874.12,38.47,412,67,3,2,UPI,Feature Phone,Prepaid,Yes,Yes
CUST06247,61,Male,Bangalore,29,Two Year,No Internet,251.66,6881.83,0.5,357,42,1,1,Net Banking,Smartphone,Prepaid,Yes,No
CUST06248,68,Male,Bangalore,35,Month-to-Month,No Internet,442.77,16205.45,2.92,247,8,2,1,UPI,Smartphone,Postpaid,No,Yes
CUST06249,56,Male,Jaipur,56,Two Year,Fiber Optic,857.67,46435.56,42.25,668,6,3,1,Credit Card,Tablet,Postpaid,Yes,No
CUST06250,59,Female,Bangalore,20,One Year,Fiber Optic,1113.09,21403.84,37.04,437,2,5,3,Debit Card,Router Only,Postpaid,Yes,Yes
CUST06251,33,Male,Bangalore,62,Two Year,No Internet,301.89,19203.41,4.49,198,78,1,0,Cash,Smartphone,Prepaid,Yes,No
CUST06252,52,Male,Delhi,0,Month-to-Month,DSL,664.7,664.7,28.97,517,5,2,1,Credit Card,Smartphone,Postpaid,Yes,No
CUST06253,47,Male,Bangalore,0,Month-to-Month,DSL,716.61,716.61,32.61,364,16,2,1,Cash,Feature Phone,Postpaid,No,Yes
CUST06254,27,Female,Ahmedabad,37,One Year,Fiber Optic,906.61,33985.72,67.24,357,36,1,0,Cash,Smartphone,Postpaid,Yes,No
CUST06255,55,Female,Kolkata,19,One Year,No Internet,303.86,5496.55,0.5,429,0,2,1,UPI,Smartphone,Postpaid,Yes,No
CUST06256,35,Male,Mumbai,36,Two Year,DSL,626.7,21326.47,17.68,252,48,0,0,Cash,Router Only,Prepaid,Yes,No
CUST06257,67,Male,Bangalore,4,Month-to-Month,No Internet,152.34,611.0,0.5,340,11,4,1,Credit Card,Feature Phone,Prepaid,Yes,Yes
CUST06258,22,Female,Mumbai,13,Month-to-Month,No Internet,175.09,2092.82,8.04,222,94,0,0,Cash,Tablet,Prepaid,No,Yes
CUST06259,46,Male,Lucknow,49,Two Year,DSL,438.93,19643.36,25.59,258,19,0,0,Credit Card,Tablet,Prepaid,Yes,No
CUST06260,56,Female,Chennai,59,Two Year,DSL,494.1,29710.67,6.08,339,75,3,1,UPI,Smartphone,Prepaid,Yes,No
CUST06261,51,Male,Kolkata,11,Month-to-Month,Fiber Optic,927.32,10153.45,31.64,516,61,0,0,UPI,Smartphone,Postpaid,No,No
CUST06262,60,Male,Pune,12,One Year,Fiber Optic,886.73,9926.02,33.78,372,57,3,1,UPI,Smartphone,Postpaid,No,No
CUST06263,62,Female,Ahmedabad,5,One Year,DSL,771.18,3857.54,17.44,356,0,5,2,Debit Card,Tablet,Postpaid,Yes,No
CUST06264,40,Female,Lucknow,13,Month-to-Month,Fiber Optic,863.17,10619.99,52.32,138,64,1,1,Net Banking,Smartphone,Prepaid,Yes,No
CUST06265,22,Female,Delhi,39,Two Year,No Internet,407.52,14981.36,9.93,271,15,0,0,Net Banking,Feature Phone,Postpaid,Yes,No
CUST06266,47,Male,Lucknow,1,Month-to-Month,DSL,549.71,549.71,28.88,326,30,1,0,Cash,Smartphone,Prepaid,Yes,No
CUST06267,23,Male,Ahmedabad,25,One Year,No Internet,390.63,9531.52,0.5,452,42,1,1,UPI,Feature Phone,Postpaid,No,No
CUST06268,63,Male,Bangalore,35,Two Year,Fiber Optic,904.26,32953.14,34.03,243,30,0,0,UPI,Feature Phone,Prepaid,No,No
CUST06269,61,Female,Ahmedabad,21,Month-to-Month,No Internet,549.67,12030.93,0.5,436,17,0,0,Cash,Tablet,Postpaid,Yes,No
CUST06270,21,Female,Pune,42,Two Year,DSL,688.15,28380.84,34.09,305,85,0,0,Cash,Smartphone,Postpaid,No,No
CUST06271,46,Male,Kolkata,16,One Year,No Internet,149.0,2456.19,0.5,327,65,0,0,UPI,Smartphone,Prepaid,Yes,No
CUST06272,40,Female,Mumbai,59,Two Year,Fiber Optic,1062.55,61172.34,46.73,429,0,2,1,Net Banking,Router Only,Postpaid,Yes,No
CUST06273,23,Female,Chennai,10,Month-to-Month,DSL,502.71,4895.44,45.14,343,73,1,0,UPI,Smartphone,Prepaid,Yes,No
CUST06274,49,Male,Delhi,3,Month-to-Month,DSL,613.91,1668.1,25.82,313,48,4,1,Debit Card,Router Only,Prepaid,Yes,Yes
CUST06275,59,Female,Ahmedabad,16,One Year,Fiber Optic,1016.27,16451.62,40.52,429,27,4,2,Net Banking,Smartphone,Postpaid,No,Yes
CUST06276,35,Male,Lucknow,72,Month-to-Month,Fiber Optic,1014.34,72710.06,53.46,392,6,1,1,Net Banking,Router Only,Postpaid,No,No
CUST06277,32,Male,Pune,6,Month-to-Month,No Internet,489.64,2805.85,12.31,335,81,2,1,Debit Card,Router Only,Postpaid,Yes,Yes
CUST06278,57,Female,Hyderabad,27,Month-to-Month,Fiber Optic,805.72,20058.6,38.01,433,76,5,2,Credit Card,Tablet,Prepaid,Yes,No
CUST06279,49,Male,Pune,0,Month-to-Month,Fiber Optic,771.19,771.19,45.74,68,41,6,2,UPI,Smartphone,Prepaid,No,Yes
CUST06280,26,Male,Mumbai,18,One Year,Fiber Optic,839.11,15443.94,73.8,235,41,0,0,Net Banking,Smartphone,Prepaid,No,Yes
CUST06281,54,Female,Chennai,39,One Year,No Internet,185.97,7209.96,0.5,327,10,0,0,Debit Card,Smartphone,Prepaid,Yes,No
CUST06282,27,Female,Pune,22,One Year,DSL,674.94,13400.84,20.49,468,51,1,1,Net Banking,Tablet,Postpaid,No,No
CUST06283,37,Other,Delhi,36,One Year,Fiber Optic,858.27,31839.05,58.55,288,68,1,0,Debit Card,Smartphone,Prepaid,Yes,No
CUST06284,23,Female,Delhi,57,Two Year,Fiber Optic,847.53,47897.16,61.1,217,30,0,0,Debit Card,Smartphone,Prepaid,No,No
CUST06285,65,Male,Pune,5,Month-to-Month,No Internet,396.53,1831.38,5.99,418,0,2,1,Credit Card,Tablet,Postpaid,Yes,Yes
CUST06286,20,Female,Bangalore,51,Two Year,Fiber Optic,870.11,45357.1,68.91,157,84,1,0,Cash,Smartphone,Prepaid,No,No
CUST06287,59,Female,Jaipur,9,Month-to-Month,Fiber Optic,711.94,6346.82,46.02,230,0,1,0,Debit Card,Tablet,Prepaid,Yes,No
CUST06288,28,Male,Mumbai,10,Month-to-Month,Fiber Optic,965.33,9456.59,55.9,303,85,2,1,Debit Card,Smartphone,Postpaid,Yes,No
CUST06289,60,Female,Delhi,25,Month-to-Month,DSL,824.05,18973.61,21.57,506,0,2,1,Debit Card,Smartphone,Postpaid,No,No
CUST06290,34,Male,Chennai,1,Month-to-Month,DSL,735.34,735.34,29.91,424,57,3,2,Debit Card,Feature Phone,Postpaid,No,Yes
CUST06291,49,Male,Pune,12,Month-to-Month,DSL,685.39,8254.05,28.72,371,29,2,1,Credit Card,Tablet,Postpaid,No,Yes
CUST06292,21,Female,Hyderabad,9,Month-to-Month,DSL,702.27,6020.34,22.76,253,19,1,0,Debit Card,Smartphone,Postpaid,Yes,No
CUST06293,21,Female,Pune,7,Month-to-Month,Fiber Optic,811.16,5405.47,73.98,80,60,2,1,UPI,Smartphone,Prepaid,No,No
CUST06294,34,Male,Hyderabad,7,Month-to-Month,Fiber Optic,1050.14,6814.65,69.2,421,29,2,1,UPI,Router Only,Postpaid,No,Yes
CUST06295,58,Male,Pune,14,Month-to-Month,Fiber Optic,989.24,,,321,17,3,1,,Smartphone,Postpaid,Yes,No
CUST06296,36,Female,Delhi,31,Month-to-Month,Fiber Optic,829.32,25738.28,56.97,79,65,1,1,Net Banking,Smartphone,Prepaid,Yes,No
CUST06297,22,Male,Bangalore,14,Month-to-Month,Fiber Optic,875.76,12729.93,59.93,229,71,2,1,Debit Card,Smartphone,Prepaid,No,Yes
CUST06298,49,Male,Mumbai,4,Month-to-Month,DSL,597.52,2170.54,19.02,169,45,0,0,Cash,Router Only,Prepaid,No,Yes
CUST06299,39,Female,Delhi,43,Two Year,Fiber Optic,806.6,33777.07,63.34,307,75,0,0,Debit Card,Smartphone,Prepaid,Yes,No
CUST06300,23,Female,Mumbai,18,One Year,DSL,579.26,10879.45,44.86,90,58,2,1,Net Banking,Smartphone,Prepaid,Yes,No
CUST06301,52,Female,Mumbai,11,Two Year,DSL,461.79,4979.56,24.55,181,18,0,0,Debit Card,Feature Phone,Prepaid,Yes,No
CUST06302,39,Female,Lucknow,28,One Year,Fiber Optic,804.68,21708.66,48.28,220,75,3,1,UPI,Smartphone,Prepaid,Yes,No
CUST06303,18,Female,Mumbai,51,Two Year,DSL,712.15,34269.63,31.51,239,60,1,1,Debit Card,Smartphone,Postpaid,No,No
CUST06304,37,Female,Mumbai,9,One Year,DSL,697.54,6360.55,15.62,254,52,2,1,Debit Card,Router Only,Postpaid,Yes,No
CUST06305,39,Male,Ahmedabad,9,Month-to-Month,No Internet,402.2,3743.91,0.5,343,31,0,0,UPI,Smartphone,Postpaid,No,No
CUST06306,65,Female,Bangalore,7,Month-to-Month,No Internet,149.0,1093.56,5.51,457,0,2,1,UPI,Feature Phone,Prepaid,Yes,Yes
CUST06307,28,Male,Bangalore,2,Month-to-Month,Fiber Optic,770.37,1458.04,58.84,152,68,0,0,Net Banking,Smartphone,Prepaid,Yes,Yes
CUST06308,30,Male,Bangalore,7,One Year,DSL,701.5,4513.16,39.1,357,30,1,0,UPI,Router Only,Postpaid,Yes,No
CUST06309,59,Male,Bangalore,27,Two Year,Fiber Optic,765.92,20856.56,16.07,263,10,0,0,Credit Card,Smartphone,Prepaid,Yes,No
CUST06310,20,Female,Mumbai,10,One Year,DSL,593.84,6084.64,37.49,184,85,0,0,Cash,Feature Phone,Prepaid,No,No
CUST06311,26,Male,Mumbai,0,Month-to-Month,No Internet,280.62,280.62,13.86,375,42,2,1,UPI,Smartphone,Postpaid,No,Yes
CUST06312,29,Male,Jaipur,52,Two Year,DSL,551.28,28397.91,32.32,200,79,0,0,Debit Card,Smartphone,Prepaid,Yes,No
CUST06313,40,Female,Delhi,30,Two Year,Fiber Optic,773.62,24230.94,39.48,329,50,3,1,Cash,Smartphone,Prepaid,No,No
CUST06314,31,Female,Mumbai,8,Month-to-Month,DSL,671.99,4928.72,19.72,422,56,1,0,Cash,Smartphone,Postpaid,Yes,No
CUST06315,50,Female,Chennai,46,Two Year,No Internet,350.39,15250.71,0.5,414,32,2,1,Credit Card,Smartphone,Postpaid,Yes,No
CUST06316,35,Male,Bangalore,0,Month-to-Month,Fiber Optic,854.82,854.82,48.55,217,68,2,1,Credit Card,Smartphone,Prepaid,Yes,Yes
CUST06317,66,Male,Bangalore,2,Month-to-Month,DSL,620.92,1191.94,13.95,751,0,0,0,Credit Card,Tablet,Postpaid,No,No
CUST06318,58,Female,Kolkata,12,Month-to-Month,Fiber Optic,719.14,8738.69,29.8,332,84,4,1,UPI,Feature Phone,Prepaid,Yes,No
CUST06319,26,Male,Jaipur,12,One Year,Fiber Optic,942.9,10217.66,60.52,469,29,2,1,UPI,Smartphone,Postpaid,No,No
CUST06320,40,Female,Kolkata,15,Month-to-Month,Fiber Optic,784.61,10622.88,49.49,435,15,1,1,Net Banking,Smartphone,Prepaid,No,No
CUST06321,27,Male,Mumbai,4,Month-to-Month,Fiber Optic,754.81,2779.48,65.74,78,77,3,1,UPI,Smartphone,Prepaid,Yes,Yes
CUST06322,36,Female,Lucknow,4,Month-to-Month,Fiber Optic,798.59,2963.93,49.82,210,50,1,0,Debit Card,Smartphone,Prepaid,No,No
CUST06323,64,Male,Bangalore,0,Month-to-Month,Fiber Optic,743.55,743.55,22.81,221,57,2,1,Credit Card,Smartphone,Prepaid,Yes,Yes
CUST06324,22,Male,Delhi,4,Month-to-Month,DSL,473.08,1776.3,35.49,21,72,1,0,Cash,Smartphone,Prepaid,Yes,Yes
CUST06325,64,Female,Hyderabad,44,Month-to-Month,Fiber Optic,843.58,35952.82,25.85,173,36,1,0,Cash,Smartphone,Prepaid,Yes,Yes
CUST06326,69,Male,Pune,7,Month-to-Month,No Internet,542.25,3432.68,1.04,417,0,0,0,Debit Card,Router Only,Postpaid,Yes,No
CUST06327,40,Male,Delhi,5,Month-to-Month,Fiber Optic,801.13,4164.16,43.4,301,21,1,1,Credit Card,Smartphone,Prepaid,Yes,Yes
CUST06328,47,Female,Chennai,13,Month-to-Month,DSL,638.91,7533.93,22.52,415,23,1,0,Debit Card,Smartphone,Postpaid,Yes,No
CUST06329,42,Male,Ahmedabad,37,Two Year,Fiber Optic,885.08,33905.54,43.43,279,38,5,2,Credit Card,Tablet,Prepaid,No,No
CUST06330,45,Male,Mumbai,41,Two Year,Fiber Optic,874.77,33356.58,63.99,268,38,1,0,Credit Card,Smartphone,Prepaid,Yes,No
CUST06331,51,Male,Pune,1,Month-to-Month,DSL,649.46,673.06,24.53,540,35,4,1,Debit Card,Smartphone,Postpaid,No,Yes
CUST06332,62,Male,Bangalore,17,Month-to-Month,DSL,355.31,5735.84,13.92,166,89,0,0,Debit Card,Smartphone,Prepaid,No,No
CUST06333,65,Male,Bangalore,42,Two Year,DSL,546.03,22280.1,6.44,398,87,1,0,Net Banking,Smartphone,Prepaid,No,No
CUST06334,64,Female,Mumbai,9,Month-to-Month,DSL,637.03,5771.36,23.96,411,35,0,0,Cash,Feature Phone,Postpaid,No,Yes
CUST06335,42,Female,Chennai,28,One Year,DSL,472.19,13373.03,16.64,292,71,1,0,Cash,Smartphone,Prepaid,No,No
CUST06336,27,Male,Bangalore,3,Month-to-Month,Fiber Optic,926.21,2514.95,44.5,404,54,1,0,UPI,Smartphone,Postpaid,Yes,Yes
CUST06337,31,Male,Ahmedabad,8,Month-to-Month,DSL,583.3,4213.38,23.62,227,49,2,1,UPI,Smartphone,Prepaid,Yes,No
CUST06338,59,Female,Lucknow,26,One Year,DSL,677.75,16709.6,14.81,408,0,0,0,UPI,Tablet,Postpaid,No,No
CUST06339,63,Other,Jaipur,21,One Year,Fiber Optic,815.18,16720.56,35.49,115,53,1,0,Credit Card,Smartphone,Prepaid,Yes,Yes
CUST06340,47,Male,Delhi,0,Month-to-Month,Fiber Optic,1025.55,1025.55,58.18,386,7,0,0,UPI,Router Only,Postpaid,Yes,No
CUST06341,58,Female,Delhi,6,Month-to-Month,Fiber Optic,1126.22,6265.0,38.12,412,41,3,1,Debit Card,Router Only,Postpaid,Yes,Yes
CUST06342,42,Female,Bangalore,42,Two Year,Fiber Optic,790.71,31745.31,49.1,135,43,3,1,Credit Card,Smartphone,Prepaid,No,No
CUST06343,31,Male,Pune,33,Month-to-Month,DSL,605.3,19281.96,30.78,149,47,2,1,UPI,Smartphone,Prepaid,Yes,No
CUST06344,52,Male,Lucknow,36,One Year,DSL,656.31,22992.92,17.1,268,61,1,0,Credit Card,Smartphone,Postpaid,No,No
CUST06345,69,Male,Kolkata,28,Month-to-Month,Fiber Optic,1023.65,28826.35,35.78,458,28,2,1,Net Banking,Smartphone,Postpaid,Yes,No
CUST06346,65,Female,Chennai,12,Month-to-Month,No Internet,347.27,4319.28,2.9,435,25,2,1,Cash,Smartphone,Postpaid,No,No
CUST06347,51,Female,Delhi,11,Month-to-Month,Fiber Optic,783.45,7923.02,36.02,272,20,2,1,Credit Card,Smartphone,Prepaid,Yes,Yes
CUST06348,27,Female,Ahmedabad,29,One Year,Fiber Optic,1072.06,30173.54,66.79,298,33,2,1,Credit Card,Smartphone,Postpaid,No,No
CUST06349,52,Male,Delhi,22,Month-to-Month,DSL,744.39,17158.14,19.5,519,29,3,1,Credit Card,Feature Phone,Postpaid,Yes,Yes
CUST06350,28,Female,Delhi,0,Month-to-Month,No Internet,335.83,335.83,7.7,314,0,3,1,Cash,Tablet,Prepaid,Yes,Yes
CUST06351,28,Female,Ahmedabad,37,Month-to-Month,DSL,660.18,25093.24,22.03,275,30,2,1,Credit Card,Smartphone,Postpaid,No,No
CUST06352,38,Female,Chennai,58,Two Year,DSL,567.04,33988.74,25.96,193,33,1,0,UPI,Smartphone,Prepaid,Yes,No
CUST06353,38,Male,Delhi,29,Two Year,No Internet,519.03,13707.07,13.23,401,55,0,0,Credit Card,Smartphone,Postpaid,Yes,No
CUST06354,39,Female,Bangalore,14,One Year,DSL,586.9,7987.68,25.78,189,62,1,1,Debit Card,Smartphone,Prepaid,Yes,No
CUST06355,62,Male,Delhi,36,Two Year,DSL,645.99,24285.39,32.6,362,0,3,1,Net Banking,Feature Phone,Postpaid,Yes,No
CUST06356,24,Female,Chennai,16,Month-to-Month,No Internet,342.23,5050.71,12.28,300,80,0,0,Debit Card,Feature Phone,Prepaid,No,Yes
CUST06357,34,Female,Mumbai,52,Two Year,Fiber Optic,925.32,44665.0,57.26,514,66,2,1,Net Banking,Smartphone,Postpaid,No,No
CUST06358,19,Male,Ahmedabad,32,Month-to-Month,No Internet,166.1,5187.15,5.7,77,18,1,0,UPI,Smartphone,Prepaid,No,Yes
CUST06359,29,Female,Bangalore,4,Month-to-Month,Fiber Optic,915.02,3367.18,54.92,329,26,4,1,UPI,Smartphone,Postpaid,No,No
CUST06360,59,Male,Hyderabad,2,Month-to-Month,No Internet,389.41,801.39,16.9,640,0,3,2,Net Banking,Tablet,Postpaid,No,Yes
CUST06361,35,Female,Delhi,6,Two Year,Fiber Optic,977.91,5952.05,64.69,294,56,0,0,Net Banking,Feature Phone,Postpaid,No,No
CUST06362,28,Male,Mumbai,30,One Year,DSL,774.77,23880.79,34.37,405,48,5,2,Net Banking,Router Only,Postpaid,Yes,No
CUST06363,33,Female,Pune,27,One Year,No Internet,295.89,7675.73,0.5,164,111,0,0,UPI,Router Only,Prepaid,Yes,No
CUST06364,66,Female,Pune,72,Two Year,Fiber Optic,728.76,52315.38,37.05,282,48,1,0,UPI,Smartphone,Prepaid,Yes,No
CUST06365,68,Male,Mumbai,24,One Year,DSL,610.65,13909.04,27.46,440,52,0,0,Credit Card,Router Only,Prepaid,Yes,No
CUST06366,35,Female,Hyderabad,33,One Year,Fiber Optic,678.23,20355.5,69.67,244,88,3,1,Cash,Smartphone,Prepaid,No,No
CUST06367,52,Male,Kolkata,72,Month-to-Month,Fiber Optic,859.23,62868.31,61.6,54,31,2,1,Credit Card,Smartphone,Prepaid,No,Yes
CUST06368,43,Male,Bangalore,38,Two Year,No Internet,244.18,,3.23,268,83,1,0,Debit Card,Smartphone,Prepaid,Yes,No
CUST06369,33,Female,Delhi,31,Two Year,Fiber Optic,719.45,21029.3,64.51,224,26,1,0,UPI,Smartphone,Prepaid,Yes,No
CUST06370,23,Female,Bangalore,46,Two Year,DSL,647.41,28087.67,27.03,205,42,0,0,Credit Card,Tablet,Postpaid,Yes,Yes
CUST06371,61,Female,Chennai,22,Month-to-Month,Fiber Optic,983.43,,,455,0,2,1,,Smartphone,Postpaid,No,Yes
CUST06372,60,Female,Delhi,45,Month-to-Month,No Internet,272.14,11805.29,0.5,180,60,2,1,Credit Card,Tablet,Prepaid,No,Yes
CUST06373,64,Female,Bangalore,9,Month-to-Month,DSL,581.79,5007.59,21.63,230,25,1,0,Cash,Feature Phone,Prepaid,Yes,Yes
CUST06374,64,Female,Chennai,10,Month-to-Month,DSL,533.26,5507.14,31.42,342,29,1,0,Net Banking,Tablet,Prepaid,Yes,No
CUST06375,65,Female,Lucknow,21,Month-to-Month,No Internet,415.93,8896.48,2.29,610,0,1,0,UPI,Smartphone,Postpaid,No,No
CUST06376,59,Female,Bangalore,16,One Year,Fiber Optic,787.33,13001.46,27.2,318,74,3,1,UPI,Smartphone,Prepaid,Yes,No
CUST06377,29,Male,Delhi,53,Two Year,DSL,605.49,33307.91,27.72,209,43,0,0,Credit Card,Feature Phone,Postpaid,No,No
CUST06378,30,Male,Hyderabad,55,Two Year,DSL,484.56,26701.07,29.36,353,28,1,0,Net Banking,Smartphone,Prepaid,Yes,No
CUST06379,21,Female,Mumbai,27,Month-to-Month,Fiber Optic,1026.26,27612.05,66.9,380,81,1,0,Debit Card,Tablet,Postpaid,No,No
CUST06380,56,Female,Mumbai,14,Month-to-Month,DSL,613.17,8326.17,27.08,404,36,2,1,Debit Card,Tablet,Postpaid,No,No
CUST06381,19,Female,Chennai,8,Month-to-Month,DSL,804.68,5873.77,53.08,327,32,0,0,Cash,Smartphone,Postpaid,No,Yes
CUST06382,43,Male,Jaipur,5,Month-to-Month,DSL,602.71,2913.93,31.95,399,48,1,0,UPI,Smartphone,Postpaid,No,No
CUST06383,44,Female,Ahmedabad,48,Month-to-Month,Fiber Optic,1023.77,46899.49,40.81,287,8,2,1,Credit Card,Smartphone,Postpaid,Yes,Yes
CUST06384,44,Male,Mumbai,5,Month-to-Month,Fiber Optic,998.34,4775.88,34.95,55,55,1,0,Net Banking,Router Only,Prepaid,Yes,Yes
CUST06385,32,Female,Kolkata,49,Two Year,Fiber Optic,857.91,40995.67,48.59,244,41,1,0,Net Banking,Smartphone,Postpaid,No,No
CUST06386,25,Male,Mumbai,9,Month-to-Month,Fiber Optic,872.34,7686.93,76.05,273,50,2,1,Debit Card,Smartphone,Prepaid,Yes,No
CUST06387,24,Male,Mumbai,15,One Year,Fiber Optic,780.52,10916.36,60.09,298,72,0,0,Credit Card,Smartphone,Prepaid,Yes,No
CUST06388,64,Female,Jaipur,17,One Year,DSL,405.01,6480.48,13.51,209,0,4,1,UPI,Smartphone,Prepaid,No,No
CUST06389,63,Female,Jaipur,10,One Year,Fiber Optic,705.86,6567.88,48.98,187,23,0,0,Net Banking,Smartphone,Prepaid,Yes,No
CUST06390,57,Male,Delhi,15,One Year,No Internet,456.42,6917.91,0.5,328,0,0,0,Credit Card,Smartphone,Postpaid,No,No
CUST06391,29,Male,Delhi,29,Two Year,DSL,580.6,17589.32,26.5,0,86,1,0,Credit Card,Smartphone,Prepaid,Yes,No
CUST06392,30,Male,Mumbai,24,One Year,Fiber Optic,798.91,17960.35,60.48,421,9,4,2,UPI,Smartphone,Prepaid,No,Yes
CUST06393,60,Male,Chennai,29,Two Year,Fiber Optic,905.08,27022.91,52.82,127,0,2,1,UPI,Smartphone,Prepaid,Yes,No
CUST06394,34,Male,Ahmedabad,6,Month-to-Month,DSL,645.73,3911.33,38.55,304,18,1,1,Cash,Router Only,Postpaid,No,Yes
CUST06395,34,Female,Delhi,0,Month-to-Month,No Internet,260.68,260.68,9.93,242,54,2,1,Net Banking,Tablet,Prepaid,No,Yes
CUST06396,53,Female,Bangalore,19,Two Year,DSL,539.29,10028.65,27.5,240,45,0,0,Cash,Tablet,Prepaid,No,No
CUST06397,38,Male,Mumbai,2,Month-to-Month,DSL,538.56,1067.96,22.38,255,118,0,0,UPI,Smartphone,Prepaid,Yes,No
CUST06398,25,Female,Delhi,31,One Year,Fiber Optic,841.73,26503.69,64.08,435,24,3,1,Net Banking,Smartphone,Postpaid,No,Yes
CUST06399,22,Male,Kolkata,37,One Year,DSL,536.93,19501.93,24.84,181,73,2,1,Credit Card,Smartphone,Prepaid,Yes,No
CUST06400,43,Male,Kolkata,70,Month-to-Month,DSL,596.15,41662.1,20.84,344,21,4,1,Debit Card,Router Only,Prepaid,Yes,No
CUST06401,33,Male,Mumbai,1,Month-to-Month,Fiber Optic,983.61,983.61,53.93,351,35,2,1,UPI,Smartphone,Postpaid,No,Yes
CUST06402,53,Female,Delhi,17,Two Year,DSL,427.93,6681.88,24.25,178,32,1,0,Net Banking,Smartphone,Prepaid,No,No
CUST06403,45,Male,Delhi,34,Two Year,Fiber Optic,1035.83,32013.84,42.05,475,0,1,0,UPI,Feature Phone,Postpaid,Yes,No
CUST06404,46,Male,Hyderabad,23,One Year,DSL,530.45,11514.38,27.65,333,69,1,0,UPI,Smartphone,Prepaid,No,No
CUST06405,64,Male,Mumbai,11,One Year,DSL,669.48,7365.51,26.23,526,5,5,2,Debit Card,Smartphone,Postpaid,No,Yes
CUST06406,29,Male,Hyderabad,24,Two Year,DSL,706.54,15487.91,37.68,312,55,2,1,Credit Card,Smartphone,Postpaid,No,No
CUST06407,54,Male,Bangalore,11,One Year,DSL,554.99,6171.01,16.76,160,9,2,1,Net Banking,Smartphone,Prepaid,No,No
CUST06408,47,Female,Mumbai,23,Month-to-Month,DSL,701.9,15515.49,12.27,460,7,0,0,Credit Card,Feature Phone,Postpaid,Yes,No
CUST06409,40,Female,Kolkata,16,Month-to-Month,No Internet,521.08,8088.97,5.94,476,1,1,0,UPI,Router Only,Postpaid,Yes,No
CUST06410,33,Female,Delhi,27,Month-to-Month,DSL,610.69,15366.64,42.98,240,40,0,0,Net Banking,Router Only,Prepaid,No,No
CUST06411,31,Male,Kolkata,3,Month-to-Month,DSL,476.64,1436.49,28.1,146,51,5,2,Credit Card,Smartphone,Prepaid,Yes,Yes
CUST06412,27,Male,Chennai,13,Month-to-Month,Fiber Optic,910.09,12370.35,65.5,282,7,1,0,Credit Card,Smartphone,Postpaid,No,Yes
CUST06413,24,Male,Ahmedabad,39,Two Year,DSL,493.11,18465.17,31.74,102,69,3,1,UPI,Smartphone,Prepaid,No,No
CUST06414,62,Male,Delhi,39,One Year,Fiber Optic,1103.56,39480.97,36.54,602,0,0,0,Debit Card,Router Only,Postpaid,Yes,Yes
CUST06415,69,Female,Kolkata,43,Two Year,Fiber Optic,857.13,,48.59,233,0,0,0,UPI,Smartphone,Prepaid,No,No
CUST06416,54,Male,Delhi,7,One Year,Fiber Optic,909.29,6555.51,38.77,390,12,3,1,UPI,Router Only,Postpaid,Yes,No
CUST06417,46,Male,Lucknow,0,Month-to-Month,DSL,549.8,549.8,16.8,235,48,0,0,Debit Card,Smartphone,Prepaid,Yes,No
CUST06418,20,Female,Pune,9,Month-to-Month,DSL,550.52,5088.25,35.71,261,41,0,0,Net Banking,Smartphone,Postpaid,Yes,No
CUST06419,32,Male,Mumbai,20,Two Year,No Internet,483.43,9271.23,11.05,323,107,2,1,Cash,Router Only,Postpaid,No,No
CUST06420,53,Other,Mumbai,12,Month-to-Month,DSL,655.65,7828.42,25.99,23,14,3,1,Cash,Router Only,Prepaid,Yes,No
CUST06421,64,Male,Ahmedabad,18,One Year,Fiber Optic,769.7,13275.17,26.75,183,30,2,1,UPI,Tablet,Prepaid,Yes,No
CUST06422,63,Female,Jaipur,7,Month-to-Month,DSL,474.1,3150.43,15.74,369,52,1,0,Debit Card,Smartphone,Prepaid,No,Yes
CUST06423,69,Male,Jaipur,4,Month-to-Month,DSL,471.94,1866.14,30.6,307,37,3,1,UPI,Smartphone,Prepaid,Yes,Yes
CUST06424,36,Other,Kolkata,3,Month-to-Month,DSL,511.55,1431.48,23.39,206,49,1,0,Debit Card,Feature Phone,Prepaid,Yes,Yes
CUST06425,30,Male,Kolkata,24,One Year,Fiber Optic,736.59,17843.4,56.06,169,39,3,1,UPI,Smartphone,Prepaid,No,Yes
CUST06426,59,Female,Chennai,28,Two Year,Fiber Optic,1082.55,30161.55,43.08,454,0,1,0,Credit Card,Router Only,Postpaid,No,No
CUST06427,38,Male,Delhi,9,One Year,DSL,565.55,4891.3,16.44,204,77,2,1,Credit Card,Smartphone,Prepaid,No,No
CUST06428,54,Female,Delhi,17,One Year,DSL,610.89,9791.01,13.43,311,26,1,0,Net Banking,Smartphone,Prepaid,Yes,No
CUST06429,44,Male,Chennai,61,Two Year,No Internet,375.6,21856.81,0.5,535,31,2,1,Debit Card,Feature Phone,Postpaid,Yes,No
CUST06430,69,Male,Bangalore,20,One Year,Fiber Optic,1034.59,19589.25,30.69,501,0,3,1,Net Banking,Smartphone,Postpaid,No,Yes
CUST06431,46,Female,Chennai,30,Two Year,DSL,646.59,18509.26,25.59,472,82,3,1,UPI,Smartphone,Postpaid,No,No
CUST06432,37,Female,Mumbai,1,Month-to-Month,DSL,629.57,629.57,9.31,432,41,4,1,Net Banking,Smartphone,Postpaid,No,Yes
CUST06433,42,Male,Chennai,32,Two Year,Fiber Optic,809.31,24630.28,60.49,330,8,2,1,UPI,Feature Phone,Prepaid,Yes,No
CUST06434,23,Female,Mumbai,18,One Year,DSL,503.31,8888.56,35.28,306,56,3,1,Credit Card,Smartphone,Prepaid,No,No
CUST06435,53,Male,Hyderabad,50,Month-to-Month,No Internet,517.59,25164.22,0.5,360,70,1,1,UPI,Router Only,Postpaid,No,No
CUST06436,19,Female,Hyderabad,29,Month-to-Month,DSL,553.81,14794.58,21.01,337,23,2,1,UPI,Smartphone,Postpaid,Yes,Yes
CUST06437,39,Female,Delhi,13,Month-to-Month,Fiber Optic,806.76,10928.82,48.46,116,95,3,1,Debit Card,Smartphone,Prepaid,No,Yes
CUST06438,49,Male,Ahmedabad,4,Month-to-Month,Fiber Optic,762.9,2830.86,49.19,260,27,4,1,Credit Card,Smartphone,Prepaid,Yes,Yes
CUST06439,33,Female,Hyderabad,42,Two Year,Fiber Optic,1009.92,41852.06,61.83,186,58,1,1,UPI,Router Only,Prepaid,No,No
CUST06440,35,Female,Ahmedabad,18,One Year,Fiber Optic,752.36,12942.56,63.98,256,37,2,1,Debit Card,Smartphone,Prepaid,No,No
CUST06441,22,Male,Mumbai,40,Two Year,DSL,461.5,18478.43,37.39,234,79,2,1,UPI,Smartphone,Prepaid,Yes,No
CUST06442,53,Female,Delhi,17,One Year,DSL,565.5,9280.5,24.4,188,112,1,0,Debit Card,Router Only,Prepaid,Yes,No
CUST06443,47,Male,Delhi,21,One Year,DSL,484.38,9217.36,27.49,280,17,0,0,Cash,Feature Phone,Prepaid,Yes,No
CUST06444,62,Female,Delhi,18,Month-to-Month,DSL,537.8,9632.68,18.73,254,18,1,1,Debit Card,Smartphone,Prepaid,Yes,No
CUST06445,36,Female,Delhi,3,One Year,DSL,453.74,1414.11,29.71,159,39,3,1,Cash,Smartphone,Prepaid,Yes,Yes
CUST06446,40,Male,Delhi,28,One Year,DSL,637.42,18390.86,13.93,285,54,0,0,Debit Card,Router Only,Prepaid,Yes,No
CUST06447,51,Female,Jaipur,41,Two Year,Fiber Optic,739.87,28795.01,35.76,237,47,0,0,UPI,Smartphone,Prepaid,Yes,No
CUST06448,30,Female,Jaipur,4,Month-to-Month,Fiber Optic,852.69,3236.03,59.4,184,55,2,1,Credit Card,Smartphone,Prepaid,No,Yes
CUST06449,60,Female,Jaipur,39,One Year,Fiber Optic,968.95,37341.02,41.28,204,12,0,0,Net Banking,Router Only,Prepaid,Yes,Yes
CUST06450,46,Male,Lucknow,8,Month-to-Month,No Internet,315.65,2347.18,8.09,353,29,1,0,Credit Card,Smartphone,Postpaid,Yes,No
CUST06451,53,Male,Hyderabad,30,One Year,No Internet,373.14,11128.76,0.5,433,0,1,0,Net Banking,Feature Phone,Postpaid,Yes,No
CUST06452,39,Female,Hyderabad,26,Two Year,DSL,698.0,18514.16,27.94,427,24,0,0,UPI,Feature Phone,Postpaid,Yes,No
CUST06453,69,Male,Delhi,18,One Year,DSL,602.47,10091.08,10.87,288,0,1,1,Credit Card,Feature Phone,Postpaid,No,No
CUST06454,69,Male,Delhi,3,Month-to-Month,DSL,529.6,1658.21,21.25,97,28,4,1,Debit Card,Feature Phone,Prepaid,Yes,Yes
CUST06455,64,Female,Kolkata,12,Month-to-Month,DSL,604.9,7080.85,20.11,333,12,0,0,Net Banking,Smartphone,Postpaid,No,Yes
CUST06456,53,Male,Ahmedabad,5,Month-to-Month,Fiber Optic,839.56,3915.1,45.92,321,65,1,0,Credit Card,Tablet,Prepaid,Yes,No
CUST06457,26,Female,Kolkata,25,One Year,Fiber Optic,918.56,20898.1,70.82,202,31,0,0,UPI,Router Only,Prepaid,Yes,No
CUST06458,56,Female,Ahmedabad,10,Month-to-Month,No Internet,456.64,4306.01,21.9,622,18,2,1,UPI,Smartphone,Postpaid,No,Yes
CUST06459,68,Female,Mumbai,28,Two Year,Fiber Optic,816.85,22208.9,18.93,384,38,0,0,Debit Card,Smartphone,Prepaid,No,No
CUST06460,36,Male,Hyderabad,0,Month-to-Month,DSL,552.12,552.12,19.81,347,56,2,1,Net Banking,Smartphone,Prepaid,No,Yes
CUST06461,55,Male,Bangalore,15,Month-to-Month,No Internet,267.46,3733.74,2.37,288,49,1,0,Credit Card,Tablet,Prepaid,No,No
CUST06462,23,Male,Lucknow,25,One Year,DSL,514.3,12069.8,50.2,20,49,0,0,UPI,Feature Phone,Prepaid,No,No
CUST06463,69,Female,Lucknow,26,One Year,DSL,619.63,16138.51,11.54,299,62,1,0,UPI,Feature Phone,Prepaid,No,No
CUST06464,64,Male,Chennai,34,Two Year,No Internet,377.37,13038.73,0.5,483,0,2,1,Credit Card,Feature Phone,Postpaid,No,No
CUST06465,32,Female,Delhi,1,Month-to-Month,DSL,498.78,498.78,25.84,280,81,4,2,Credit Card,Smartphone,Prepaid,Yes,Yes
CUST06466,37,Female,Mumbai,17,Month-to-Month,DSL,620.96,10555.14,22.68,281,30,0,0,Debit Card,Smartphone,Postpaid,Yes,Yes
CUST06467,26,Female,Bangalore,32,Month-to-Month,Fiber Optic,930.01,30874.82,64.24,303,34,0,0,UPI,Smartphone,Postpaid,No,Yes
CUST06468,49,Male,Ahmedabad,5,Month-to-Month,DSL,484.84,2194.58,22.07,371,25,4,1,Credit Card,Smartphone,Prepaid,Yes,No
CUST06469,21,Male,Delhi,46,Two Year,Fiber Optic,812.64,37080.98,68.48,29,86,5,3,Credit Card,Smartphone,Prepaid,Yes,No
CUST06470,67,Female,Mumbai,4,Month-to-Month,Fiber Optic,939.15,3709.26,37.68,521,0,6,2,Credit Card,Smartphone,Postpaid,Yes,Yes
CUST06471,35,Male,Bangalore,51,Two Year,DSL,688.66,32851.6,37.23,363,87,1,0,UPI,Smartphone,Postpaid,No,No
CUST06472,22,Male,Jaipur,31,One Year,Fiber Optic,789.11,25042.52,67.19,337,15,3,1,Credit Card,Smartphone,Prepaid,Yes,No
CUST06473,37,Male,Hyderabad,27,One Year,No Internet,441.74,10746.0,0.5,393,92,1,0,Net Banking,Smartphone,Postpaid,Yes,No
CUST06474,40,Female,Chennai,47,Two Year,Fiber Optic,1100.28,53749.17,48.97,355,18,0,0,Credit Card,Router Only,Postpaid,Yes,No
CUST06475,28,Female,Bangalore,7,Month-to-Month,DSL,645.25,4470.3,29.22,319,42,3,2,Net Banking,Tablet,Postpaid,Yes,Yes
CUST06476,54,Female,Mumbai,7,Month-to-Month,Fiber Optic,699.85,4769.86,46.59,328,56,2,1,Credit Card,Smartphone,Prepaid,Yes,No
CUST06477,39,Female,Mumbai,15,One Year,No Internet,428.71,6501.52,10.08,493,87,2,1,Debit Card,Smartphone,Postpaid,No,No
CUST06478,21,Male,Kolkata,1,Month-to-Month,Fiber Optic,823.68,857.72,74.28,108,50,0,0,UPI,Feature Phone,Prepaid,No,No
CUST06479,46,Female,Jaipur,49,Two Year,Fiber Optic,861.99,43220.75,50.89,245,74,2,1,Debit Card,Router Only,Prepaid,Yes,No
CUST06480,61,Male,Hyderabad,38,Two Year,DSL,589.75,22078.08,19.47,547,30,0,0,Credit Card,Smartphone,Postpaid,Yes,No
CUST06481,51,Female,Bangalore,16,Two Year,No Internet,234.08,3441.57,0.5,267,53,1,0,Cash,Smartphone,Prepaid,Yes,No
CUST06482,30,Male,Kolkata,27,Two Year,No Internet,234.56,6061.44,4.26,177,67,4,2,Debit Card,Smartphone,Prepaid,No,No
CUST06483,59,Male,Pune,23,One Year,Fiber Optic,1051.36,24929.96,28.38,540,27,0,0,Credit Card,Router Only,Postpaid,Yes,No
CUST06484,26,Female,Delhi,32,One Year,DSL,647.35,21288.64,13.13,463,51,3,1,Credit Card,Smartphone,Postpaid,Yes,No
CUST06485,59,Male,Bangalore,27,Month-to-Month,DSL,646.63,16812.31,18.82,367,8,2,1,Cash,Smartphone,Postpaid,Yes,No
CUST06486,48,Female,Pune,13,One Year,DSL,512.66,6471.09,28.45,432,19,1,0,Credit Card,Smartphone,Postpaid,Yes,No
CUST06487,24,Male,Chennai,1,Month-to-Month,DSL,709.76,711.64,24.42,391,55,1,0,Debit Card,Smartphone,Postpaid,No,No
CUST06488,21,Male,Lucknow,21,Two Year,DSL,586.09,11888.16,21.46,250,41,2,1,Credit Card,Smartphone,Postpaid,Yes,No
CUST06489,36,Male,Ahmedabad,38,Two Year,No Internet,319.26,11081.54,10.78,272,53,2,1,Net Banking,Router Only,Prepaid,Yes,No
CUST06490,59,Female,Delhi,17,Month-to-Month,No Internet,276.15,4738.82,11.63,222,24,1,0,UPI,Router Only,Prepaid,Yes,No
CUST06491,47,Male,Pune,2,Month-to-Month,DSL,786.08,1568.23,17.67,485,76,2,1,UPI,Smartphone,Postpaid,No,Yes
CUST06492,48,Female,Bangalore,1,Month-to-Month,DSL,667.4,667.4,10.15,483,37,1,1,Net Banking,Tablet,Postpaid,Yes,Yes
CUST06493,52,Male,Pune,13,One Year,DSL,484.36,6425.25,28.89,396,74,4,1,UPI,Smartphone,Prepaid,No,No
CUST06494,38,Male,Chennai,20,One Year,Fiber Optic,726.48,14856.27,45.6,31,44,4,2,Cash,Smartphone,Prepaid,No,No
CUST06495,48,Male,Hyderabad,26,One Year,DSL,527.05,12840.79,31.24,392,57,0,0,UPI,Tablet,Prepaid,No,Yes
CUST06496,36,Female,Ahmedabad,44,Two Year,DSL,487.97,19778.98,20.51,175,71,2,1,Debit Card,Smartphone,Prepaid,Yes,No
CUST06497,48,Female,Pune,10,Month-to-Month,Fiber Optic,802.83,7461.82,47.72,233,49,4,2,Credit Card,Smartphone,Prepaid,Yes,Yes
CUST06498,49,Male,Jaipur,11,One Year,No Internet,310.53,3326.95,3.35,154,40,2,1,Net Banking,Smartphone,Prepaid,Yes,No
CUST06499,19,Female,Mumbai,24,One Year,No Internet,305.76,6955.91,4.86,260,0,0,0,Debit Card,Smartphone,Postpaid,No,No
CUST06500,69,Female,Bangalore,4,Month-to-Month,No Internet,294.98,1181.11,3.96,367,31,2,1,UPI,Tablet,Prepaid,No,Yes
CUST06501,27,Male,Chennai,1,Month-to-Month,Fiber Optic,730.01,730.01,62.91,24,29,1,0,Net Banking,Feature Phone,Prepaid,No,Yes
CUST06502,19,Female,Lucknow,31,Two Year,DSL,543.58,16862.37,35.79,110,59,2,1,Credit Card,Smartphone,Prepaid,Yes,No
CUST06503,19,Male,Bangalore,19,Two Year,No Internet,275.98,4892.93,1.37,101,64,2,1,Net Banking,Smartphone,Prepaid,Yes,No
CUST06504,41,Female,Delhi,33,One Year,Fiber Optic,758.43,24744.76,64.42,216,73,0,0,UPI,Router Only,Prepaid,No,No
CUST06505,34,Female,Bangalore,50,Two Year,DSL,502.84,25958.58,10.34,0,52,1,0,Credit Card,Smartphone,Prepaid,No,No
CUST06506,49,Male,Hyderabad,8,Month-to-Month,No Internet,192.71,1522.49,11.75,188,56,3,1,UPI,Smartphone,Prepaid,No,Yes
CUST06507,33,Male,Kolkata,50,Two Year,DSL,714.72,35854.81,28.97,299,54,0,0,UPI,Tablet,Postpaid,Yes,No
CUST06508,33,Other,Pune,8,Month-to-Month,No Internet,513.36,4281.57,0.5,318,28,3,2,Net Banking,Router Only,Postpaid,Yes,Yes
CUST06509,63,Female,Lucknow,11,Month-to-Month,DSL,429.82,4883.9,23.66,280,36,1,0,UPI,Smartphone,Prepaid,Yes,No
CUST06510,56,Female,Kolkata,4,Month-to-Month,Fiber Optic,768.45,2870.14,40.44,203,26,0,0,Net Banking,Smartphone,Prepaid,No,Yes
CUST06511,48,Male,Mumbai,29,Two Year,Fiber Optic,876.88,26000.21,53.18,379,110,2,1,UPI,Smartphone,Prepaid,Yes,No
CUST06512,60,Male,Chennai,0,Month-to-Month,DSL,579.29,579.29,7.65,362,17,2,1,UPI,Router Only,Prepaid,Yes,Yes
CUST06513,41,Male,Pune,2,Month-to-Month,Fiber Optic,898.48,1829.87,58.88,381,60,2,1,Debit Card,Tablet,Postpaid,No,Yes
CUST06514,18,Male,Lucknow,17,Month-to-Month,DSL,589.59,9214.2,30.74,202,52,0,0,Credit Card,Tablet,Prepaid,No,No
CUST06515,28,Female,Delhi,4,Month-to-Month,Fiber Optic,964.62,3831.6,57.22,520,55,6,2,UPI,Smartphone,Postpaid,No,Yes
CUST06516,38,Female,Mumbai,1,Month-to-Month,No Internet,493.67,493.67,4.49,503,53,3,1,UPI,Router Only,Postpaid,Yes,Yes
CUST06517,21,Female,Delhi,18,One Year,Fiber Optic,745.8,12378.81,78.98,116,48,0,0,Cash,Smartphone,Prepaid,No,No
CUST06518,24,Male,Chennai,0,Month-to-Month,DSL,533.39,533.39,37.96,309,73,0,0,Debit Card,Router Only,Prepaid,No,Yes
CUST06519,43,Female,Delhi,65,Month-to-Month,DSL,569.17,38419.47,23.03,229,51,0,0,UPI,Feature Phone,Prepaid,Yes,No
CUST06520,64,Female,Pune,6,Month-to-Month,No Internet,211.13,,,323,42,0,0,Credit Card,Tablet,Prepaid,No,No
CUST06521,67,Female,Kolkata,14,Month-to-Month,DSL,474.56,6784.12,27.68,334,63,0,0,UPI,Smartphone,Prepaid,Yes,No
CUST06522,29,Female,Bangalore,57,Month-to-Month,No Internet,279.24,15861.33,9.32,137,85,1,0,Net Banking,Feature Phone,Prepaid,No,No
CUST06523,48,Female,Chennai,44,One Year,DSL,710.82,31313.01,21.69,599,27,0,0,Debit Card,Smartphone,Postpaid,Yes,No
CUST06524,34,Female,Jaipur,14,Month-to-Month,Fiber Optic,783.33,10362.67,46.1,227,41,0,0,Credit Card,Smartphone,Prepaid,No,Yes
CUST06525,50,Male,Chennai,5,Month-to-Month,DSL,447.73,2269.0,36.12,446,50,2,1,UPI,Smartphone,Prepaid,Yes,Yes
CUST06526,28,Male,Mumbai,12,One Year,DSL,399.61,4773.76,51.73,202,68,0,0,Credit Card,Smartphone,Prepaid,Yes,No
CUST06527,45,Female,Bangalore,21,One Year,DSL,771.67,15858.51,30.9,197,54,0,0,Debit Card,Smartphone,Postpaid,Yes,No
CUST06528,49,Male,Hyderabad,2,Month-to-Month,DSL,695.54,1354.33,18.03,322,44,3,1,UPI,Smartphone,Postpaid,Yes,Yes
CUST06529,18,Male,Delhi,5,Month-to-Month,Fiber Optic,989.22,4679.19,65.3,264,0,3,1,Debit Card,Smartphone,Postpaid,Yes,Yes
CUST06530,64,Male,Chennai,1,Month-to-Month,Fiber Optic,694.89,694.89,31.06,199,1,3,1,Debit Card,Smartphone,Prepaid,Yes,Yes
CUST06531,45,Female,Lucknow,1,Month-to-Month,Fiber Optic,921.64,935.52,51.56,395,0,2,1,Net Banking,Smartphone,Postpaid,No,Yes
CUST06532,59,Other,Pune,25,Month-to-Month,No Internet,263.98,6137.03,3.87,227,22,2,1,Debit Card,Smartphone,Prepaid,No,Yes
CUST06533,24,Male,Bangalore,4,Month-to-Month,DSL,472.35,1747.9,23.76,84,53,4,2,Credit Card,Smartphone,Prepaid,Yes,No
CUST06534,19,Female,Bangalore,5,Month-to-Month,Fiber Optic,843.96,4336.59,69.24,141,69,4,2,Debit Card,Router Only,Prepaid,No,Yes
CUST06535,59,Female,Jaipur,18,One Year,Fiber Optic,724.98,11901.18,26.95,362,35,1,0,Credit Card,Smartphone,Prepaid,No,No
CUST06536,41,Male,Ahmedabad,21,Two Year,Fiber Optic,799.43,15495.42,58.8,236,54,2,1,UPI,Smartphone,Prepaid,No,No
CUST06537,21,Male,Hyderabad,24,One Year,No Internet,378.67,8303.41,16.8,265,43,2,1,UPI,Smartphone,Postpaid,Yes,No
CUST06538,61,Female,Bangalore,23,One Year,Fiber Optic,1023.48,24569.4,51.14,444,0,4,2,Credit Card,Router Only,Postpaid,Yes,Yes
CUST06539,36,Male,Pune,10,Month-to-Month,DSL,467.99,4285.5,29.3,281,26,2,1,UPI,Smartphone,Prepaid,Yes,No
CUST06540,43,Female,Mumbai,4,Month-to-Month,Fiber Optic,1070.71,3858.4,43.37,374,47,5,2,Debit Card,Router Only,Postpaid,Yes,Yes
CUST06541,28,Female,Delhi,9,Month-to-Month,DSL,562.76,5023.62,11.48,167,62,0,0,UPI,Smartphone,Postpaid,No,Yes
CUST06542,57,Male,Mumbai,25,One Year,Fiber Optic,851.96,21448.6,42.35,170,38,5,2,UPI,Tablet,Prepaid,No,No
CUST06543,67,Female,Bangalore,14,One Year,Fiber Optic,830.07,10768.59,37.72,235,15,1,0,Debit Card,Router Only,Prepaid,No,No
CUST06544,60,Male,Mumbai,43,Two Year,DSL,683.36,27983.45,42.78,400,7,1,0,Credit Card,Smartphone,Postpaid,Yes,No
CUST06545,28,Male,Mumbai,15,Month-to-Month,DSL,352.29,5001.48,37.73,211,83,2,1,Net Banking,Smartphone,Prepaid,Yes,No
CUST06546,62,Male,Delhi,9,Month-to-Month,DSL,607.13,5511.05,16.99,345,2,2,1,Net Banking,Router Only,Prepaid,Yes,Yes
CUST06547,20,Male,Chennai,20,One Year,Fiber Optic,777.75,14919.05,71.09,0,15,1,0,Net Banking,Tablet,Prepaid,Yes,No
CUST06548,29,Female,Chennai,19,One Year,DSL,707.4,13162.21,37.03,194,52,1,0,UPI,Smartphone,Postpaid,No,No
CUST06549,20,Female,Mumbai,2,Month-to-Month,Fiber Optic,1018.48,2070.49,83.55,473,47,3,1,UPI,Router Only,Postpaid,No,Yes
CUST06550,59,Female,Lucknow,20,One Year,DSL,529.56,10315.72,20.18,288,37,1,0,Debit Card,Feature Phone,Prepaid,No,No
CUST06551,44,Male,Bangalore,11,Month-to-Month,Fiber Optic,952.01,10564.69,45.74,423,50,0,0,UPI,Smartphone,Postpaid,Yes,Yes
CUST06552,66,Female,Delhi,19,One Year,Fiber Optic,900.99,16861.86,22.94,467,39,1,0,UPI,Smartphone,Postpaid,No,No
CUST06553,19,Female,Mumbai,19,Month-to-Month,Fiber Optic,908.65,17383.58,68.69,447,11,2,1,Net Banking,Smartphone,Postpaid,No,No
CUST06554,66,Female,Pune,22,One Year,Fiber Optic,788.91,15856.56,36.99,241,37,1,0,Credit Card,Smartphone,Prepaid,No,No
CUST06555,33,Female,Mumbai,31,One Year,DSL,566.61,18385.77,21.47,44,89,0,0,Debit Card,Smartphone,Prepaid,No,No
CUST06556,19,Male,Delhi,56,Two Year,DSL,626.6,32038.38,25.78,0,116,3,2,UPI,Router Only,Prepaid,Yes,No
CUST06557,47,Male,Chennai,47,Two Year,DSL,558.88,26146.95,5.97,192,30,0,0,UPI,Router Only,Prepaid,Yes,No
CUST06558,37,Male,Hyderabad,0,Month-to-Month,Fiber Optic,951.46,951.46,42.33,329,56,1,0,UPI,Smartphone,Postpaid,No,Yes
CUST06559,55,Female,Kolkata,4,Month-to-Month,Fiber Optic,716.43,2801.44,27.52,166,57,1,1,Net Banking,Smartphone,Prepaid,No,Yes
CUST06560,45,Female,Kolkata,19,Month-to-Month,Fiber Optic,908.39,15782.06,36.76,376,0,3,1,Net Banking,Tablet,Postpaid,Yes,Yes
CUST06561,42,Male,Lucknow,9,Month-to-Month,Fiber Optic,948.85,7800.96,47.93,308,53,0,0,Credit Card,Tablet,Postpaid,No,No
CUST06562,49,Male,Delhi,27,Month-to-Month,Fiber Optic,877.75,22342.18,50.0,402,0,3,1,UPI,Smartphone,Postpaid,Yes,No
CUST06563,27,Male,Delhi,2,Month-to-Month,Fiber Optic,776.28,1453.58,61.15,129,81,1,0,UPI,Smartphone,Prepaid,Yes,Yes
CUST06564,59,Female,Lucknow,10,One Year,No Internet,435.75,4011.18,0.5,448,63,0,0,Debit Card,Router Only,Prepaid,Yes,No
CUST06565,57,Male,Chennai,27,Month-to-Month,DSL,449.39,11974.34,14.65,240,0,1,0,Credit Card,Feature Phone,Prepaid,No,Yes
CUST06566,50,Male,Pune,9,Month-to-Month,DSL,569.0,5289.02,16.09,292,59,0,0,Credit Card,Smartphone,Prepaid,No,No
CUST06567,30,Male,Delhi,16,One Year,DSL,594.6,9871.45,41.14,274,71,2,1,Cash,Feature Phone,Postpaid,Yes,No
CUST06568,58,Female,Delhi,17,One Year,No Internet,285.39,4577.8,1.19,428,24,6,3,UPI,Feature Phone,Postpaid,Yes,No
CUST06569,59,Female,Delhi,6,One Year,Fiber Optic,1081.83,6683.67,40.18,254,7,3,2,UPI,Router Only,Postpaid,No,No
CUST06570,64,Female,Bangalore,38,One Year,Fiber Optic,790.3,31386.63,46.33,449,3,3,1,Net Banking,Router Only,Prepaid,Yes,No
CUST06571,54,Male,Delhi,8,Month-to-Month,No Internet,405.16,3068.92,4.35,230,16,0,0,Credit Card,Smartphone,Postpaid,No,Yes
CUST06572,33,Male,Bangalore,2,Month-to-Month,DSL,603.15,1255.25,33.25,328,59,5,2,UPI,Smartphone,Postpaid,Yes,No
CUST06573,62,Male,Chennai,32,Two Year,DSL,582.43,17965.02,17.73,291,35,1,0,UPI,Smartphone,Prepaid,Yes,No
CUST06574,39,Male,Delhi,5,Month-to-Month,DSL,703.89,3412.48,21.13,118,0,1,1,UPI,Smartphone,Postpaid,Yes,Yes
CUST06575,37,Male,Delhi,5,Month-to-Month,DSL,532.51,2588.16,26.12,202,62,1,1,Debit Card,Smartphone,Prepaid,No,No
CUST06576,67,Male,Bangalore,21,Month-to-Month,DSL,606.07,12850.55,19.41,342,0,0,0,Cash,Router Only,Prepaid,Yes,No
CUST06577,60,Female,Delhi,34,Two Year,DSL,525.9,16791.57,11.99,355,54,1,0,Debit Card,Feature Phone,Prepaid,Yes,No
CUST06578,44,Male,Delhi,34,One Year,Fiber Optic,1021.38,32506.22,48.64,473,23,1,0,Credit Card,Smartphone,Postpaid,No,No
CUST06579,58,Male,Mumbai,17,One Year,DSL,525.11,8877.13,25.6,288,48,2,1,UPI,Router Only,Prepaid,No,No
CUST06580,33,Female,Bangalore,4,Month-to-Month,No Internet,428.58,1686.27,0.5,285,57,4,2,UPI,Router Only,Postpaid,Yes,Yes
CUST06581,51,Female,Pune,43,Two Year,DSL,605.8,23722.06,4.02,464,27,0,0,Net Banking,Router Only,Prepaid,Yes,No
CUST06582,49,Female,Delhi,12,One Year,Fiber Optic,803.02,9977.14,51.97,206,26,2,1,Net Banking,Tablet,Prepaid,Yes,Yes
CUST06583,43,Female,Pune,9,Month-to-Month,DSL,597.43,5073.61,22.58,370,68,3,1,UPI,Smartphone,Prepaid,Yes,No
CUST06584,42,Male,Ahmedabad,4,One Year,Fiber Optic,993.8,4025.47,49.44,404,69,3,2,Credit Card,Smartphone,Postpaid,Yes,Yes
CUST06585,19,Female,Pune,5,Month-to-Month,No Internet,193.77,956.03,19.12,165,23,2,1,Net Banking,Smartphone,Prepaid,Yes,Yes
CUST06586,29,Female,Delhi,36,Month-to-Month,DSL,636.71,22596.87,26.23,436,21,0,0,Debit Card,Feature Phone,Postpaid,Yes,No
CUST06587,57,Male,Bangalore,30,Month-to-Month,Fiber Optic,806.97,24906.54,33.69,315,50,2,1,Credit Card,Smartphone,Prepaid,Yes,Yes
CUST06588,26,Male,Pune,34,One Year,DSL,488.92,17156.35,26.84,144,77,0,0,Debit Card,Router Only,Prepaid,No,No
CUST06589,29,Female,Lucknow,1,Month-to-Month,DSL,578.33,578.33,42.84,20,68,2,1,UPI,Router Only,Prepaid,No,No
CUST06590,43,Male,Lucknow,9,One Year,Fiber Optic,756.44,6564.66,43.12,337,58,3,2,Credit Card,Smartphone,Prepaid,Yes,No
CUST06591,26,Male,Bangalore,35,One Year,Fiber Optic,902.31,31360.11,49.56,288,0,1,0,Debit Card,Tablet,Postpaid,No,No
CUST06592,27,Male,Chennai,8,One Year,DSL,521.32,3828.36,29.76,165,66,1,0,UPI,Router Only,Prepaid,Yes,No
CUST06593,49,Male,Jaipur,18,Month-to-Month,No Internet,234.02,4056.52,10.82,170,63,3,2,Debit Card,Smartphone,Prepaid,No,No
CUST06594,51,Male,Ahmedabad,5,Month-to-Month,Fiber Optic,1066.6,5329.23,32.88,291,13,3,1,Credit Card,Smartphone,Postpaid,Yes,No
CUST06595,65,Male,Hyderabad,16,Month-to-Month,DSL,413.22,6707.08,15.36,280,0,1,0,Credit Card,Smartphone,Prepaid,No,Yes
CUST06596,37,Male,Mumbai,2,Month-to-Month,Fiber Optic,851.84,1717.64,62.94,139,47,0,0,Net Banking,Router Only,Prepaid,No,No
CUST06597,56,Male,Delhi,42,Two Year,Fiber Optic,965.47,37556.86,38.57,315,0,2,1,Cash,Router Only,Prepaid,No,No
CUST06598,19,Female,Hyderabad,32,Two Year,Fiber Optic,870.89,27638.05,56.06,145,89,2,1,Credit Card,Smartphone,Prepaid,Yes,No
CUST06599,18,Male,Pune,72,Month-to-Month,Fiber Optic,695.53,45748.87,80.05,343,12,4,2,UPI,Smartphone,Prepaid,No,Yes
CUST06600,68,Female,Lucknow,27,Month-to-Month,No Internet,373.97,9990.15,0.5,433,0,2,1,Cash,Smartphone,Postpaid,No,Yes
CUST06601,53,Female,Ahmedabad,25,Two Year,No Internet,272.04,6881.86,3.42,296,65,2,1,Debit Card,Smartphone,Prepaid,Yes,No
CUST06602,41,Female,Mumbai,13,Month-to-Month,Fiber Optic,969.21,12533.05,59.02,595,39,3,2,Net Banking,Smartphone,Postpaid,Yes,Yes
CUST06603,44,Female,Pune,5,Month-to-Month,Fiber Optic,778.84,3869.81,43.86,186,33,3,1,Cash,Smartphone,Prepaid,No,No
CUST06604,19,Male,Mumbai,2,Month-to-Month,No Internet,464.02,,,144,63,1,0,,Smartphone,Postpaid,Yes,Yes
CUST06605,48,Male,Pune,14,One Year,Fiber Optic,988.59,13324.13,63.7,384,32,0,0,Credit Card,Smartphone,Postpaid,No,No
CUST06606,31,Female,Pune,47,Two Year,Fiber Optic,770.87,34700.09,51.79,188,70,0,0,Cash,Tablet,Prepaid,Yes,No
CUST06607,19,Male,Mumbai,49,Two Year,Fiber Optic,863.74,40915.69,68.48,377,0,3,1,Debit Card,Smartphone,Postpaid,No,No
CUST06608,46,Female,Mumbai,1,Month-to-Month,DSL,717.3,717.3,35.9,543,30,2,1,Credit Card,Tablet,Postpaid,Yes,Yes
CUST06609,32,Female,Delhi,0,One Year,Fiber Optic,961.98,961.98,61.43,176,55,4,1,UPI,Smartphone,Prepaid,Yes,No
CUST06610,29,Male,Delhi,10,One Year,DSL,617.03,6390.5,36.53,369,44,0,0,Credit Card,Feature Phone,Postpaid,No,No
CUST06611,54,Female,Ahmedabad,13,Month-to-Month,DSL,843.73,10349.98,28.34,226,26,2,1,Cash,Router Only,Postpaid,No,Yes
CUST06612,45,Female,Delhi,37,Month-to-Month,Fiber Optic,813.0,29017.96,33.96,290,33,1,0,Credit Card,Tablet,Prepaid,Yes,No
CUST06613,37,Male,Delhi,37,Two Year,Fiber Optic,814.08,30027.58,61.39,235,82,3,1,Debit Card,Smartphone,Prepaid,No,No
CUST06614,56,Male,Mumbai,44,Month-to-Month,No Internet,517.73,23123.64,0.5,322,0,5,1,Net Banking,Smartphone,Postpaid,Yes,Yes
CUST06615,41,Female,Jaipur,17,Month-to-Month,No Internet,347.93,5331.39,0.5,513,49,3,1,Net Banking,Smartphone,Prepaid,Yes,No
CUST06616,38,Female,Bangalore,9,Month-to-Month,DSL,585.95,5271.5,29.06,399,24,0,0,Cash,Smartphone,Postpaid,Yes,No
CUST06617,27,Male,Mumbai,43,Two Year,Fiber Optic,914.46,36235.41,55.34,165,52,1,0,UPI,Router Only,Prepaid,Yes,No
CUST06618,63,Male,Pune,9,One Year,Fiber Optic,852.98,7765.77,39.18,231,0,3,1,Cash,Smartphone,Prepaid,Yes,No
CUST06619,31,Female,Mumbai,13,One Year,DSL,615.21,7361.04,30.18,464,32,2,1,UPI,Smartphone,Postpaid,No,No
CUST06620,54,Female,Bangalore,4,Month-to-Month,Fiber Optic,851.9,3450.24,31.14,247,37,4,2,Net Banking,Smartphone,Prepaid,Yes,Yes
CUST06621,35,Female,Pune,24,One Year,No Internet,273.47,6838.03,0.5,245,42,3,1,Debit Card,Router Only,Prepaid,Yes,No
CUST06622,41,Female,Mumbai,29,One Year,Fiber Optic,784.54,21239.39,44.87,192,29,4,1,Cash,Smartphone,Prepaid,Yes,No
CUST06623,31,Male,Jaipur,32,Two Year,DSL,594.55,17147.95,31.81,190,74,0,0,UPI,Smartphone,Prepaid,No,No
CUST06624,51,Male,Chennai,12,Month-to-Month,Fiber Optic,827.96,9107.27,59.07,250,43,1,0,Credit Card,Smartphone,Prepaid,No,Yes
CUST06625,29,Female,Hyderabad,3,Month-to-Month,DSL,698.34,2174.42,18.0,338,51,4,2,Credit Card,Smartphone,Postpaid,Yes,Yes
CUST06626,39,Female,Mumbai,26,Two Year,DSL,658.5,16616.89,15.8,397,28,0,0,Net Banking,Smartphone,Postpaid,Yes,No
CUST06627,23,Male,Ahmedabad,17,One Year,Fiber Optic,1035.27,17259.03,72.17,260,24,1,0,Net Banking,Router Only,Postpaid,No,No
CUST06628,53,Male,Chennai,0,Month-to-Month,Fiber Optic,1014.23,1014.23,30.6,548,13,1,0,Debit Card,Smartphone,Postpaid,No,Yes
CUST06629,62,Female,Delhi,9,Month-to-Month,DSL,862.77,8138.14,17.26,459,0,0,0,UPI,Router Only,Postpaid,No,Yes
CUST06630,53,Male,Mumbai,48,Two Year,No Internet,554.91,24701.22,7.05,513,0,3,2,Net Banking,Router Only,Postpaid,Yes,No
CUST06631,39,Female,Hyderabad,19,Month-to-Month,DSL,482.14,9072.15,32.47,266,65,0,0,Credit Card,Smartphone,Prepaid,Yes,Yes
CUST06632,31,Male,Kolkata,14,Month-to-Month,Fiber Optic,1055.73,14564.62,54.79,229,36,2,1,Credit Card,Smartphone,Postpaid,Yes,No
CUST06633,33,Male,Jaipur,1,Month-to-Month,No Internet,446.08,446.08,0.5,532,62,2,1,UPI,Tablet,Postpaid,Yes,Yes
CUST06634,53,Male,Pune,8,Month-to-Month,Fiber Optic,739.23,6206.37,44.14,287,34,0,0,Credit Card,Smartphone,Prepaid,Yes,No
CUST06635,42,Female,Hyderabad,29,One Year,Fiber Optic,906.81,25837.51,55.82,131,25,0,0,Debit Card,Router Only,Prepaid,Yes,No
CUST06636,49,Female,Mumbai,4,Month-to-Month,Fiber Optic,807.8,2983.48,42.21,388,30,6,2,Debit Card,Smartphone,Prepaid,Yes,Yes
CUST06637,50,Female,Pune,4,Month-to-Month,Fiber Optic,974.55,3949.74,31.09,259,44,4,1,Net Banking,Smartphone,Postpaid,Yes,Yes
CUST06638,62,Female,Lucknow,6,Month-to-Month,Fiber Optic,873.93,5027.89,47.85,592,0,2,1,Credit Card,Smartphone,Postpaid,Yes,Yes
CUST06639,53,Male,Hyderabad,54,Two Year,DSL,574.23,31024.39,25.71,246,10,0,0,Credit Card,Router Only,Prepaid,No,No
CUST06640,37,Male,Delhi,20,Two Year,Fiber Optic,958.03,17886.7,50.9,448,83,2,1,Credit Card,Tablet,Postpaid,No,No
CUST06641,35,Female,Delhi,32,One Year,DSL,456.71,15175.05,27.12,250,29,2,1,Debit Card,Feature Phone,Prepaid,Yes,No
CUST06642,55,Female,Mumbai,42,One Year,Fiber Optic,1030.64,39224.01,50.95,305,34,2,1,Debit Card,Router Only,Postpaid,Yes,No
CUST06643,20,Female,Chennai,9,Month-to-Month,DSL,844.99,6867.5,41.97,257,48,1,0,Debit Card,Router Only,Postpaid,No,No
CUST06644,40,Female,Lucknow,57,Two Year,Fiber Optic,763.87,44834.83,58.54,229,34,0,0,Debit Card,Smartphone,Prepaid,Yes,No
CUST06645,49,Male,Mumbai,45,One Year,Fiber Optic,985.37,43527.08,57.18,419,21,1,1,Credit Card,Tablet,Postpaid,No,No
CUST06646,62,Male,Mumbai,64,Two Year,Fiber Optic,841.18,51209.71,44.33,314,6,2,1,Credit Card,Tablet,Prepaid,No,No
CUST06647,33,Female,Hyderabad,22,Month-to-Month,Fiber Optic,906.7,18374.98,45.15,452,27,0,0,UPI,Smartphone,Postpaid,Yes,No
CUST06648,22,Male,Jaipur,0,Month-to-Month,Fiber Optic,771.51,771.51,55.29,26,65,2,1,Cash,Smartphone,Prepaid,No,Yes
CUST06649,21,Male,Bangalore,21,One Year,DSL,621.46,12324.05,30.26,271,93,3,1,UPI,Router Only,Prepaid,No,No
CUST06650,38,Female,Mumbai,16,Month-to-Month,Fiber Optic,833.5,13624.84,50.5,161,51,0,0,Net Banking,Smartphone,Prepaid,Yes,No
CUST06651,57,Male,Delhi,43,Month-to-Month,Fiber Optic,749.8,29948.2,33.35,265,47,1,0,Cash,Smartphone,Prepaid,Yes,No
CUST06652,68,Female,Bangalore,16,One Year,Fiber Optic,1003.81,16814.57,38.54,594,19,3,1,Credit Card,Smartphone,Postpaid,Yes,Yes
CUST06653,31,Male,Kolkata,29,Month-to-Month,DSL,703.39,20780.59,26.85,302,0,0,0,UPI,Smartphone,Postpaid,No,Yes
CUST06654,56,Female,Mumbai,37,One Year,DSL,658.86,21983.2,10.73,551,7,0,0,UPI,Smartphone,Postpaid,No,No
CUST06655,48,Female,Hyderabad,29,Month-to-Month,DSL,617.93,17605.5,6.94,299,25,1,0,Debit Card,Smartphone,Postpaid,Yes,No
CUST06656,31,Female,Chennai,32,One Year,No Internet,443.64,13619.81,2.64,454,55,0,0,UPI,Smartphone,Postpaid,No,No
CUST06657,23,Male,Bangalore,5,Month-to-Month,No Internet,390.84,1888.94,19.64,339,41,2,1,UPI,Smartphone,Postpaid,Yes,Yes
CUST06658,29,Male,Mumbai,55,Two Year,Fiber Optic,979.34,52061.03,69.61,336,5,2,1,Net Banking,Smartphone,Postpaid,No,No
CUST06659,33,Male,Jaipur,3,Month-to-Month,Fiber Optic,896.39,,64.83,197,94,1,1,Net Banking,Feature Phone,Prepaid,No,Yes
CUST06660,34,Male,Chennai,24,One Year,No Internet,379.6,9136.31,8.44,155,65,0,0,Credit Card,Router Only,Prepaid,Yes,No
CUST06661,62,Female,Pune,2,Month-to-Month,Fiber Optic,762.07,1438.18,32.7,139,24,4,2,Credit Card,Smartphone,Prepaid,Yes,Yes
CUST06662,40,Male,Chennai,9,Month-to-Month,DSL,412.63,3629.53,29.99,399,56,0,0,Debit Card,Feature Phone,Prepaid,Yes,No
CUST06663,31,Male,Lucknow,10,One Year,No Internet,363.89,3540.82,3.52,250,5,0,0,Debit Card,Router Only,Prepaid,No,No
CUST06664,24,Male,Bangalore,20,Two Year,DSL,517.59,9762.43,33.03,90,33,2,1,UPI,Tablet,Prepaid,Yes,No
CUST06665,63,Female,Bangalore,31,Month-to-Month,Fiber Optic,881.94,27150.77,41.67,541,9,0,0,Debit Card,Smartphone,Postpaid,Yes,No
CUST06666,49,Male,Bangalore,31,Month-to-Month,DSL,658.52,20306.94,24.45,330,20,2,1,Cash,Router Only,Postpaid,No,No
CUST06667,32,Female,Bangalore,10,Month-to-Month,Fiber Optic,1045.9,9581.49,54.1,312,26,0,0,Credit Card,Router Only,Postpaid,Yes,Yes
CUST06668,61,Female,Mumbai,12,Month-to-Month,No Internet,356.13,3903.36,0.5,433,26,1,0,Debit Card,Smartphone,Postpaid,No,No
CUST06669,34,Female,Lucknow,60,Two Year,Fiber Optic,1039.29,56399.13,67.26,534,29,1,0,Net Banking,Smartphone,Postpaid,Yes,No
CUST06670,58,Female,Ahmedabad,0,Month-to-Month,DSL,711.14,711.14,15.15,356,34,0,0,UPI,Router Only,Postpaid,No,No
CUST06671,64,Male,Mumbai,33,One Year,DSL,449.4,15562.57,35.47,299,39,1,0,UPI,Feature Phone,Prepaid,No,No
CUST06672,61,Female,Mumbai,71,Month-to-Month,Fiber Optic,948.23,69768.28,40.03,435,30,2,1,UPI,Smartphone,Postpaid,Yes,No
CUST06673,51,Female,Delhi,40,Month-to-Month,Fiber Optic,918.18,35594.04,47.02,487,20,0,0,Debit Card,Feature Phone,Postpaid,No,Yes
CUST06674,22,Female,Ahmedabad,1,Month-to-Month,Fiber Optic,745.75,745.75,63.07,185,84,4,2,Net Banking,Smartphone,Prepaid,Yes,Yes
CUST06675,62,Female,Bangalore,7,Month-to-Month,DSL,538.81,3809.35,14.15,118,48,0,0,UPI,Smartphone,Prepaid,No,Yes
CUST06676,44,Male,Chennai,0,Month-to-Month,No Internet,290.78,290.78,0.5,162,87,2,1,Credit Card,Smartphone,Prepaid,Yes,Yes
CUST06677,69,Male,Jaipur,25,Month-to-Month,Fiber Optic,992.17,22453.04,47.52,506,53,2,1,Credit Card,Smartphone,Postpaid,No,Yes
CUST06678,40,Female,Bangalore,27,Two Year,Fiber Optic,841.35,22207.66,47.16,303,65,1,0,Net Banking,Smartphone,Prepaid,Yes,No
CUST06679,57,Female,Kolkata,18,Month-to-Month,DSL,607.85,10373.51,19.32,342,11,5,1,Debit Card,Smartphone,Prepaid,No,Yes
CUST06680,31,Male,Bangalore,35,Month-to-Month,Fiber Optic,869.74,27598.81,56.47,328,59,4,1,Net Banking,Smartphone,Postpaid,Yes,Yes
CUST06681,32,Male,Pune,9,Month-to-Month,DSL,625.02,5703.69,33.04,390,16,2,1,UPI,Smartphone,Postpaid,Yes,No
CUST06682,60,Male,Bangalore,1,Month-to-Month,Fiber Optic,768.09,768.09,33.04,260,57,3,1,Debit Card,Smartphone,Prepaid,No,Yes
CUST06683,50,Female,Bangalore,12,Month-to-Month,DSL,658.21,7522.14,18.65,376,19,2,1,Credit Card,Smartphone,Postpaid,No,No
CUST06684,48,Female,Lucknow,28,Month-to-Month,Fiber Optic,677.04,18246.59,51.4,362,52,2,1,Net Banking,Feature Phone,Prepaid,Yes,Yes
CUST06685,52,Female,Chennai,24,Two Year,Fiber Optic,811.99,17767.69,43.87,332,21,1,0,UPI,Tablet,Prepaid,No,No
CUST06686,34,Male,Bangalore,42,Two Year,DSL,638.03,24614.3,33.18,334,25,4,1,Debit Card,Tablet,Postpaid,No,No
CUST06687,45,Male,Mumbai,31,Two Year,Fiber Optic,840.01,25073.2,39.73,377,17,0,0,UPI,Smartphone,Prepaid,Yes,Yes
CUST06688,36,Male,Delhi,2,Month-to-Month,No Internet,383.43,707.58,16.64,200,37,1,0,UPI,Feature Phone,Prepaid,No,No
CUST06689,63,Male,Pune,0,Month-to-Month,DSL,651.4,651.4,19.78,352,13,3,1,Credit Card,Smartphone,Postpaid,No,Yes
CUST06690,40,Female,Bangalore,40,Two Year,Fiber Optic,780.4,29820.89,36.72,263,63,1,0,UPI,Smartphone,Prepaid,No,No
CUST06691,49,Male,Ahmedabad,5,One Year,No Internet,396.19,1938.56,9.27,428,2,3,1,UPI,Smartphone,Postpaid,Yes,No
CUST06692,57,Female,Bangalore,4,Month-to-Month,Fiber Optic,903.23,3553.78,28.63,344,32,1,0,Credit Card,Router Only,Prepaid,No,Yes
CUST06693,30,Female,Bangalore,14,Month-to-Month,DSL,500.1,6815.37,31.37,89,101,1,1,Net Banking,Smartphone,Prepaid,No,No
CUST06694,37,Female,Kolkata,1,Month-to-Month,Fiber Optic,798.26,798.26,42.7,84,54,3,1,Net Banking,Smartphone,Prepaid,No,Yes
CUST06695,52,Male,Hyderabad,28,One Year,Fiber Optic,829.2,21173.89,41.12,300,46,1,0,Debit Card,Feature Phone,Prepaid,No,No
CUST06696,22,Male,Jaipur,57,Two Year,No Internet,454.64,24122.55,5.16,195,73,4,2,Credit Card,Smartphone,Postpaid,Yes,No
CUST06697,26,Male,Chennai,27,Month-to-Month,No Internet,243.56,,,133,63,1,0,,Smartphone,Prepaid,Yes,No
CUST06698,46,Female,Mumbai,15,Month-to-Month,DSL,751.88,10339.09,41.4,297,26,0,0,Credit Card,Router Only,Postpaid,No,Yes
CUST06699,23,Female,Chennai,14,Month-to-Month,DSL,696.41,9830.87,24.74,268,35,2,1,Net Banking,Feature Phone,Postpaid,Yes,No
CUST06700,42,Male,Delhi,14,Month-to-Month,No Internet,449.65,6439.31,1.29,423,14,4,2,UPI,Feature Phone,Postpaid,Yes,Yes
CUST06701,48,Male,Mumbai,31,One Year,DSL,557.21,15818.12,13.11,335,75,3,1,Cash,Smartphone,Prepaid,No,No
CUST06702,39,Female,Mumbai,21,One Year,Fiber Optic,913.93,18991.1,57.04,46,90,1,0,UPI,Smartphone,Prepaid,Yes,No
CUST06703,19,Female,Pune,11,Month-to-Month,Fiber Optic,946.12,10567.21,76.22,200,88,1,1,Debit Card,Feature Phone,Prepaid,No,Yes
CUST06704,62,Other,Delhi,16,One Year,No Internet,556.65,9088.79,8.31,340,1,0,0,UPI,Smartphone,Postpaid,Yes,Yes
CUST06705,22,Male,Mumbai,15,Month-to-Month,No Internet,396.15,5373.87,8.84,173,19,0,0,UPI,Smartphone,Postpaid,Yes,No
CUST06706,44,Male,Bangalore,32,One Year,No Internet,282.9,8874.28,9.2,216,25,1,0,Net Banking,Smartphone,Prepaid,No,No
CUST06707,42,Male,Delhi,10,One Year,Fiber Optic,792.18,7351.08,46.05,305,0,4,1,Net Banking,Smartphone,Prepaid,No,Yes
CUST06708,25,Male,Delhi,7,Month-to-Month,DSL,630.55,4561.25,22.75,401,55,1,0,UPI,Smartphone,Postpaid,No,No
CUST06709,18,Female,Mumbai,13,One Year,Fiber Optic,1004.94,12668.72,59.47,381,100,0,0,Debit Card,Feature Phone,Postpaid,No,No
CUST06710,37,Male,Mumbai,5,Month-to-Month,DSL,729.87,3511.99,21.53,418,24,2,1,UPI,Router Only,Postpaid,Yes,No
CUST06711,61,Male,Delhi,41,Month-to-Month,DSL,698.13,26648.92,26.74,548,14,2,1,Credit Card,Smartphone,Postpaid,Yes,No
CUST06712,40,Female,Delhi,19,Month-to-Month,Fiber Optic,1028.57,18163.74,47.9,483,39,1,0,Debit Card,Router Only,Postpaid,No,Yes
CUST06713,49,Male,Ahmedabad,32,Month-to-Month,DSL,575.0,19295.84,22.97,595,11,0,0,Debit Card,Tablet,Postpaid,Yes,No
CUST06714,28,Female,Pune,27,One Year,Fiber Optic,936.23,23006.83,70.33,211,60,1,0,Credit Card,Smartphone,Postpaid,Yes,Yes
CUST06715,56,Male,Hyderabad,3,Month-to-Month,Fiber Optic,994.95,2705.2,51.68,448,0,4,1,Net Banking,Smartphone,Postpaid,Yes,Yes
CUST06716,64,Female,Jaipur,20,One Year,Fiber Optic,920.71,17307.26,42.05,631,4,2,1,Credit Card,Feature Phone,Postpaid,No,Yes
CUST06717,41,Male,Delhi,38,Two Year,DSL,521.19,18913.56,22.4,287,0,0,0,UPI,Smartphone,Prepaid,Yes,No
CUST06718,28,Female,Bangalore,0,Month-to-Month,Fiber Optic,733.48,733.48,48.52,215,50,2,1,UPI,Tablet,Prepaid,Yes,No
CUST06719,46,Male,Ahmedabad,20,Month-to-Month,Fiber Optic,892.94,16586.59,49.3,251,11,3,1,Net Banking,Smartphone,Postpaid,Yes,No
CUST06720,43,Male,Chennai,15,Month-to-Month,Fiber Optic,1016.3,15867.47,50.48,208,44,3,1,Net Banking,Smartphone,Postpaid,Yes,Yes
CUST06721,33,Female,Lucknow,3,Month-to-Month,DSL,612.42,1902.15,29.27,295,6,5,2,Net Banking,Smartphone,Postpaid,No,Yes
CUST06722,52,Male,Lucknow,8,Month-to-Month,Fiber Optic,1008.39,7862.13,34.43,512,34,3,1,Debit Card,Smartphone,Postpaid,No,Yes
CUST06723,37,Male,Delhi,12,One Year,DSL,728.86,8860.4,28.94,354,7,1,0,Net Banking,Router Only,Postpaid,No,No
CUST06724,63,Female,Lucknow,1,Month-to-Month,No Internet,238.19,238.19,6.5,226,0,0,0,Credit Card,Smartphone,Prepaid,Yes,Yes
CUST06725,20,Female,Lucknow,38,One Year,DSL,804.52,31434.56,28.96,158,84,0,0,UPI,Router Only,Postpaid,No,No
CUST06726,18,Male,Bangalore,2,Month-to-Month,DSL,645.22,1241.13,19.84,164,44,1,0,Cash,Smartphone,Prepaid,Yes,Yes
CUST06727,64,Male,Lucknow,7,Month-to-Month,DSL,574.63,3700.74,18.11,331,2,3,1,Cash,Router Only,Prepaid,Yes,Yes
CUST06728,18,Male,Delhi,13,Month-to-Month,Fiber Optic,922.77,12223.51,74.94,333,83,1,0,Credit Card,Tablet,Prepaid,Yes,No
CUST06729,34,Male,Pune,5,Month-to-Month,Fiber Optic,888.18,4317.05,53.36,123,37,0,0,UPI,Router Only,Prepaid,Yes,Yes
CUST06730,19,Female,Mumbai,1,Month-to-Month,DSL,640.97,640.97,32.56,269,91,3,1,Debit Card,Smartphone,Postpaid,Yes,Yes
CUST06731,46,Female,Delhi,22,One Year,No Internet,592.31,13519.41,5.42,269,20,1,0,Net Banking,Tablet,Postpaid,No,Yes
CUST06732,37,Male,Chennai,35,One Year,No Internet,395.07,13631.79,13.08,278,36,1,0,Net Banking,Smartphone,Postpaid,Yes,No
CUST06733,23,Other,Mumbai,4,Month-to-Month,No Internet,248.43,934.02,0.5,250,94,1,0,Credit Card,Smartphone,Prepaid,No,Yes
CUST06734,25,Female,Pune,10,One Year,No Internet,444.77,4231.71,0.99,296,36,2,1,Net Banking,Feature Phone,Postpaid,Yes,No
CUST06735,46,Female,Hyderabad,6,Month-to-Month,Fiber Optic,960.21,5925.26,32.22,609,1,1,0,Debit Card,Feature Phone,Postpaid,No,Yes
CUST06736,65,Male,Bangalore,4,Month-to-Month,Fiber Optic,834.83,,,192,0,2,1,,Smartphone,Prepaid,No,Yes
CUST06737,68,Male,Mumbai,55,Two Year,Fiber Optic,781.92,43476.21,21.16,422,89,5,2,Cash,Tablet,Prepaid,Yes,No
CUST06738,50,Female,Chennai,19,Two Year,DSL,643.4,11238.59,15.98,597,53,1,0,Credit Card,Smartphone,Postpaid,No,No
CUST06739,20,Male,Ahmedabad,27,Two Year,Fiber Optic,810.38,20330.05,77.22,171,60,2,1,UPI,Smartphone,Prepaid,Yes,No
CUST06740,52,Male,Chennai,56,Month-to-Month,No Internet,366.25,20621.75,0.81,475,0,1,0,Debit Card,Smartphone,Postpaid,Yes,No
CUST06741,22,Male,Chennai,48,Two Year,DSL,604.52,27325.55,34.19,215,68,1,0,Credit Card,Smartphone,Prepaid,Yes,No
CUST06742,44,Male,Hyderabad,9,One Year,DSL,496.88,4501.89,15.13,245,25,0,0,Net Banking,Smartphone,Prepaid,Yes,No
CUST06743,61,Female,Bangalore,2,Month-to-Month,Fiber Optic,840.75,1688.26,40.95,178,19,4,1,Credit Card,Smartphone,Prepaid,Yes,Yes
CUST06744,29,Female,Bangalore,44,Two Year,Fiber Optic,1014.2,44102.45,59.67,420,41,3,1,UPI,Smartphone,Postpaid,Yes,No
CUST06745,37,Male,Lucknow,72,Two Year,Fiber Optic,980.09,73971.23,49.22,379,27,3,1,Cash,Tablet,Postpaid,No,No
CUST06746,62,Male,Kolkata,1,One Year,No Internet,178.81,184.38,12.83,398,24,3,1,Credit Card,Smartphone,Prepaid,No,No
CUST06747,37,Female,Bangalore,48,Two Year,Fiber Optic,1011.48,44574.53,48.88,522,0,2,1,UPI,Smartphone,Postpaid,No,No
CUST06748,26,Male,Bangalore,28,Month-to-Month,DSL,520.03,14706.41,40.98,69,51,2,1,UPI,Smartphone,Prepaid,No,No
CUST06749,56,Female,Hyderabad,29,One Year,No Internet,263.71,7856.29,0.5,306,61,2,1,Net Banking,Feature Phone,Prepaid,No,No
CUST06750,21,Female,Pune,7,Month-to-Month,Fiber Optic,994.06,7172.66,74.54,501,8,5,2,Net Banking,Router Only,Postpaid,Yes,Yes
CUST06751,68,Male,Hyderabad,32,Two Year,Fiber Optic,1085.69,33947.99,46.76,395,0,2,1,UPI,Router Only,Postpaid,No,No
CUST06752,36,Female,Pune,41,One Year,DSL,583.01,24588.09,13.02,390,34,0,0,Net Banking,Smartphone,Postpaid,Yes,No
CUST06753,55,Female,Mumbai,27,Two Year,DSL,416.34,11557.66,0.5,295,15,0,0,Cash,Smartphone,Prepaid,Yes,No
CUST06754,44,Male,Bangalore,4,Month-to-Month,No Internet,253.88,998.35,10.18,319,41,3,2,Net Banking,Smartphone,Prepaid,No,Yes
CUST06755,62,Male,Ahmedabad,12,One Year,Fiber Optic,821.4,9671.28,36.05,310,41,4,2,UPI,Smartphone,Prepaid,Yes,No
CUST06756,60,Female,Mumbai,4,Month-to-Month,Fiber Optic,906.49,3598.0,41.84,465,0,7,4,UPI,Smartphone,Postpaid,Yes,Yes
CUST06757,30,Male,Lucknow,5,One Year,Fiber Optic,771.18,3561.26,53.63,90,53,2,1,UPI,Smartphone,Prepaid,Yes,Yes
CUST06758,30,Female,Delhi,16,One Year,DSL,717.07,11597.44,41.57,440,58,1,0,Net Banking,Smartphone,Postpaid,Yes,No
CUST06759,39,Female,Mumbai,24,Month-to-Month,Fiber Optic,1121.02,27807.38,57.44,313,22,1,0,UPI,Router Only,Postpaid,Yes,Yes
CUST06760,45,Male,Hyderabad,45,Month-to-Month,DSL,777.75,34438.71,27.38,496,29,2,1,Credit Card,Router Only,Postpaid,Yes,No
CUST06761,69,Male,Kolkata,2,Month-to-Month,DSL,556.34,1124.39,13.62,422,16,2,1,Debit Card,Smartphone,Prepaid,No,Yes
CUST06762,64,Female,Pune,3,Month-to-Month,DSL,704.88,2068.85,18.0,343,0,2,1,Net Banking,Smartphone,Postpaid,No,Yes
CUST06763,62,Male,Delhi,41,Month-to-Month,Fiber Optic,833.32,33629.33,43.6,275,26,2,1,UPI,Router Only,Prepaid,Yes,Yes
CUST06764,39,Female,Mumbai,2,Month-to-Month,DSL,509.45,1005.21,24.72,297,57,4,1,Net Banking,Smartphone,Prepaid,No,Yes
CUST06765,60,Female,Chennai,1,Month-to-Month,No Internet,341.18,341.18,3.68,147,44,1,0,UPI,Router Only,Prepaid,Yes,Yes
CUST06766,36,Female,Mumbai,39,Two Year,Fiber Optic,817.1,32338.46,46.76,238,74,0,0,Credit Card,Smartphone,Prepaid,No,No
CUST06767,25,Male,Bangalore,46,Two Year,Fiber Optic,681.9,30191.99,62.88,65,34,4,2,Credit Card,Smartphone,Prepaid,Yes,No
CUST06768,69,Female,Hyderabad,32,One Year,DSL,509.11,14808.84,13.35,405,0,0,0,UPI,Smartphone,Prepaid,No,No
CUST06769,25,Female,Chennai,15,Month-to-Month,DSL,642.3,9371.55,23.27,290,41,1,0,Credit Card,Router Only,Prepaid,Yes,Yes
CUST06770,59,Female,Mumbai,16,One Year,Fiber Optic,760.25,11174.42,48.1,270,12,1,0,Cash,Tablet,Prepaid,Yes,No
CUST06771,43,Male,Delhi,2,Month-to-Month,DSL,664.85,1356.14,28.04,377,41,3,1,Credit Card,Smartphone,Postpaid,No,Yes
CUST06772,65,Female,Bangalore,8,One Year,Fiber Optic,1028.6,7617.57,30.47,286,0,0,0,UPI,Smartphone,Postpaid,No,No
CUST06773,68,Female,Delhi,2,Month-to-Month,Fiber Optic,710.53,1471.44,44.49,407,44,4,1,Credit Card,Smartphone,Prepaid,Yes,Yes
CUST06774,43,Male,Hyderabad,9,Month-to-Month,Fiber Optic,778.95,7243.61,33.95,275,55,2,1,Debit Card,Smartphone,Prepaid,Yes,No
CUST06775,40,Other,Ahmedabad,9,One Year,No Internet,498.09,4631.89,0.5,429,0,2,1,Debit Card,Router Only,Postpaid,Yes,No
CUST06776,60,Male,Delhi,9,Month-to-Month,No Internet,151.95,1295.81,0.5,273,72,2,1,Net Banking,Smartphone,Prepaid,Yes,No
CUST06777,30,Male,Delhi,54,Two Year,Fiber Optic,974.3,49852.34,68.88,369,4,3,1,UPI,Tablet,Postpaid,Yes,No
CUST06778,45,Female,Delhi,28,One Year,Fiber Optic,997.82,26663.04,52.25,367,42,1,0,Credit Card,Router Only,Postpaid,Yes,No
CUST06779,26,Male,Ahmedabad,17,Month-to-Month,Fiber Optic,694.62,12187.78,52.17,59,70,0,0,Debit Card,Smartphone,Prepaid,Yes,Yes
CUST06780,37,Female,Delhi,19,One Year,Fiber Optic,903.54,16432.72,53.03,378,77,0,0,UPI,Router Only,Prepaid,Yes,No
CUST06781,36,Female,Lucknow,13,Month-to-Month,No Internet,410.51,5256.13,16.13,129,21,0,0,UPI,Smartphone,Prepaid,No,No
CUST06782,65,Male,Bangalore,18,Month-to-Month,Fiber Optic,735.91,13851.3,35.74,164,30,1,0,Credit Card,Smartphone,Prepaid,No,No
CUST06783,56,Male,Mumbai,4,Month-to-Month,Fiber Optic,992.79,3989.95,41.7,519,5,1,1,Cash,Smartphone,Postpaid,Yes,Yes
CUST06784,68,Female,Delhi,37,Month-to-Month,Fiber Optic,927.2,34975.06,43.35,445,41,2,1,Debit Card,Feature Phone,Postpaid,No,Yes
CUST06785,29,Female,Chennai,3,Month-to-Month,Fiber Optic,1028.52,2989.49,67.68,286,20,4,2,Net Banking,Smartphone,Postpaid,Yes,Yes
CUST06786,32,Female,Chennai,2,Month-to-Month,DSL,598.05,1212.38,29.73,107,76,4,1,Credit Card,Router Only,Prepaid,No,Yes
CUST06787,48,Female,Hyderabad,33,Month-to-Month,DSL,651.3,21918.44,26.09,487,11,2,1,UPI,Router Only,Postpaid,No,Yes
CUST06788,31,Male,Mumbai,4,Month-to-Month,Fiber Optic,1049.01,4206.4,73.07,83,23,2,1,Debit Card,Smartphone,Postpaid,No,Yes
CUST06789,28,Male,Bangalore,17,One Year,Fiber Optic,960.03,17134.83,70.78,404,55,0,0,UPI,Smartphone,Postpaid,Yes,No
CUST06790,43,Female,Mumbai,4,Month-to-Month,DSL,462.45,1686.71,19.92,211,84,1,0,UPI,Feature Phone,Prepaid,Yes,Yes
CUST06791,59,Female,Bangalore,44,Month-to-Month,DSL,558.5,25184.2,11.27,362,42,0,0,Credit Card,Feature Phone,Prepaid,No,No
CUST06792,44,Male,Bangalore,47,Month-to-Month,Fiber Optic,815.87,35758.94,38.36,330,77,3,1,Debit Card,Smartphone,Prepaid,Yes,No
CUST06793,28,Female,Pune,45,Month-to-Month,Fiber Optic,808.98,36188.68,63.03,323,25,3,1,Credit Card,Smartphone,Prepaid,No,No
CUST06794,55,Female,Mumbai,49,Two Year,Fiber Optic,930.39,46618.18,22.5,609,49,2,1,UPI,Router Only,Postpaid,Yes,No
CUST06795,51,Female,Bangalore,24,One Year,Fiber Optic,715.39,17125.33,34.08,98,19,0,0,Net Banking,Smartphone,Prepaid,No,No
CUST06796,60,Male,Bangalore,22,Two Year,Fiber Optic,818.33,16941.82,38.11,104,72,0,0,Debit Card,Smartphone,Prepaid,Yes,No
CUST06797,36,Female,Delhi,0,Month-to-Month,Fiber Optic,917.49,917.49,62.96,380,11,1,0,UPI,Feature Phone,Postpaid,No,No
CUST06798,23,Female,Hyderabad,33,One Year,Fiber Optic,1123.04,36690.45,76.7,387,40,2,1,Credit Card,Router Only,Postpaid,Yes,No
CUST06799,63,Female,Mumbai,55,Two Year,Fiber Optic,708.19,40345.37,31.74,260,14,2,1,Debit Card,Smartphone,Prepaid,No,No
CUST06800,69,Female,Delhi,68,Month-to-Month,Fiber Optic,768.33,52170.63,42.59,70,19,0,0,Credit Card,Feature Phone,Prepaid,No,No
CUST06801,55,Female,Jaipur,29,Month-to-Month,DSL,501.38,14011.53,10.26,247,22,0,0,Credit Card,Smartphone,Prepaid,Yes,No
CUST06802,66,Female,Mumbai,3,Month-to-Month,DSL,653.47,2018.68,25.54,509,5,4,2,Credit Card,Feature Phone,Postpaid,Yes,Yes
CUST06803,59,Female,Bangalore,15,Two Year,Fiber Optic,851.21,12063.35,40.89,179,31,0,0,Net Banking,Smartphone,Prepaid,No,No
CUST06804,45,Male,Ahmedabad,0,Month-to-Month,DSL,567.47,567.47,33.41,210,0,0,0,Cash,Feature Phone,Prepaid,Yes,Yes
CUST06805,18,Male,Delhi,18,One Year,DSL,642.62,10947.41,46.96,248,5,1,0,Net Banking,Smartphone,Postpaid,Yes,No
CUST06806,52,Female,Ahmedabad,6,Month-to-Month,No Internet,223.3,1363.58,0.5,111,50,2,1,Cash,Tablet,Prepaid,No,Yes
CUST06807,57,Male,Mumbai,41,Two Year,DSL,462.49,17636.47,14.12,172,37,1,0,Net Banking,Feature Phone,Prepaid,No,No
CUST06808,25,Male,Chennai,18,One Year,DSL,665.61,11961.52,35.12,191,28,1,0,Credit Card,Router Only,Prepaid,Yes,No
CUST06809,69,Male,Pune,32,Two Year,DSL,546.88,17481.97,12.44,374,62,3,1,UPI,Smartphone,Prepaid,No,No
CUST06810,64,Male,Jaipur,36,Two Year,DSL,439.8,16460.86,25.24,283,0,1,0,Net Banking,Feature Phone,Prepaid,Yes,No
CUST06811,24,Male,Chennai,13,One Year,Fiber Optic,793.39,9965.24,63.68,103,78,0,0,UPI,Smartphone,Prepaid,Yes,No
CUST06812,28,Male,Bangalore,9,One Year,Fiber Optic,950.81,8338.65,72.31,345,0,2,1,UPI,Smartphone,Postpaid,No,Yes
CUST06813,56,Female,Chennai,41,One Year,Fiber Optic,947.18,38438.57,34.19,478,15,1,0,UPI,Smartphone,Postpaid,Yes,Yes
CUST06814,21,Female,Mumbai,21,Month-to-Month,Fiber Optic,853.7,16476.22,67.86,113,96,1,0,UPI,Smartphone,Prepaid,Yes,No
CUST06815,42,Female,Pune,59,Month-to-Month,Fiber Optic,780.07,44563.33,52.61,300,101,0,0,Debit Card,Smartphone,Prepaid,Yes,No
CUST06816,29,Male,Mumbai,26,Month-to-Month,Fiber Optic,860.9,20649.04,36.58,146,81,1,1,UPI,Tablet,Prepaid,Yes,No
CUST06817,43,Female,Hyderabad,8,Month-to-Month,No Internet,344.54,2806.4,7.71,437,50,0,0,Credit Card,Feature Phone,Postpaid,No,No
CUST06818,55,Female,Chennai,31,Two Year,Fiber Optic,781.04,22978.47,28.18,103,17,3,1,Credit Card,Smartphone,Prepaid,Yes,No
CUST06819,63,Female,Jaipur,1,Month-to-Month,DSL,475.3,475.3,18.59,449,19,2,1,Cash,Smartphone,Prepaid,No,No
CUST06820,29,Male,Bangalore,13,One Year,No Internet,237.33,2907.79,0.5,277,73,0,0,UPI,Smartphone,Prepaid,Yes,No
CUST06821,60,Male,Kolkata,7,Month-to-Month,DSL,809.67,5319.55,6.96,386,0,2,1,Net Banking,Router Only,Postpaid,No,Yes
CUST06822,68,Female,Delhi,5,Month-to-Month,DSL,558.36,2926.17,14.71,360,80,2,1,Net Banking,Smartphone,Prepaid,Yes,Yes
CUST06823,54,Female,Delhi,2,Month-to-Month,DSL,717.2,1470.17,22.38,483,7,1,0,Debit Card,Smartphone,Postpaid,No,No
CUST06824,63,Female,Hyderabad,1,Month-to-Month,Fiber Optic,736.11,736.11,41.62,150,0,3,1,Net Banking,Smartphone,Prepaid,No,Yes
CUST06825,41,Female,Chennai,23,Month-to-Month,Fiber Optic,900.16,21206.01,41.64,425,60,1,0,Credit Card,Smartphone,Postpaid,No,Yes
CUST06826,33,Male,Chennai,40,One Year,No Internet,332.95,13337.93,0.5,241,13,2,1,Net Banking,Smartphone,Postpaid,No,No
CUST06827,30,Female,Kolkata,27,One Year,Fiber Optic,985.9,25591.64,52.16,370,72,1,1,UPI,Smartphone,Postpaid,Yes,Yes
CUST06828,42,Male,Mumbai,12,One Year,No Internet,546.37,5928.33,0.5,269,58,1,0,Cash,Router Only,Postpaid,Yes,No
CUST06829,69,Female,Chennai,12,One Year,Fiber Optic,926.51,11529.81,32.33,285,0,1,0,Net Banking,Tablet,Postpaid,Yes,No
CUST06830,21,Other,Mumbai,53,Two Year,DSL,664.91,32915.29,29.77,247,31,0,0,Debit Card,Feature Phone,Postpaid,Yes,No
CUST06831,28,Female,Mumbai,39,One Year,DSL,474.81,18678.89,39.67,126,80,2,1,Net Banking,Smartphone,Prepaid,No,No
CUST06832,49,Male,Delhi,2,Month-to-Month,No Internet,353.84,723.47,0.5,481,0,4,1,UPI,Smartphone,Postpaid,Yes,Yes
CUST06833,66,Male,Kolkata,2,Month-to-Month,Fiber Optic,952.09,1881.36,43.15,338,28,1,0,Credit Card,Smartphone,Postpaid,No,Yes
CUST06834,24,Female,Hyderabad,17,Month-to-Month,No Internet,191.49,3250.5,0.5,153,119,2,1,Net Banking,Smartphone,Prepaid,No,Yes
CUST06835,63,Female,Mumbai,4,Month-to-Month,Fiber Optic,671.92,2446.63,30.26,252,41,5,2,Cash,Smartphone,Prepaid,No,Yes
CUST06836,28,Female,Hyderabad,1,Month-to-Month,DSL,524.82,524.82,38.9,310,17,3,1,Credit Card,Smartphone,Prepaid,No,Yes
CUST06837,45,Female,Bangalore,44,Two Year,DSL,446.59,18559.07,22.84,134,49,1,1,Cash,Tablet,Prepaid,Yes,No
CUST06838,58,Male,Ahmedabad,10,Month-to-Month,Fiber Optic,937.84,9239.42,34.3,465,7,1,1,UPI,Smartphone,Postpaid,No,No
CUST06839,40,Female,Hyderabad,15,One Year,DSL,579.72,8614.31,20.8,479,89,2,1,Credit Card,Smartphone,Postpaid,No,Yes
CUST06840,62,Female,Delhi,4,Month-to-Month,Fiber Optic,1001.7,3650.18,30.57,415,0,2,1,UPI,Smartphone,Postpaid,No,Yes
CUST06841,40,Female,Lucknow,3,Month-to-Month,Fiber Optic,991.32,2871.58,55.6,418,9,1,0,Net Banking,Smartphone,Postpaid,Yes,Yes
CUST06842,67,Male,Delhi,51,Two Year,DSL,542.29,28404.92,18.93,248,44,0,0,UPI,Tablet,Prepaid,Yes,No
CUST06843,45,Female,Pune,9,Month-to-Month,No Internet,316.82,2618.0,0.5,413,18,1,0,UPI,Smartphone,Postpaid,No,Yes
CUST06844,60,Male,Bangalore,23,Two Year,DSL,771.81,17971.37,24.86,558,0,2,1,Net Banking,Smartphone,Postpaid,Yes,No
CUST06845,64,Female,Mumbai,22,Month-to-Month,DSL,515.14,11138.01,14.7,420,15,1,0,Net Banking,Smartphone,Prepaid,No,Yes
CUST06846,43,Female,Pune,40,Two Year,DSL,524.35,20809.0,32.95,261,62,1,0,Credit Card,Smartphone,Prepaid,No,No
CUST06847,42,Male,Delhi,47,One Year,No Internet,160.99,6834.61,0.5,162,89,1,0,UPI,Smartphone,Prepaid,Yes,No
CUST06848,46,Male,Ahmedabad,34,One Year,No Internet,255.73,8951.93,0.5,188,0,2,1,Credit Card,Smartphone,Prepaid,Yes,No
CUST06849,36,Female,Mumbai,42,Two Year,DSL,498.17,21663.84,22.36,202,82,0,0,UPI,Smartphone,Prepaid,Yes,No
CUST06850,50,Female,Bangalore,15,Month-to-Month,Fiber Optic,812.16,12103.62,49.49,404,47,2,1,Cash,Router Only,Prepaid,No,No
CUST06851,53,Male,Chennai,7,Month-to-Month,Fiber Optic,909.34,6672.29,39.86,390,0,2,1,Credit Card,Smartphone,Postpaid,Yes,Yes
CUST06852,31,Male,Delhi,12,Month-to-Month,Fiber Optic,892.46,10123.69,57.08,226,47,3,1,Debit Card,Smartphone,Prepaid,No,No
CUST06853,31,Female,Hyderabad,3,Month-to-Month,No Internet,356.35,995.63,0.5,533,48,1,0,Cash,Smartphone,Postpaid,Yes,Yes
CUST06854,52,Female,Jaipur,14,Month-to-Month,No Internet,489.39,6317.22,31.56,350,6,2,1,Net Banking,Router Only,Postpaid,No,No
CUST06855,47,Male,Pune,25,Two Year,DSL,713.67,16541.17,24.48,475,0,2,1,Credit Card,Router Only,Postpaid,No,No
CUST06856,45,Female,Bangalore,10,Month-to-Month,No Internet,279.0,2525.34,15.76,190,46,2,1,UPI,Smartphone,Prepaid,Yes,No
CUST06857,34,Male,Pune,16,Two Year,Fiber Optic,1101.04,17713.79,61.64,275,22,4,2,Cash,Router Only,Postpaid,Yes,Yes
CUST06858,20,Male,Jaipur,45,Two Year,DSL,700.33,32018.37,25.2,308,90,2,1,UPI,Feature Phone,Postpaid,No,No
CUST06859,33,Male,Mumbai,27,One Year,DSL,753.0,18333.71,34.09,406,54,2,1,UPI,Router Only,Postpaid,No,No
CUST06860,63,Female,Hyderabad,44,Two Year,DSL,566.99,23327.34,17.63,160,27,1,0,UPI,Tablet,Prepaid,No,No
CUST06861,47,Male,Mumbai,24,One Year,DSL,598.49,13397.36,22.97,504,28,2,1,UPI,Smartphone,Postpaid,Yes,No
CUST06862,69,Female,Ahmedabad,0,Month-to-Month,Fiber Optic,786.8,786.8,43.77,403,28,2,1,UPI,Tablet,Prepaid,Yes,Yes
CUST06863,46,Male,Pune,36,One Year,DSL,631.42,23144.34,29.66,442,57,0,0,Credit Card,Feature Phone,Postpaid,Yes,No
CUST06864,62,Other,Kolkata,0,One Year,DSL,719.98,719.98,8.06,390,0,2,1,UPI,Smartphone,Postpaid,Yes,No
CUST06865,32,Female,Lucknow,3,Month-to-Month,No Internet,278.2,846.54,0.94,424,79,2,1,Cash,Tablet,Postpaid,No,Yes
CUST06866,63,Female,Mumbai,25,Month-to-Month,DSL,559.45,14082.74,28.38,540,6,0,0,Cash,Feature Phone,Postpaid,No,No
CUST06867,42,Female,Delhi,5,Month-to-Month,Fiber Optic,807.44,4094.0,37.87,184,68,5,2,UPI,Router Only,Prepaid,Yes,Yes
CUST06868,68,Female,Mumbai,12,Month-to-Month,DSL,491.64,5806.95,21.59,270,23,2,1,UPI,Smartphone,Prepaid,No,Yes
CUST06869,55,Female,Bangalore,64,Two Year,Fiber Optic,930.8,58492.85,36.39,388,3,2,1,Debit Card,Smartphone,Postpaid,No,No
CUST06870,59,Male,Chennai,8,Month-to-Month,Fiber Optic,794.73,6506.26,26.3,228,7,3,1,Credit Card,Router Only,Prepaid,Yes,No
CUST06871,64,Male,Kolkata,29,Month-to-Month,DSL,694.1,19964.44,12.25,494,16,0,0,Net Banking,Smartphone,Postpaid,No,No
CUST06872,69,Female,Bangalore,9,Month-to-Month,Fiber Optic,848.98,7043.95,40.74,396,27,1,0,Credit Card,Smartphone,Prepaid,Yes,No
CUST06873,55,Male,Hyderabad,4,Month-to-Month,DSL,507.03,2088.73,13.32,335,80,4,1,Debit Card,Smartphone,Prepaid,Yes,No
CUST06874,40,Male,Kolkata,17,Month-to-Month,Fiber Optic,868.41,14353.55,57.97,421,76,3,1,Net Banking,Tablet,Postpaid,Yes,No
CUST06875,42,Female,Mumbai,20,Month-to-Month,Fiber Optic,1107.07,20764.52,43.77,323,20,2,1,UPI,Smartphone,Postpaid,Yes,No
CUST06876,59,Male,Mumbai,38,Two Year,Fiber Optic,948.79,34479.7,41.35,274,3,3,1,UPI,Router Only,Prepaid,Yes,No
CUST06877,24,Female,Chennai,0,Month-to-Month,Fiber Optic,967.29,967.29,50.3,284,62,1,1,Net Banking,Router Only,Prepaid,No,Yes
CUST06878,39,Male,Bangalore,22,One Year,Fiber Optic,740.98,15634.3,48.78,354,50,2,1,UPI,Smartphone,Prepaid,No,No
CUST06879,34,Female,Lucknow,24,Month-to-Month,Fiber Optic,742.56,17622.7,51.65,112,87,0,0,Credit Card,Smartphone,Prepaid,No,Yes
CUST06880,35,Female,Bangalore,21,Two Year,Fiber Optic,726.57,15016.09,55.24,215,50,2,1,Cash,Smartphone,Prepaid,No,No
CUST06881,66,Female,Kolkata,21,One Year,Fiber Optic,922.87,19046.71,48.63,656,0,1,0,Net Banking,Smartphone,Postpaid,No,Yes
CUST06882,58,Male,Chennai,26,One Year,Fiber Optic,775.27,19851.52,40.2,238,0,4,2,UPI,Smartphone,Prepaid,No,No
CUST06883,27,Female,Delhi,35,One Year,Fiber Optic,933.45,30967.84,56.33,381,36,2,1,UPI,Smartphone,Postpaid,Yes,No
CUST06884,27,Female,Delhi,9,One Year,Fiber Optic,854.91,7919.57,55.56,338,49,4,2,Debit Card,Tablet,Prepaid,Yes,No
CUST06885,24,Female,Mumbai,5,Month-to-Month,Fiber Optic,1097.2,5375.42,59.12,401,59,3,2,UPI,Router Only,Postpaid,No,Yes
CUST06886,65,Female,Delhi,10,Month-to-Month,DSL,546.63,4957.19,30.41,364,0,0,0,Net Banking,Smartphone,Prepaid,Yes,Yes
CUST06887,67,Male,Mumbai,18,Month-to-Month,Fiber Optic,1023.62,17396.65,26.83,421,20,4,2,Debit Card,Feature Phone,Postpaid,Yes,Yes
CUST06888,55,Female,Chennai,8,Month-to-Month,DSL,665.22,5362.0,32.97,397,28,0,0,UPI,Smartphone,Postpaid,Yes,No
CUST06889,44,Female,Chennai,6,Month-to-Month,Fiber Optic,1165.7,6993.06,32.3,265,13,2,1,UPI,Router Only,Postpaid,No,Yes
CUST06890,69,Male,Chennai,30,Two Year,No Internet,405.63,11307.36,0.5,572,3,0,0,Cash,Smartphone,Postpaid,Yes,No
CUST06891,50,Female,Delhi,0,Month-to-Month,Fiber Optic,976.48,976.48,54.57,407,46,5,1,Debit Card,Smartphone,Postpaid,No,Yes
CUST06892,18,Female,Chennai,41,Month-to-Month,DSL,443.88,18087.84,44.61,127,70,1,0,Net Banking,Smartphone,Prepaid,No,No
CUST06893,61,Female,Bangalore,40,Two Year,Fiber Optic,751.56,28531.24,36.09,344,43,0,0,Debit Card,Smartphone,Prepaid,Yes,No
CUST06894,51,Male,Jaipur,29,Two Year,DSL,667.15,18551.98,32.6,433,12,0,0,Credit Card,Smartphone,Postpaid,Yes,No
CUST06895,21,Female,Jaipur,43,Two Year,DSL,494.94,22089.95,41.85,63,35,2,1,Net Banking,Smartphone,Prepaid,Yes,No
CUST06896,34,Other,Kolkata,19,One Year,Fiber Optic,1038.26,19029.96,56.56,343,38,4,2,UPI,Smartphone,Postpaid,Yes,No
CUST06897,21,Female,Pune,23,Month-to-Month,Fiber Optic,888.19,19124.31,66.8,458,0,1,0,UPI,Smartphone,Postpaid,Yes,Yes
CUST06898,60,Female,Delhi,44,Two Year,No Internet,322.72,13511.75,0.5,404,12,1,0,UPI,Smartphone,Postpaid,No,No
CUST06899,43,Female,Delhi,60,Month-to-Month,No Internet,266.91,15686.73,6.15,199,66,2,1,Net Banking,Smartphone,Prepaid,Yes,No
CUST06900,21,Female,Ahmedabad,6,Month-to-Month,DSL,467.44,2590.52,26.46,7,108,0,0,Net Banking,Tablet,Prepaid,Yes,Yes
CUST06901,18,Female,Bangalore,6,Month-to-Month,No Internet,396.63,2160.0,3.03,325,72,0,0,Net Banking,Smartphone,Postpaid,No,Yes
CUST06902,24,Male,Bangalore,16,One Year,Fiber Optic,823.08,12649.73,71.26,189,120,1,0,Debit Card,Smartphone,Prepaid,Yes,No
CUST06903,47,Male,Ahmedabad,0,Month-to-Month,DSL,522.21,522.21,10.16,348,25,4,2,Net Banking,Smartphone,Prepaid,Yes,Yes
CUST06904,67,Male,Chennai,29,One Year,Fiber Optic,918.31,27671.34,47.4,504,24,2,1,Debit Card,Smartphone,Postpaid,Yes,No
CUST06905,26,Male,Delhi,0,Month-to-Month,DSL,619.67,619.67,34.49,329,3,4,1,Credit Card,Smartphone,Postpaid,Yes,Yes
CUST06906,52,Male,Mumbai,40,Month-to-Month,DSL,558.68,20683.73,30.74,348,58,2,1,Credit Card,Smartphone,Prepaid,Yes,No
CUST06907,25,Male,Delhi,1,Month-to-Month,Fiber Optic,801.38,801.38,53.69,198,67,1,0,Net Banking,Smartphone,Prepaid,No,Yes
CUST06908,41,Female,Pune,11,Month-to-Month,DSL,679.59,7319.87,26.81,396,21,1,1,Debit Card,Smartphone,Postpaid,Yes,No
CUST06909,36,Male,Hyderabad,45,Two Year,Fiber Optic,944.5,42567.13,50.39,510,27,2,1,Debit Card,Tablet,Postpaid,Yes,No
CUST06910,53,Male,Lucknow,25,Two Year,Fiber Optic,935.46,23348.86,28.67,436,15,3,1,UPI,Smartphone,Postpaid,Yes,No
CUST06911,67,Male,Pune,15,Month-to-Month,No Internet,356.94,5035.98,0.5,459,11,0,0,Net Banking,Smartphone,Postpaid,No,No
CUST06912,69,Female,Delhi,20,Two Year,No Internet,286.14,5440.79,7.12,340,59,0,0,UPI,Smartphone,Prepaid,Yes,No
CUST06913,60,Male,Delhi,22,One Year,Fiber Optic,817.07,18786.93,30.97,226,5,3,1,UPI,Smartphone,Prepaid,Yes,Yes
CUST06914,44,Male,Hyderabad,23,Month-to-Month,DSL,440.54,9767.78,29.39,406,17,2,1,Cash,Smartphone,Prepaid,No,Yes
CUST06915,49,Male,Jaipur,12,One Year,Fiber Optic,1000.88,11977.38,40.23,337,2,2,1,Net Banking,Smartphone,Postpaid,Yes,No
CUST06916,31,Female,Mumbai,27,Two Year,Fiber Optic,707.18,18618.42,68.92,329,91,1,0,Debit Card,Smartphone,Prepaid,Yes,No
CUST06917,35,Female,Ahmedabad,22,Month-to-Month,No Internet,313.4,7089.35,0.5,271,40,3,1,Cash,Smartphone,Prepaid,No,Yes
CUST06918,45,Female,Mumbai,3,Month-to-Month,Fiber Optic,755.19,2323.69,41.78,278,32,1,1,Debit Card,Tablet,Prepaid,Yes,Yes
CUST06919,46,Male,Mumbai,22,Month-to-Month,Fiber Optic,913.59,20045.48,50.57,266,55,0,0,UPI,Router Only,Prepaid,No,Yes
CUST06920,33,Female,Jaipur,38,Month-to-Month,Fiber Optic,796.65,31476.28,47.04,237,49,2,1,Net Banking,Smartphone,Prepaid,No,No
CUST06921,52,Female,Delhi,19,Month-to-Month,Fiber Optic,738.33,13062.58,36.56,378,36,1,0,UPI,Smartphone,Prepaid,Yes,No
CUST06922,64,Male,Pune,21,One Year,Fiber Optic,927.5,19097.36,36.01,439,40,2,1,Net Banking,Feature Phone,Postpaid,No,No
CUST06923,48,Male,Delhi,39,Two Year,DSL,731.17,26666.97,29.54,542,24,4,2,Cash,Tablet,Postpaid,No,No
CUST06924,21,Male,Kolkata,4,Month-to-Month,Fiber Optic,997.56,3652.57,60.66,264,43,2,1,Cash,Smartphone,Postpaid,No,Yes
CUST06925,54,Female,Ahmedabad,3,Month-to-Month,Fiber Optic,1023.64,3119.46,45.18,339,0,3,1,Debit Card,Feature Phone,Postpaid,Yes,Yes
CUST06926,34,Male,Jaipur,19,One Year,Fiber Optic,1001.81,18880.31,45.76,520,11,0,0,Cash,Router Only,Postpaid,Yes,No
CUST06927,56,Male,Mumbai,20,Month-to-Month,Fiber Optic,756.61,13854.87,41.14,218,24,0,0,Debit Card,Feature Phone,Prepaid,No,Yes
CUST06928,65,Male,Delhi,27,Two Year,Fiber Optic,782.32,22143.4,30.05,253,16,1,0,UPI,Smartphone,Prepaid,No,No
CUST06929,63,Female,Hyderabad,31,Two Year,Fiber Optic,946.14,26765.66,34.84,418,29,0,0,Net Banking,Smartphone,Postpaid,Yes,Yes
CUST06930,43,Female,Mumbai,45,Two Year,Fiber Optic,748.11,33769.02,46.63,306,105,2,1,Cash,Smartphone,Prepaid,No,No
CUST06931,65,Female,Chennai,12,One Year,Fiber Optic,950.39,11297.55,43.59,419,0,3,1,Credit Card,Smartphone,Postpaid,Yes,Yes
CUST06932,56,Female,Hyderabad,8,Month-to-Month,Fiber Optic,970.13,7467.13,50.89,464,43,3,1,Cash,Tablet,Postpaid,No,No
CUST06933,58,Female,Delhi,3,Month-to-Month,DSL,816.27,2520.15,22.32,223,66,3,1,Cash,Router Only,Postpaid,No,Yes
CUST06934,21,Male,Pune,29,One Year,Fiber Optic,804.97,22233.55,67.33,31,35,2,1,Cash,Smartphone,Prepaid,No,No
CUST06935,47,Male,Kolkata,14,Two Year,Fiber Optic,822.64,11786.93,49.58,180,72,8,4,Credit Card,Smartphone,Prepaid,Yes,No
CUST06936,47,Female,Lucknow,10,Month-to-Month,DSL,451.33,4463.66,19.11,186,84,0,0,Net Banking,Smartphone,Prepaid,No,Yes
CUST06937,39,Other,Bangalore,7,Month-to-Month,No Internet,303.54,2037.4,7.74,100,38,0,0,UPI,Tablet,Postpaid,Yes,No
CUST06938,28,Female,Bangalore,39,Two Year,No Internet,468.15,17373.8,27.62,313,2,0,0,Credit Card,Feature Phone,Postpaid,Yes,No
CUST06939,19,Male,Mumbai,9,Month-to-Month,No Internet,255.15,2156.64,6.72,145,42,0,0,Cash,Smartphone,Prepaid,No,No
CUST06940,61,Male,Mumbai,0,Month-to-Month,No Internet,306.04,306.04,8.95,417,0,1,0,Credit Card,Feature Phone,Prepaid,Yes,Yes
CUST06941,29,Male,Mumbai,37,Two Year,DSL,475.58,17475.33,10.12,166,84,1,0,Debit Card,Smartphone,Prepaid,Yes,No
CUST06942,47,Female,Lucknow,16,Month-to-Month,No Internet,179.76,2784.61,6.4,55,39,1,0,Credit Card,Tablet,Prepaid,Yes,Yes
CUST06943,53,Female,Delhi,12,Month-to-Month,DSL,564.94,6444.25,15.02,441,7,4,2,Debit Card,Smartphone,Postpaid,Yes,No
CUST06944,35,Female,Mumbai,26,One Year,Fiber Optic,746.8,17986.27,55.23,251,33,1,0,UPI,Feature Phone,Prepaid,Yes,No
CUST06945,43,Female,Delhi,13,One Year,Fiber Optic,741.86,8681.13,43.56,160,59,3,1,Cash,Smartphone,Prepaid,Yes,No
CUST06946,24,Male,Mumbai,0,Month-to-Month,DSL,529.65,529.65,29.19,341,78,4,2,Cash,Smartphone,Prepaid,No,Yes
CUST06947,18,Male,Delhi,18,Month-to-Month,No Internet,242.59,4493.07,0.5,272,51,1,1,UPI,Smartphone,Prepaid,Yes,Yes
CUST06948,43,Male,Hyderabad,19,One Year,Fiber Optic,956.18,17308.7,46.9,162,43,0,0,UPI,Router Only,Prepaid,No,No
CUST06949,40,Female,Bangalore,25,Month-to-Month,Fiber Optic,932.5,22873.69,44.72,524,0,0,0,Credit Card,Smartphone,Postpaid,Yes,Yes
CUST06950,43,Male,Delhi,24,Month-to-Month,DSL,731.31,17371.07,30.01,493,34,0,0,UPI,Smartphone,Postpaid,No,Yes
CUST06951,62,Female,Delhi,20,Month-to-Month,DSL,536.93,10062.89,5.48,234,29,3,1,Cash,Smartphone,Prepaid,Yes,Yes
CUST06952,23,Female,Chennai,22,One Year,No Internet,245.83,5263.29,13.25,183,67,0,0,Credit Card,Smartphone,Prepaid,No,No
CUST06953,23,Male,Bangalore,7,One Year,No Internet,208.87,1461.89,0.5,0,44,0,0,Debit Card,Smartphone,Prepaid,Yes,No
CUST06954,61,Male,Delhi,24,One Year,Fiber Optic,1040.99,25769.3,46.82,466,0,3,1,Net Banking,Smartphone,Postpaid,No,No
CUST06955,25,Male,Jaipur,31,One Year,Fiber Optic,773.86,,,210,88,0,0,,Tablet,Prepaid,Yes,No
CUST06956,41,Female,Bangalore,26,One Year,Fiber Optic,938.94,25154.57,29.87,341,73,3,2,Debit Card,Router Only,Prepaid,Yes,Yes
CUST06957,39,Male,Chennai,9,Month-to-Month,No Internet,298.48,2819.38,0.5,231,80,0,0,Net Banking,Smartphone,Prepaid,Yes,No
CUST06958,36,Male,Jaipur,30,Two Year,Fiber Optic,1027.26,28948.36,49.03,366,39,3,1,Credit Card,Smartphone,Postpaid,Yes,No
CUST06959,54,Female,Bangalore,30,Two Year,Fiber Optic,744.87,22546.83,52.18,331,0,2,1,Net Banking,Tablet,Prepaid,Yes,No
CUST06960,35,Female,Ahmedabad,1,Month-to-Month,Fiber Optic,945.47,945.47,48.11,236,95,2,1,UPI,Feature Phone,Prepaid,Yes,Yes
CUST06961,48,Female,Jaipur,3,Month-to-Month,Fiber Optic,908.79,2693.37,50.46,259,38,4,2,Net Banking,Tablet,Prepaid,No,Yes
CUST06962,54,Female,Delhi,18,One Year,Fiber Optic,1081.82,18371.13,32.32,448,51,1,0,UPI,Router Only,Postpaid,Yes,Yes
CUST06963,47,Female,Jaipur,16,One Year,No Internet,315.73,5189.69,0.5,378,32,1,1,Debit Card,Smartphone,Postpaid,No,No
CUST06964,59,Female,Delhi,12,Month-to-Month,DSL,548.71,6705.55,22.08,35,40,0,0,UPI,Smartphone,Prepaid,No,Yes
CUST06965,50,Male,Mumbai,17,One Year,No Internet,300.09,5219.94,8.17,283,23,0,0,Credit Card,Smartphone,Prepaid,No,No
CUST06966,27,Male,Kolkata,14,One Year,Fiber Optic,720.77,10590.74,59.25,84,53,2,1,Debit Card,Smartphone,Prepaid,No,No
CUST06967,54,Female,Jaipur,48,Two Year,DSL,639.38,29043.44,20.89,288,5,0,0,UPI,Smartphone,Postpaid,No,No
CUST06968,29,Female,Pune,3,Month-to-Month,DSL,570.03,1789.11,17.76,193,55,3,1,Debit Card,Smartphone,Prepaid,No,Yes
CUST06969,47,Female,Delhi,1,Month-to-Month,DSL,618.45,618.45,31.69,393,53,2,1,Net Banking,Router Only,Postpaid,No,Yes
CUST06970,44,Female,Hyderabad,18,One Year,Fiber Optic,1071.39,17618.76,33.55,361,0,1,0,UPI,Router Only,Postpaid,No,Yes
CUST06971,56,Female,Chennai,30,Two Year,DSL,516.55,13970.69,14.37,380,48,0,0,Debit Card,Smartphone,Prepaid,Yes,No
CUST06972,26,Male,Mumbai,34,Month-to-Month,DSL,432.32,13745.57,32.31,408,96,1,0,Debit Card,Smartphone,Prepaid,Yes,Yes
CUST06973,38,Male,Lucknow,34,One Year,Fiber Optic,832.82,26811.88,59.02,76,53,1,0,Cash,Smartphone,Prepaid,Yes,No
CUST06974,29,Male,Bangalore,8,Month-to-Month,Fiber Optic,951.65,7204.94,52.48,364,36,3,1,Credit Card,Tablet,Postpaid,No,Yes
CUST06975,46,Female,Mumbai,18,One Year,Fiber Optic,898.34,16808.67,32.94,254,36,1,0,UPI,Router Only,Prepaid,No,No
CUST06976,50,Male,Delhi,57,Two Year,Fiber Optic,821.63,44348.94,48.25,314,13,2,1,Debit Card,Smartphone,Prepaid,Yes,No
CUST06977,60,Male,Bangalore,33,One Year,Fiber Optic,792.75,26131.73,39.53,332,26,4,2,Debit Card,Smartphone,Prepaid,No,No
CUST06978,32,Male,Pune,37,Two Year,Fiber Optic,788.32,,,270,79,2,1,,Feature Phone,Prepaid,Yes,No
CUST06979,19,Male,Mumbai,28,One Year,Fiber Optic,925.01,24452.23,73.24,371,63,1,0,Net Banking,Smartphone,Postpaid,Yes,No
CUST06980,69,Male,Kolkata,41,Two Year,DSL,660.36,28328.25,22.06,719,22,0,0,Net Banking,Smartphone,Postpaid,No,No
CUST06981,56,Male,Delhi,0,Month-to-Month,No Internet,203.98,203.98,0.91,442,42,1,1,UPI,Smartphone,Prepaid,No,Yes
CUST06982,61,Female,Bangalore,8,Month-to-Month,Fiber Optic,1074.11,8780.85,38.85,267,11,0,0,UPI,Smartphone,Postpaid,Yes,No
CUST06983,35,Male,Pune,10,Month-to-Month,Fiber Optic,892.19,8790.78,45.45,325,0,2,1,UPI,Smartphone,Postpaid,No,No
CUST06984,20,Male,Delhi,72,Month-to-Month,DSL,681.09,49854.66,46.79,205,60,1,0,UPI,Smartphone,Postpaid,Yes,No
CUST06985,24,Female,Chennai,16,Month-to-Month,DSL,687.55,10907.3,25.88,483,27,1,1,Credit Card,Router Only,Postpaid,Yes,Yes
CUST06986,60,Female,Kolkata,23,One Year,DSL,849.22,18999.16,12.89,473,14,0,0,UPI,Smartphone,Postpaid,Yes,No
CUST06987,35,Male,Chennai,23,Two Year,DSL,605.2,,,405,43,0,0,Debit Card,Smartphone,Postpaid,No,No
CUST06988,61,Male,Hyderabad,26,One Year,DSL,609.74,16219.62,21.86,315,40,0,0,UPI,Smartphone,Prepaid,Yes,No
CUST06989,55,Female,Ahmedabad,6,Month-to-Month,No Internet,314.27,1809.05,0.5,360,71,1,0,UPI,Router Only,Prepaid,No,No
CUST06990,54,Male,Lucknow,27,Two Year,No Internet,298.52,7304.18,15.73,104,76,2,1,Cash,Tablet,Prepaid,No,No
CUST06991,50,Male,Mumbai,15,Month-to-Month,DSL,600.02,9350.48,25.53,40,90,1,0,UPI,Router Only,Prepaid,Yes,No
CUST06992,61,Male,Pune,23,One Year,No Internet,419.52,9816.39,0.5,523,33,1,0,UPI,Smartphone,Postpaid,No,No
CUST06993,48,Male,Delhi,41,Two Year,DSL,673.79,28417.37,29.38,381,29,2,1,UPI,Tablet,Postpaid,Yes,No
CUST06994,28,Female,Delhi,28,Two Year,DSL,692.96,17531.57,28.25,323,33,0,0,UPI,Smartphone,Postpaid,No,No
CUST06995,21,Female,Mumbai,12,Month-to-Month,DSL,685.09,8476.84,31.97,235,64,2,1,Debit Card,Smartphone,Postpaid,Yes,Yes
CUST06996,35,Female,Lucknow,50,Two Year,No Internet,240.88,11686.69,18.96,80,79,1,0,Debit Card,Smartphone,Prepaid,No,No
CUST06997,21,Female,Hyderabad,16,One Year,No Internet,405.48,6724.84,0.5,403,66,1,0,UPI,Smartphone,Postpaid,Yes,No
CUST06998,66,Male,Mumbai,17,Month-to-Month,Fiber Optic,956.59,16324.14,42.88,398,20,0,0,Net Banking,Smartphone,Postpaid,Yes,Yes
CUST06999,51,Female,Delhi,7,Month-to-Month,DSL,650.23,4387.06,13.93,356,15,1,0,Net Banking,Smartphone,Postpaid,No,No
CUST07000,46,Male,Jaipur,30,Month-to-Month,No Internet,391.13,10778.26,5.06,325,32,2,1,UPI,Smartphone,Postpaid,No,No
CUST07001,41,Male,Bangalore,9,Month-to-Month,Fiber Optic,1078.26,9545.63,36.05,218,31,0,0,Debit Card,Router Only,Postpaid,No,Yes
CUST07002,39,Female,Mumbai,15,One Year,Fiber Optic,929.31,14028.01,56.55,379,4,2,1,Net Banking,Feature Phone,Postpaid,Yes,No
CUST07003,19,Female,Ahmedabad,1,Month-to-Month,Fiber Optic,1008.24,1044.14,70.21,339,46,4,2,Cash,Smartphone,Postpaid,No,Yes
CUST07004,61,Male,Chennai,11,One Year,DSL,679.29,7717.25,26.56,359,0,2,1,Credit Card,Router Only,Prepaid,Yes,No
CUST07005,23,Female,Delhi,19,One Year,DSL,632.04,11273.79,43.18,276,24,4,1,Net Banking,Smartphone,Postpaid,No,No
CUST07006,59,Male,Bangalore,9,Two Year,Fiber Optic,832.58,6828.27,40.97,97,50,0,0,Credit Card,Smartphone,Prepaid,No,No
CUST07007,42,Male,Jaipur,13,Month-to-Month,DSL,479.55,6050.0,20.48,310,18,0,0,Cash,Smartphone,Prepaid,No,Yes
CUST07008,38,Male,Jaipur,50,Two Year,No Internet,209.81,9876.43,0.5,197,85,1,0,UPI,Smartphone,Prepaid,No,No
CUST07009,33,Female,Delhi,49,Two Year,Fiber Optic,764.43,35494.83,39.64,36,85,1,0,Credit Card,Smartphone,Prepaid,No,No
CUST07010,48,Female,Mumbai,22,One Year,Fiber Optic,1004.76,22107.21,42.83,511,6,0,0,Credit Card,Router Only,Postpaid,No,No
CUST07011,31,Female,Delhi,20,One Year,No Internet,308.23,6238.52,1.19,149,25,2,1,UPI,Smartphone,Postpaid,Yes,No
CUST07012,56,Male,Hyderabad,28,Month-to-Month,No Internet,633.78,17923.82,0.5,421,20,4,2,UPI,Router Only,Postpaid,Yes,Yes
CUST07013,45,Male,Kolkata,36,Two Year,Fiber Optic,945.85,34819.58,35.69,246,38,0,0,UPI,Smartphone,Postpaid,Yes,No
CUST07014,49,Female,Mumbai,20,One Year,DSL,767.56,13916.16,19.14,406,9,0,0,UPI,Router Only,Postpaid,No,No
CUST07015,45,Male,Kolkata,43,Month-to-Month,DSL,615.68,27660.51,17.51,335,59,1,0,UPI,Smartphone,Postpaid,Yes,No
CUST07016,68,Male,Pune,5,Month-to-Month,Fiber Optic,930.0,4421.08,37.7,413,0,5,3,Net Banking,Smartphone,Postpaid,No,Yes
CUST07017,66,Female,Pune,27,One Year,No Internet,175.01,4512.94,0.5,210,3,4,2,Cash,Smartphone,Prepaid,Yes,No
CUST07018,26,Female,Lucknow,12,Month-to-Month,DSL,697.24,8323.43,36.88,338,2,1,0,Debit Card,Smartphone,Postpaid,Yes,No
CUST07019,62,Male,Bangalore,16,One Year,DSL,619.47,9255.47,8.08,667,0,2,1,UPI,Smartphone,Postpaid,Yes,No
CUST07020,39,Male,Bangalore,11,Month-to-Month,Fiber Optic,1063.9,11722.51,45.77,419,41,0,0,Debit Card,Smartphone,Postpaid,Yes,No
CUST07021,49,Male,Pune,13,One Year,No Internet,371.13,4532.16,12.96,428,64,1,0,Debit Card,Smartphone,Postpaid,Yes,No
CUST07022,22,Female,Kolkata,25,One Year,Fiber Optic,824.28,20715.6,65.15,197,61,2,1,Net Banking,Smartphone,Prepaid,Yes,No
CUST07023,40,Female,Mumbai,18,Two Year,Fiber Optic,737.4,13574.1,59.72,320,113,1,1,UPI,Smartphone,Prepaid,No,No
CUST07024,22,Female,Ahmedabad,25,One Year,Fiber Optic,800.72,20719.29,68.56,215,59,2,1,Debit Card,Tablet,Prepaid,Yes,No
CUST07025,59,Male,Delhi,24,One Year,Fiber Optic,843.38,19456.43,36.72,479,0,4,2,Net Banking,Tablet,Postpaid,Yes,No
CUST07026,49,Male,Delhi,24,Two Year,No Internet,332.6,8150.49,5.44,215,30,1,1,Credit Card,Smartphone,Postpaid,Yes,No
CUST07027,27,Female,Delhi,17,One Year,Fiber Optic,878.64,14485.21,57.03,185,53,3,1,Net Banking,Feature Phone,Prepaid,No,No
CUST07028,56,Other,Lucknow,53,Two Year,DSL,588.18,29205.94,10.59,190,63,1,0,Credit Card,Smartphone,Prepaid,Yes,No
CUST07029,32,Female,Hyderabad,8,Month-to-Month,No Internet,507.21,4097.17,12.9,425,19,1,1,Debit Card,Router Only,Postpaid,Yes,No
CUST07030,24,Male,Delhi,53,Two Year,DSL,653.2,32687.03,36.46,314,69,2,1,Debit Card,Smartphone,Postpaid,Yes,No
CUST07031,46,Female,Lucknow,12,Month-to-Month,Fiber Optic,854.0,9485.64,51.59,334,57,3,1,Net Banking,Smartphone,Prepaid,No,No
CUST07032,64,Female,Kolkata,47,Two Year,DSL,516.07,22270.7,32.26,190,57,0,0,Cash,Tablet,Prepaid,No,No
CUST07033,20,Female,Ahmedabad,15,Month-to-Month,DSL,704.75,10144.78,32.51,422,48,0,0,UPI,Router Only,Postpaid,No,No
CUST07034,36,Female,Mumbai,15,Month-to-Month,Fiber Optic,846.3,12845.62,59.46,297,43,2,1,UPI,Tablet,Prepaid,Yes,No
CUST07035,27,Male,Delhi,18,Month-to-Month,Fiber Optic,836.48,15389.17,51.27,247,52,3,1,UPI,Smartphone,Prepaid,Yes,No
CUST07036,45,Male,Hyderabad,13,Month-to-Month,DSL,734.59,9790.26,30.82,426,54,0,0,UPI,Smartphone,Postpaid,Yes,No
CUST07037,46,Male,Kolkata,1,Month-to-Month,DSL,718.54,718.54,10.59,494,4,4,1,Cash,Smartphone,Postpaid,Yes,Yes
CUST07038,32,Female,Chennai,12,Month-to-Month,DSL,640.8,6964.23,23.13,382,16,0,0,Cash,Router Only,Postpaid,Yes,No
CUST07039,52,Female,Chennai,49,Two Year,Fiber Optic,893.92,40593.82,34.14,485,46,0,0,Net Banking,Smartphone,Postpaid,No,No
CUST07040,23,Female,Kolkata,30,Month-to-Month,DSL,765.02,21327.97,36.23,200,44,2,1,UPI,Router Only,Prepaid,No,No
CUST07041,29,Male,Mumbai,0,Month-to-Month,Fiber Optic,877.36,877.36,56.43,158,49,2,1,Debit Card,Router Only,Prepaid,Yes,No
CUST07042,64,Female,Pune,5,One Year,Fiber Optic,948.05,4917.43,33.97,607,0,3,1,Debit Card,Smartphone,Postpaid,Yes,Yes
CUST07043,55,Female,Bangalore,4,Month-to-Month,No Internet,395.35,1454.16,0.5,465,22,0,0,UPI,Tablet,Postpaid,Yes,Yes
CUST07044,30,Male,Delhi,16,Two Year,Fiber Optic,930.04,13467.73,59.87,328,6,6,2,Debit Card,Smartphone,Postpaid,Yes,Yes
CUST07045,46,Female,Mumbai,11,Month-to-Month,Fiber Optic,1071.1,10604.65,45.4,502,44,3,1,Credit Card,Smartphone,Postpaid,Yes,No
CUST07046,36,Male,Kolkata,21,One Year,No Internet,409.55,8902.33,0.5,512,35,1,0,UPI,Feature Phone,Postpaid,Yes,No
CUST07047,20,Male,Jaipur,0,Month-to-Month,Fiber Optic,891.14,891.14,71.85,155,68,4,1,UPI,Smartphone,Postpaid,Yes,Yes
CUST07048,25,Male,Mumbai,29,Month-to-Month,DSL,482.23,14606.27,29.27,204,57,3,1,UPI,Smartphone,Prepaid,No,No
CUST07049,25,Female,Mumbai,18,One Year,DSL,560.38,10137.78,30.73,128,72,0,0,Credit Card,Smartphone,Prepaid,No,No
CUST07050,37,Female,Delhi,22,Month-to-Month,Fiber Optic,903.17,19702.86,60.7,587,21,3,1,UPI,Feature Phone,Postpaid,Yes,No
CUST07051,64,Male,Lucknow,31,Two Year,No Internet,441.13,12560.21,3.19,603,33,0,0,UPI,Smartphone,Postpaid,Yes,No
CUST07052,21,Female,Pune,3,Month-to-Month,DSL,465.01,1375.99,25.97,55,57,4,1,Cash,Smartphone,Prepaid,Yes,No
CUST07053,68,Female,Lucknow,32,Two Year,DSL,490.63,15992.52,14.15,321,58,2,1,Credit Card,Smartphone,Prepaid,No,No
CUST07054,38,Female,Ahmedabad,36,Two Year,Fiber Optic,982.22,,,147,32,3,1,UPI,Router Only,Prepaid,No,Yes
CUST07055,20,Male,Bangalore,0,Month-to-Month,No Internet,299.19,299.19,0.5,0,76,3,1,Credit Card,Smartphone,Prepaid,Yes,Yes
CUST07056,62,Female,Delhi,36,Two Year,DSL,687.34,23396.28,14.07,316,0,0,0,Credit Card,Smartphone,Postpaid,No,No
CUST07057,25,Female,Hyderabad,26,Month-to-Month,DSL,443.21,10699.47,39.54,174,41,2,1,Credit Card,Smartphone,Prepaid,Yes,Yes
CUST07058,40,Male,Delhi,23,One Year,No Internet,316.43,6712.15,1.59,148,65,3,1,Debit Card,Smartphone,Prepaid,Yes,No
CUST07059,33,Male,Delhi,33,One Year,Fiber Optic,743.79,24461.84,59.29,226,18,2,1,Net Banking,Smartphone,Prepaid,No,Yes
CUST07060,30,Female,Mumbai,35,Month-to-Month,DSL,640.81,20421.08,23.78,320,34,2,1,Net Banking,Smartphone,Postpaid,Yes,Yes
CUST07061,20,Male,Pune,6,Month-to-Month,No Internet,414.24,2561.47,4.79,338,41,0,0,Debit Card,Smartphone,Postpaid,Yes,Yes
CUST07062,65,Female,Hyderabad,16,One Year,Fiber Optic,1033.53,16886.57,27.79,509,0,3,1,UPI,Smartphone,Postpaid,Yes,No
CUST07063,26,Male,Mumbai,25,Two Year,DSL,522.71,11774.57,33.13,178,64,0,0,Credit Card,Feature Phone,Prepaid,No,No
CUST07064,31,Female,Chennai,39,Two Year,Fiber Optic,1070.56,41256.04,61.9,463,0,1,0,UPI,Router Only,Postpaid,No,No
CUST07065,30,Male,Delhi,20,One Year,DSL,459.13,9136.45,29.65,289,42,2,1,Debit Card,Smartphone,Prepaid,Yes,No
CUST07066,24,Male,Kolkata,20,Month-to-Month,DSL,721.8,14954.49,23.3,297,61,2,1,Credit Card,Smartphone,Postpaid,No,No
CUST07067,32,Male,Pune,40,Two Year,Fiber Optic,809.33,31733.02,63.37,408,86,2,1,Credit Card,Feature Phone,Prepaid,Yes,No
CUST07068,24,Female,Mumbai,19,Two Year,Fiber Optic,798.1,13765.14,67.34,123,17,0,0,Net Banking,Router Only,Prepaid,No,No
CUST07069,55,Female,Chennai,4,Month-to-Month,DSL,650.4,2608.14,29.15,188,35,0,0,Credit Card,Smartphone,Prepaid,Yes,No
CUST07070,51,Male,Hyderabad,1,Month-to-Month,DSL,552.4,552.4,12.17,353,71,5,3,UPI,Router Only,Prepaid,No,Yes
CUST07071,58,Male,Delhi,45,Two Year,DSL,416.66,18307.85,8.16,188,6,0,0,Credit Card,Tablet,Prepaid,Yes,No
CUST07072,39,Female,Mumbai,17,Two Year,No Internet,225.66,3590.29,0.5,232,97,0,0,Net Banking,Smartphone,Prepaid,Yes,No
CUST07073,41,Male,Lucknow,14,Month-to-Month,Fiber Optic,875.76,12617.03,59.07,218,46,0,0,Debit Card,Smartphone,Prepaid,Yes,Yes
CUST07074,66,Female,Delhi,45,Two Year,No Internet,542.4,24120.33,31.71,509,7,1,1,Credit Card,Feature Phone,Postpaid,Yes,No
CUST07075,54,Male,Hyderabad,11,Month-to-Month,Fiber Optic,813.62,9055.25,33.28,252,73,2,1,UPI,Smartphone,Prepaid,No,Yes
CUST07076,61,Female,Ahmedabad,28,Two Year,Fiber Optic,843.17,21780.53,49.81,317,19,1,0,Cash,Smartphone,Prepaid,Yes,No
CUST07077,18,Female,Mumbai,7,Month-to-Month,Fiber Optic,775.1,5343.0,62.68,0,69,1,0,Net Banking,Smartphone,Prepaid,Yes,No
CUST07078,27,Other,Mumbai,14,Month-to-Month,No Internet,487.44,6450.4,0.5,314,46,0,0,UPI,Smartphone,Postpaid,Yes,No
CUST07079,60,Female,Jaipur,5,Month-to-Month,DSL,466.19,2106.78,22.98,340,43,0,0,Credit Card,Smartphone,Prepaid,No,No
CUST07080,33,Male,Mumbai,41,Two Year,Fiber Optic,854.58,35363.23,51.15,240,51,1,0,Credit Card,Feature Phone,Prepaid,Yes,No
CUST07081,63,Male,Pune,32,Month-to-Month,DSL,741.57,24842.47,12.17,164,16,1,0,Net Banking,Router Only,Prepaid,No,Yes
CUST07082,25,Female,Kolkata,35,Two Year,DSL,716.74,25316.16,32.22,305,24,2,1,Net Banking,Smartphone,Postpaid,Yes,No
CUST07083,66,Female,Kolkata,9,Month-to-Month,No Internet,271.39,2229.05,4.02,308,27,1,0,UPI,Smartphone,Prepaid,Yes,No
CUST07084,42,Female,Lucknow,38,One Year,DSL,616.42,23295.11,38.9,227,0,0,0,UPI,Smartphone,Postpaid,Yes,Yes
CUST07085,67,Female,Kolkata,14,Month-to-Month,Fiber Optic,782.54,11221.9,22.3,357,13,1,1,Net Banking,Smartphone,Prepaid,No,No
CUST07086,29,Female,Pune,10,Month-to-Month,No Internet,149.0,1377.05,9.48,172,72,1,0,UPI,Smartphone,Prepaid,No,No
CUST07087,42,Male,Jaipur,5,Month-to-Month,No Internet,424.45,2222.28,3.24,348,0,1,1,Debit Card,Feature Phone,Postpaid,Yes,Yes
CUST07088,34,Male,Jaipur,30,Month-to-Month,Fiber Optic,819.35,24421.78,51.86,247,45,0,0,Debit Card,Smartphone,Prepaid,No,No
CUST07089,43,Male,Lucknow,32,One Year,DSL,429.07,14379.8,36.65,81,36,4,2,Credit Card,Smartphone,Prepaid,No,No
CUST07090,63,Male,Kolkata,11,Month-to-Month,Fiber Optic,820.68,8978.05,45.02,363,30,1,0,UPI,Smartphone,Prepaid,No,Yes
CUST07091,65,Female,Mumbai,33,Month-to-Month,DSL,490.66,16196.71,33.08,325,15,2,1,Net Banking,Smartphone,Prepaid,No,No
CUST07092,31,Male,Pune,24,Month-to-Month,DSL,426.4,10376.24,13.41,32,55,0,0,Net Banking,Smartphone,Prepaid,Yes,Yes
CUST07093,58,Male,Delhi,14,Month-to-Month,Fiber Optic,765.94,10943.76,18.78,264,16,3,1,UPI,Smartphone,Prepaid,Yes,No
CUST07094,53,Male,Mumbai,17,Month-to-Month,No Internet,332.94,5839.75,8.33,474,7,0,0,Cash,Smartphone,Postpaid,Yes,No
CUST07095,40,Male,Delhi,33,Month-to-Month,Fiber Optic,936.77,31309.47,47.19,293,9,1,0,Debit Card,Feature Phone,Postpaid,Yes,No
CUST07096,60,Male,Lucknow,16,One Year,DSL,658.13,10202.78,28.23,364,22,2,1,Credit Card,Smartphone,Postpaid,No,No
CUST07097,23,Female,Bangalore,8,Month-to-Month,No Internet,348.6,2616.11,0.5,281,70,2,1,Credit Card,Tablet,Postpaid,No,No
CUST07098,64,Male,Pune,44,One Year,Fiber Optic,853.29,36026.84,33.55,286,47,2,1,Cash,Tablet,Postpaid,No,No
CUST07099,22,Female,Chennai,54,Month-to-Month,Fiber Optic,843.73,47291.82,46.51,132,27,2,1,UPI,Smartphone,Prepaid,No,Yes
CUST07100,60,Female,Delhi,19,Month-to-Month,Fiber Optic,890.5,17417.93,36.19,509,25,4,1,Net Banking,Tablet,Postpaid,No,Yes
CUST07101,42,Female,Chennai,28,Two Year,DSL,538.79,14397.38,18.85,274,48,1,0,UPI,Smartphone,Prepaid,Yes,No
CUST07102,35,Male,Pune,41,Two Year,No Internet,246.22,9726.44,0.6,58,59,1,0,Debit Card,Smartphone,Prepaid,Yes,No
CUST07103,30,Male,Jaipur,12,Month-to-Month,Fiber Optic,1083.63,12277.14,61.32,235,69,0,0,Credit Card,Router Only,Postpaid,No,No
CUST07104,60,Male,Delhi,2,Month-to-Month,Fiber Optic,935.97,1859.41,39.55,632,0,3,1,Net Banking,Smartphone,Postpaid,Yes,Yes
CUST07105,31,Male,Mumbai,6,Month-to-Month,Fiber Optic,879.59,5034.81,67.61,146,72,0,0,Credit Card,Smartphone,Prepaid,Yes,No
CUST07106,45,Female,Pune,35,Two Year,DSL,741.02,26467.93,22.93,188,14,1,0,Cash,Router Only,Prepaid,Yes,No
CUST07107,35,Female,Delhi,22,One Year,DSL,528.54,11295.4,10.57,41,66,4,1,Credit Card,Smartphone,Prepaid,Yes,No
CUST07108,45,Female,Mumbai,35,Two Year,Fiber Optic,683.9,22333.19,48.04,250,92,2,1,Credit Card,Feature Phone,Prepaid,Yes,No
CUST07109,68,Male,Mumbai,13,Month-to-Month,Fiber Optic,1007.26,12660.48,30.39,478,31,0,0,Credit Card,Smartphone,Postpaid,No,Yes
CUST07110,44,Female,Pune,32,One Year,DSL,612.49,19801.16,17.04,377,7,0,0,Net Banking,Smartphone,Postpaid,No,No
CUST07111,49,Male,Mumbai,28,One Year,Fiber Optic,636.07,17241.14,58.36,308,39,2,1,Credit Card,Smartphone,Prepaid,No,No
CUST07112,64,Female,Chennai,12,One Year,Fiber Optic,784.0,9274.51,30.62,276,24,0,0,Debit Card,Feature Phone,Prepaid,Yes,No
CUST07113,26,Female,Lucknow,5,Month-to-Month,Fiber Optic,1025.91,5319.91,47.19,313,23,0,0,Debit Card,Smartphone,Postpaid,Yes,Yes
CUST07114,57,Male,Kolkata,1,One Year,DSL,559.26,563.15,15.2,272,0,1,0,Credit Card,Smartphone,Prepaid,Yes,No
CUST07115,49,Male,Bangalore,40,Two Year,Fiber Optic,777.43,32637.31,43.85,179,18,2,1,UPI,Smartphone,Prepaid,No,No
CUST07116,37,Female,Hyderabad,51,Two Year,Fiber Optic,1059.15,49235.39,51.68,514,6,3,1,Cash,Feature Phone,Postpaid,No,No
CUST07117,45,Male,Mumbai,14,Month-to-Month,DSL,450.61,6387.76,22.55,281,57,3,1,Net Banking,Smartphone,Prepaid,Yes,No
CUST07118,50,Male,Delhi,26,One Year,No Internet,517.29,13582.75,6.12,537,6,1,1,Credit Card,Feature Phone,Postpaid,No,No
CUST07119,21,Male,Mumbai,30,Two Year,DSL,468.02,12865.83,25.75,155,76,2,1,Net Banking,Smartphone,Prepaid,Yes,No
CUST07120,63,Male,Bangalore,10,Month-to-Month,Fiber Optic,776.19,8110.34,34.02,187,57,4,2,UPI,Smartphone,Prepaid,Yes,No
CUST07121,51,Female,Chennai,4,Month-to-Month,No Internet,385.68,1584.04,12.48,415,49,0,0,Debit Card,Router Only,Postpaid,Yes,Yes
CUST07122,65,Female,Lucknow,3,Month-to-Month,Fiber Optic,877.15,2570.27,37.58,562,13,4,2,UPI,Router Only,Prepaid,No,Yes
CUST07123,20,Female,Lucknow,0,Month-to-Month,Fiber Optic,1076.03,1076.03,67.62,364,71,0,0,Credit Card,Router Only,Postpaid,Yes,No
CUST07124,43,Male,Delhi,28,Two Year,No Internet,237.28,6165.24,0.5,265,5,3,1,Net Banking,Tablet,Prepaid,Yes,No
CUST07125,25,Female,Chennai,1,Month-to-Month,DSL,553.42,553.42,43.5,313,19,5,2,UPI,Smartphone,Postpaid,No,Yes
CUST07126,23,Female,Delhi,8,One Year,DSL,663.2,4929.03,25.34,337,88,1,1,Credit Card,Smartphone,Postpaid,Yes,No
CUST07127,33,Male,Chennai,9,Month-to-Month,Fiber Optic,800.47,7483.08,62.16,84,65,2,1,UPI,Smartphone,Prepaid,No,Yes
CUST07128,41,Male,Delhi,14,Month-to-Month,Fiber Optic,903.62,12590.4,71.74,93,60,2,1,UPI,Router Only,Prepaid,Yes,No
CUST07129,65,Female,Lucknow,41,Two Year,Fiber Optic,844.31,31802.47,39.61,261,55,1,0,UPI,Smartphone,Prepaid,Yes,No
CUST07130,56,Male,Ahmedabad,15,One Year,Fiber Optic,799.74,12454.91,25.04,138,58,2,1,Debit Card,Smartphone,Prepaid,No,Yes
CUST07131,47,Male,Delhi,8,Month-to-Month,Fiber Optic,959.38,6969.46,58.42,454,6,2,1,UPI,Smartphone,Postpaid,Yes,No
CUST07132,62,Male,Kolkata,31,Two Year,Fiber Optic,1038.96,30963.34,35.6,382,23,0,0,UPI,Feature Phone,Postpaid,Yes,No
CUST07133,30,Male,Chennai,8,Month-to-Month,Fiber Optic,910.41,7366.27,47.13,352,41,1,0,Net Banking,Smartphone,Postpaid,No,No
CUST07134,22,Male,Hyderabad,27,Month-to-Month,DSL,702.76,19416.59,39.42,297,5,1,0,Cash,Smartphone,Postpaid,Yes,No
CUST07135,42,Male,Chennai,25,One Year,No Internet,407.33,10452.75,13.63,400,47,1,1,Credit Card,Smartphone,Postpaid,No,Yes
CUST07136,37,Female,Pune,0,Month-to-Month,DSL,564.68,564.68,30.66,80,13,2,1,UPI,Router Only,Prepaid,No,Yes
CUST07137,35,Male,Jaipur,26,One Year,DSL,733.69,17934.86,26.36,416,0,1,0,Net Banking,Smartphone,Postpaid,Yes,No
CUST07138,64,Female,Kolkata,5,One Year,Fiber Optic,908.88,4350.68,53.5,295,1,6,3,Credit Card,Feature Phone,Postpaid,Yes,Yes
CUST07139,35,Male,Chennai,62,Month-to-Month,Fiber Optic,936.19,57758.59,51.22,177,45,2,1,Cash,Router Only,Prepaid,Yes,No
CUST07140,19,Female,Ahmedabad,23,One Year,Fiber Optic,835.24,19815.51,83.3,281,117,1,1,Debit Card,Router Only,Prepaid,Yes,No
CUST07141,27,Female,Lucknow,57,Month-to-Month,Fiber Optic,876.59,49473.22,70.41,494,3,2,1,Net Banking,Smartphone,Postpaid,Yes,No
CUST07142,62,Female,Mumbai,19,One Year,DSL,556.02,9939.11,5.44,229,25,0,0,UPI,Smartphone,Prepaid,No,No
CUST07143,67,Female,Delhi,14,Month-to-Month,No Internet,271.17,,2.41,434,23,2,1,UPI,Tablet,Postpaid,Yes,No
CUST07144,64,Female,Pune,47,Two Year,No Internet,167.45,8147.95,0.5,302,7,1,1,Net Banking,Smartphone,Prepaid,Yes,No
CUST07145,29,Female,Lucknow,9,Two Year,Fiber Optic,885.01,7178.56,57.4,227,44,2,1,Cash,Feature Phone,Prepaid,Yes,No
CUST07146,64,Male,Delhi,4,Month-to-Month,No Internet,384.9,1386.81,2.69,88,53,2,1,Cash,Tablet,Prepaid,Yes,Yes
CUST07147,30,Male,Bangalore,27,Two Year,Fiber Optic,1024.89,28864.69,51.83,238,67,2,1,UPI,Tablet,Postpaid,Yes,No
CUST07148,67,Female,Delhi,4,One Year,Fiber Optic,729.87,2871.24,38.64,271,77,4,2,Debit Card,Smartphone,Prepaid,No,No
CUST07149,64,Male,Kolkata,15,One Year,DSL,530.42,7266.02,17.66,320,1,3,1,Net Banking,Smartphone,Prepaid,Yes,No
CUST07150,28,Female,Lucknow,36,Two Year,DSL,411.66,14130.16,37.25,174,35,0,0,UPI,Smartphone,Prepaid,Yes,No
CUST07151,36,Female,Hyderabad,40,Month-to-Month,DSL,734.64,28947.44,21.39,298,0,2,1,Debit Card,Router Only,Postpaid,No,No
CUST07152,52,Male,Bangalore,6,Month-to-Month,Fiber Optic,759.8,4530.46,33.37,360,71,0,0,Cash,Smartphone,Prepaid,Yes,No
CUST07153,56,Female,Jaipur,4,Month-to-Month,Fiber Optic,882.76,3264.36,29.5,435,65,4,1,Net Banking,Smartphone,Prepaid,No,Yes
CUST07154,43,Male,Delhi,23,Month-to-Month,Fiber Optic,793.39,18722.56,49.26,124,27,3,1,UPI,Smartphone,Prepaid,Yes,Yes
CUST07155,63,Male,Jaipur,10,Month-to-Month,Fiber Optic,660.2,6481.41,45.55,365,55,0,0,UPI,Tablet,Prepaid,No,No
CUST07156,31,Female,Bangalore,2,Month-to-Month,No Internet,429.79,841.34,3.62,429,62,2,1,Cash,Smartphone,Postpaid,Yes,Yes
CUST07157,62,Male,Hyderabad,36,Month-to-Month,No Internet,227.06,8019.97,1.89,212,34,0,0,Debit Card,Tablet,Prepaid,Yes,No
CUST07158,61,Female,Hyderabad,29,One Year,No Internet,473.0,12473.39,7.41,470,39,1,0,Credit Card,Router Only,Postpaid,No,No
CUST07159,41,Female,Chennai,45,Month-to-Month,Fiber Optic,1033.16,47088.36,40.95,343,41,2,1,UPI,Smartphone,Postpaid,Yes,Yes
CUST07160,58,Male,Lucknow,16,Month-to-Month,Fiber Optic,804.01,11733.2,24.41,335,26,3,2,Net Banking,Smartphone,Prepaid,Yes,Yes
CUST07161,18,Female,Lucknow,49,Month-to-Month,No Internet,166.04,7887.71,7.61,109,63,1,0,UPI,Smartphone,Prepaid,Yes,No
CUST07162,68,Female,Ahmedabad,32,One Year,No Internet,218.24,6902.39,1.59,253,0,1,0,Net Banking,Smartphone,Prepaid,No,No
CUST07163,60,Male,Mumbai,59,Two Year,Fiber Optic,765.95,42105.49,31.59,275,74,0,0,Credit Card,Smartphone,Prepaid,Yes,No
CUST07164,39,Male,Bangalore,24,Month-to-Month,DSL,490.01,11434.76,24.69,399,39,1,0,UPI,Smartphone,Prepaid,No,No
CUST07165,40,Female,Hyderabad,21,One Year,Fiber Optic,901.4,17849.79,45.69,278,54,1,0,Credit Card,Smartphone,Postpaid,Yes,No
CUST07166,36,Female,Jaipur,27,Two Year,No Internet,352.45,9577.46,0.5,273,74,1,0,UPI,Router Only,Prepaid,Yes,No
CUST07167,35,Male,Hyderabad,65,Two Year,Fiber Optic,825.27,52572.12,62.82,118,36,1,0,UPI,Smartphone,Prepaid,Yes,No
CUST07168,29,Male,Lucknow,10,One Year,No Internet,283.92,2594.73,0.5,288,63,1,0,Cash,Smartphone,Prepaid,Yes,No
CUST07169,45,Female,Lucknow,5,Month-to-Month,Fiber Optic,815.04,4034.37,41.93,337,10,3,1,Credit Card,Smartphone,Prepaid,Yes,Yes
CUST07170,45,Female,Chennai,8,Month-to-Month,DSL,656.33,,,394,38,0,0,,Smartphone,Postpaid,No,No
CUST07171,50,Male,Ahmedabad,26,Month-to-Month,Fiber Optic,974.72,22818.9,41.46,305,0,2,1,Credit Card,Tablet,Postpaid,Yes,Yes
CUST07172,36,Female,Lucknow,21,One Year,Fiber Optic,1033.18,20003.11,51.08,298,26,2,1,Credit Card,Smartphone,Postpaid,No,No
CUST07173,45,Male,Ahmedabad,17,Month-to-Month,Fiber Optic,795.62,12181.7,35.19,277,41,0,0,Debit Card,Router Only,Prepaid,Yes,No
CUST07174,69,Female,Pune,28,One Year,DSL,467.68,13726.15,15.38,381,0,2,1,Net Banking,Smartphone,Prepaid,Yes,No
CUST07175,66,Male,Ahmedabad,11,Month-to-Month,Fiber Optic,1063.4,11639.74,32.51,552,0,0,0,Debit Card,Router Only,Postpaid,Yes,Yes
CUST07176,54,Male,Delhi,28,Month-to-Month,DSL,737.55,20523.92,18.41,324,50,1,0,Net Banking,Router Only,Postpaid,Yes,Yes
CUST07177,43,Male,Chennai,46,Two Year,Fiber Optic,751.93,35971.75,47.02,276,90,0,0,Debit Card,Smartphone,Prepaid,No,No
CUST07178,52,Female,Mumbai,32,Two Year,Fiber Optic,674.62,19842.05,46.1,194,12,2,1,Net Banking,Smartphone,Prepaid,Yes,No
CUST07179,51,Female,Delhi,0,One Year,DSL,554.97,554.97,17.91,287,37,2,1,Credit Card,Smartphone,Prepaid,Yes,Yes
CUST07180,52,Female,Jaipur,42,Month-to-Month,Fiber Optic,1090.71,45919.26,42.31,400,13,0,0,Cash,Router Only,Postpaid,No,No
CUST07181,57,Female,Chennai,52,Two Year,No Internet,177.68,9171.68,14.25,292,30,1,0,Net Banking,Tablet,Prepaid,Yes,No
CUST07182,33,Male,Mumbai,5,Month-to-Month,DSL,760.13,3936.34,22.78,306,51,2,1,Debit Card,Smartphone,Postpaid,No,Yes
CUST07183,55,Female,Bangalore,24,One Year,DSL,508.67,11579.12,20.63,513,69,2,1,UPI,Smartphone,Prepaid,Yes,No
CUST07184,30,Male,Lucknow,4,Month-to-Month,Fiber Optic,911.27,3582.66,57.84,497,22,3,1,Cash,Tablet,Postpaid,Yes,No
CUST07185,40,Female,Ahmedabad,16,One Year,Fiber Optic,872.91,13752.79,53.17,525,41,2,1,UPI,Smartphone,Postpaid,Yes,No
CUST07186,39,Male,Delhi,16,One Year,No Internet,354.74,5326.71,1.9,392,16,1,1,Debit Card,Smartphone,Postpaid,No,No
CUST07187,33,Male,Lucknow,40,Two Year,Fiber Optic,932.72,35592.83,52.79,389,63,0,0,UPI,Smartphone,Postpaid,Yes,No
CUST07188,45,Female,Bangalore,6,One Year,No Internet,250.34,1430.34,21.78,98,64,0,0,Net Banking,Tablet,Prepaid,Yes,No
CUST07189,65,Female,Pune,43,Two Year,Fiber Optic,963.29,42526.13,36.9,361,0,2,1,Cash,Tablet,Postpaid,Yes,No
CUST07190,52,Female,Pune,1,Month-to-Month,Fiber Optic,817.75,817.75,22.03,268,43,5,2,UPI,Smartphone,Prepaid,Yes,Yes
CUST07191,62,Female,Jaipur,27,One Year,DSL,537.71,14423.33,28.02,380,14,1,0,Credit Card,Smartphone,Prepaid,Yes,No
CUST07192,63,Male,Jaipur,9,Month-to-Month,No Internet,222.7,1916.28,10.01,360,61,2,1,Net Banking,Smartphone,Prepaid,No,No
CUST07193,25,Female,Mumbai,6,Month-to-Month,Fiber Optic,975.67,5343.15,64.7,370,20,2,1,Cash,Smartphone,Postpaid,No,Yes
CUST07194,61,Male,Chennai,6,One Year,Fiber Optic,900.85,5615.18,30.88,498,17,2,1,UPI,Smartphone,Postpaid,Yes,No
CUST07195,39,Female,Bangalore,69,Two Year,DSL,510.18,32097.71,23.25,261,31,1,0,Debit Card,Smartphone,Prepaid,Yes,No
CUST07196,38,Female,Hyderabad,25,Month-to-Month,Fiber Optic,776.64,17503.72,58.76,97,65,2,1,UPI,Tablet,Prepaid,No,No
CUST07197,43,Male,Hyderabad,6,Month-to-Month,Fiber Optic,977.01,5514.25,53.49,301,13,3,1,Credit Card,Smartphone,Postpaid,No,No
CUST07198,57,Male,Bangalore,6,Month-to-Month,Fiber Optic,907.5,5127.26,27.63,468,0,3,1,Cash,Smartphone,Postpaid,Yes,Yes
CUST07199,38,Male,Hyderabad,60,Two Year,DSL,584.12,33068.4,42.0,257,25,1,0,Net Banking,Smartphone,Postpaid,No,No
CUST07200,42,Male,Mumbai,15,Month-to-Month,DSL,488.3,7472.73,24.68,135,63,2,1,Credit Card,Smartphone,Prepaid,Yes,No
CUST07201,58,Male,Chennai,6,Month-to-Month,No Internet,225.41,1275.42,0.5,352,10,1,0,Cash,Smartphone,Prepaid,No,Yes
CUST07202,18,Male,Kolkata,10,Month-to-Month,Fiber Optic,952.54,9474.52,51.3,445,21,3,2,Cash,Smartphone,Postpaid,Yes,Yes
CUST07203,23,Male,Bangalore,2,Month-to-Month,Fiber Optic,901.9,1625.44,66.64,222,53,2,1,Debit Card,Smartphone,Postpaid,Yes,Yes
CUST07204,40,Female,Lucknow,13,One Year,Fiber Optic,739.42,9938.01,49.79,195,58,3,2,UPI,Smartphone,Prepaid,Yes,No
CUST07205,68,Female,Delhi,28,Two Year,Fiber Optic,737.54,19391.26,38.96,307,71,5,2,Credit Card,Smartphone,Prepaid,No,No
CUST07206,40,Male,Chennai,25,Month-to-Month,Fiber Optic,863.47,21168.67,50.88,382,0,3,1,Credit Card,Smartphone,Postpaid,No,No
CUST07207,60,Male,Chennai,22,Month-to-Month,DSL,734.14,15912.81,30.27,514,15,1,0,UPI,Smartphone,Postpaid,Yes,Yes
CUST07208,60,Male,Delhi,21,Two Year,Fiber Optic,780.82,15347.58,35.31,294,70,4,1,Credit Card,Smartphone,Prepaid,Yes,No
CUST07209,40,Female,Mumbai,9,Two Year,DSL,525.84,4678.84,23.39,327,83,1,0,Net Banking,Smartphone,Prepaid,No,No
CUST07210,49,Female,Jaipur,7,Month-to-Month,No Internet,365.41,2634.7,8.68,117,67,0,0,Cash,Smartphone,Prepaid,No,Yes
CUST07211,47,Female,Hyderabad,2,Month-to-Month,No Internet,151.72,288.17,1.54,309,39,2,1,Credit Card,Feature Phone,Prepaid,No,Yes
CUST07212,30,Female,Bangalore,45,Two Year,Fiber Optic,778.03,36413.72,68.65,113,73,2,1,Credit Card,Smartphone,Prepaid,Yes,No
CUST07213,60,Female,Bangalore,26,One Year,Fiber Optic,1039.03,25263.98,34.9,432,6,0,0,Debit Card,Smartphone,Postpaid,Yes,Yes
CUST07214,35,Female,Jaipur,58,Two Year,Fiber Optic,783.85,41721.01,44.9,178,7,2,1,Cash,Feature Phone,Prepaid,Yes,No
CUST07215,40,Male,Bangalore,14,Month-to-Month,No Internet,322.34,4298.18,12.28,351,35,0,0,Net Banking,Smartphone,Prepaid,Yes,Yes
CUST07216,32,Female,Ahmedabad,28,One Year,No Internet,149.0,4313.38,0.5,224,72,2,1,UPI,Smartphone,Prepaid,Yes,Yes
CUST07217,50,Female,Mumbai,23,One Year,No Internet,387.6,8239.11,4.13,357,38,0,0,Net Banking,Smartphone,Postpaid,No,No
CUST07218,38,Female,Hyderabad,24,Two Year,DSL,372.15,8595.58,30.27,240,64,1,0,Credit Card,Smartphone,Prepaid,Yes,No
CUST07219,56,Female,Delhi,21,Two Year,Fiber Optic,958.49,20000.31,34.86,355,0,3,1,Debit Card,Smartphone,Postpaid,No,No
CUST07220,40,Male,Ahmedabad,15,Month-to-Month,No Internet,404.84,6208.33,0.5,299,31,2,1,Debit Card,Tablet,Postpaid,No,Yes
CUST07221,44,Female,Pune,15,One Year,No Internet,327.9,5094.4,13.32,417,36,2,1,UPI,Tablet,Postpaid,No,No
CUST07222,62,Male,Hyderabad,30,Month-to-Month,No Internet,498.16,15673.79,1.01,552,0,2,1,UPI,Router Only,Postpaid,No,No
CUST07223,61,Male,Delhi,54,Two Year,Fiber Optic,842.74,46727.15,14.23,244,65,3,1,Credit Card,Smartphone,Prepaid,No,No
CUST07224,35,Male,Hyderabad,35,One Year,Fiber Optic,995.36,31403.49,59.5,361,49,1,0,UPI,Smartphone,Postpaid,Yes,No
CUST07225,41,Female,Mumbai,23,Two Year,Fiber Optic,998.9,22031.27,51.39,549,25,2,1,UPI,Smartphone,Postpaid,No,No
CUST07226,68,Female,Bangalore,2,Month-to-Month,No Internet,354.37,728.68,0.5,310,22,2,1,Debit Card,Smartphone,Prepaid,No,Yes
CUST07227,64,Female,Ahmedabad,7,Month-to-Month,No Internet,317.07,2322.5,0.5,291,0,0,0,Credit Card,Smartphone,Prepaid,No,No
CUST07228,57,Female,Kolkata,8,Month-to-Month,Fiber Optic,749.75,5451.75,40.95,310,52,2,1,Credit Card,Tablet,Prepaid,No,Yes
CUST07229,68,Male,Mumbai,20,Month-to-Month,DSL,497.67,9465.47,12.56,134,14,1,0,Credit Card,Feature Phone,Prepaid,Yes,No
CUST07230,59,Female,Lucknow,13,Month-to-Month,Fiber Optic,819.88,10633.2,37.95,331,28,1,0,UPI,Tablet,Prepaid,No,Yes
CUST07231,24,Female,Jaipur,49,Two Year,Fiber Optic,770.73,36304.61,74.04,187,63,4,2,Credit Card,Smartphone,Prepaid,Yes,No
CUST07232,67,Female,Hyderabad,11,Month-to-Month,Fiber Optic,764.34,7764.63,54.41,421,0,2,1,Net Banking,Smartphone,Prepaid,Yes,No
CUST07233,65,Male,Hyderabad,6,One Year,Fiber Optic,843.9,5240.22,38.86,215,46,3,1,Credit Card,Smartphone,Prepaid,Yes,Yes
CUST07234,37,Female,Jaipur,37,Two Year,Fiber Optic,718.88,25152.55,45.61,185,104,2,1,UPI,Feature Phone,Prepaid,Yes,No
CUST07235,44,Female,Chennai,26,Two Year,Fiber Optic,907.74,22146.58,43.97,404,39,2,1,Cash,Smartphone,Postpaid,No,No
CUST07236,23,Female,Hyderabad,0,Month-to-Month,DSL,572.11,572.11,22.55,184,57,0,0,Credit Card,Smartphone,Prepaid,No,No
CUST07237,44,Female,Kolkata,0,Month-to-Month,Fiber Optic,924.21,924.21,50.97,424,56,3,2,Debit Card,Smartphone,Postpaid,Yes,Yes
CUST07238,26,Female,Mumbai,1,Month-to-Month,No Internet,362.94,362.94,10.31,153,38,0,0,Debit Card,Router Only,Prepaid,No,No
CUST07239,62,Female,Ahmedabad,12,Month-to-Month,DSL,786.89,8657.27,22.33,582,0,1,1,Debit Card,Router Only,Postpaid,Yes,No
CUST07240,48,Female,Hyderabad,19,One Year,DSL,653.48,12008.81,18.19,273,54,4,1,UPI,Router Only,Prepaid,No,No
CUST07241,38,Female,Chennai,28,One Year,No Internet,467.25,11968.99,5.18,322,0,1,0,Debit Card,Router Only,Postpaid,No,No
CUST07242,43,Male,Delhi,33,One Year,Fiber Optic,809.51,24739.13,49.95,247,74,7,2,Credit Card,Smartphone,Prepaid,No,Yes
CUST07243,57,Female,Mumbai,45,Two Year,Fiber Optic,835.56,36301.07,33.79,229,32,4,2,Cash,Router Only,Prepaid,No,No
CUST07244,65,Female,Bangalore,45,Two Year,Fiber Optic,802.25,33110.76,38.04,157,55,1,0,Net Banking,Smartphone,Prepaid,No,No
CUST07245,62,Female,Bangalore,34,Two Year,Fiber Optic,874.54,29749.63,39.71,421,17,3,2,Credit Card,Smartphone,Postpaid,Yes,No
CUST07246,30,Female,Kolkata,28,Two Year,Fiber Optic,785.35,21584.73,58.04,113,74,4,2,UPI,Smartphone,Prepaid,Yes,No
CUST07247,66,Male,Mumbai,13,Month-to-Month,DSL,513.51,6351.78,16.18,304,63,0,0,Credit Card,Smartphone,Prepaid,No,No
CUST07248,40,Male,Mumbai,0,Month-to-Month,DSL,429.66,429.66,17.35,168,60,3,1,Credit Card,Tablet,Prepaid,No,Yes
CUST07249,37,Female,Chennai,9,Month-to-Month,DSL,555.79,4886.82,26.25,110,66,0,0,Credit Card,Smartphone,Prepaid,No,Yes
CUST07250,54,Female,Chennai,30,One Year,Fiber Optic,753.65,23056.13,40.81,354,18,1,0,Net Banking,Tablet,Prepaid,Yes,No
CUST07251,45,Male,Delhi,13,One Year,Fiber Optic,1001.05,13174.92,43.79,273,35,1,0,UPI,Router Only,Postpaid,Yes,No
CUST07252,34,Male,Delhi,9,Month-to-Month,Fiber Optic,726.81,6841.32,54.44,188,41,3,1,Net Banking,Smartphone,Prepaid,Yes,Yes
CUST07253,45,Male,Jaipur,53,Two Year,DSL,531.21,27451.78,26.19,206,58,0,0,Debit Card,Smartphone,Prepaid,Yes,No
CUST07254,58,Male,Delhi,3,Month-to-Month,Fiber Optic,1019.46,3042.25,41.65,315,0,1,0,Net Banking,Smartphone,Postpaid,No,Yes
CUST07255,19,Male,Jaipur,51,Two Year,No Internet,382.46,18267.56,0.5,246,50,1,0,Credit Card,Smartphone,Postpaid,Yes,No
CUST07256,42,Male,Bangalore,1,Month-to-Month,DSL,409.18,415.64,27.31,14,42,3,1,UPI,Smartphone,Prepaid,Yes,Yes
CUST07257,67,Male,Pune,43,Month-to-Month,Fiber Optic,728.73,30552.27,40.37,231,25,3,1,Debit Card,Tablet,Prepaid,Yes,Yes
CUST07258,58,Male,Mumbai,5,Month-to-Month,Fiber Optic,928.84,4509.02,47.52,477,0,3,1,Debit Card,Smartphone,Postpaid,No,Yes
CUST07259,23,Male,Ahmedabad,3,Month-to-Month,Fiber Optic,913.07,2588.06,68.45,284,51,6,3,Net Banking,Smartphone,Postpaid,Yes,Yes
CUST07260,28,Female,Mumbai,29,Month-to-Month,No Internet,306.3,8418.48,1.47,411,52,0,0,Credit Card,Smartphone,Postpaid,Yes,Yes
CUST07261,55,Male,Bangalore,42,One Year,No Internet,264.03,10325.5,11.54,325,50,0,0,Cash,Tablet,Prepaid,Yes,No
CUST07262,23,Male,Mumbai,4,Month-to-Month,Fiber Optic,925.68,3857.59,65.67,318,63,1,0,Net Banking,Smartphone,Postpaid,Yes,Yes
CUST07263,62,Male,Ahmedabad,31,Two Year,DSL,541.8,15715.74,16.97,280,0,1,0,Debit Card,Tablet,Prepaid,No,No
CUST07264,28,Male,Ahmedabad,48,Month-to-Month,Fiber Optic,960.02,41739.61,59.33,384,7,2,1,Cash,Smartphone,Postpaid,No,No
CUST07265,31,Male,Bangalore,8,Month-to-Month,Fiber Optic,803.56,6193.12,64.53,134,54,3,1,Credit Card,Smartphone,Prepaid,No,Yes
CUST07266,19,Male,Mumbai,28,Two Year,DSL,634.81,18579.53,28.83,280,16,3,1,Debit Card,Smartphone,Postpaid,Yes,No
CUST07267,57,Female,Kolkata,17,Month-to-Month,No Internet,402.29,6186.18,5.11,434,19,1,0,Net Banking,Feature Phone,Postpaid,Yes,No
CUST07268,20,Female,Ahmedabad,20,One Year,Fiber Optic,888.79,16686.83,70.32,50,76,1,0,Cash,Smartphone,Prepaid,Yes,Yes
CUST07269,52,Female,Chennai,10,Month-to-Month,Fiber Optic,781.52,7327.42,28.86,162,14,1,0,Debit Card,Router Only,Prepaid,Yes,No
CUST07270,50,Female,Jaipur,47,Month-to-Month,DSL,514.27,23684.28,38.01,377,61,1,0,Net Banking,Tablet,Prepaid,Yes,No
CUST07271,41,Male,Bangalore,1,Month-to-Month,No Internet,385.9,391.1,5.39,463,45,3,2,Debit Card,Smartphone,Postpaid,Yes,No
CUST07272,36,Female,Delhi,6,Month-to-Month,DSL,599.58,3461.19,20.35,239,26,0,0,Net Banking,Smartphone,Postpaid,Yes,No
CUST07273,35,Male,Delhi,4,Month-to-Month,Fiber Optic,833.93,3166.66,55.55,274,52,1,0,Credit Card,Tablet,Prepaid,Yes,No
CUST07274,66,Female,Pune,16,One Year,No Internet,469.43,7080.82,3.84,511,13,0,0,Debit Card,Router Only,Postpaid,Yes,No
CUST07275,69,Male,Bangalore,40,Two Year,No Internet,316.66,13143.12,6.36,541,46,3,1,Credit Card,Smartphone,Postpaid,Yes,No
CUST07276,41,Female,Delhi,68,Month-to-Month,DSL,589.46,41730.45,11.97,387,44,3,1,UPI,Smartphone,Postpaid,No,No
CUST07277,62,Female,Mumbai,26,Two Year,No Internet,278.61,7149.39,0.5,343,32,1,0,UPI,Smartphone,Prepaid,Yes,No
CUST07278,52,Male,Hyderabad,6,Month-to-Month,DSL,661.11,4094.04,10.15,474,16,0,0,Debit Card,Feature Phone,Postpaid,No,No
CUST07279,18,Female,Delhi,58,Two Year,Fiber Optic,708.13,43049.33,79.14,85,76,1,0,UPI,Smartphone,Prepaid,No,No
CUST07280,53,Male,Delhi,64,Two Year,Fiber Optic,691.49,43585.7,44.48,352,39,5,2,UPI,Tablet,Prepaid,Yes,No
CUST07281,42,Female,Jaipur,12,Month-to-Month,DSL,474.78,5382.07,27.44,137,59,1,0,Debit Card,Smartphone,Prepaid,No,Yes
CUST07282,62,Female,Mumbai,35,Two Year,No Internet,152.98,5088.76,0.5,352,30,0,0,UPI,Smartphone,Postpaid,Yes,No
CUST07283,66,Male,Mumbai,9,Month-to-Month,No Internet,338.28,3019.72,0.5,370,112,2,1,Credit Card,Smartphone,Prepaid,Yes,No
CUST07284,60,Male,Pune,3,Month-to-Month,Fiber Optic,887.7,2549.02,46.05,382,22,4,2,UPI,Router Only,Prepaid,Yes,Yes
CUST07285,51,Male,Ahmedabad,43,One Year,Fiber Optic,945.36,39694.74,32.06,399,43,1,0,UPI,Router Only,Prepaid,No,No
CUST07286,42,Female,Chennai,57,Two Year,No Internet,297.96,15870.56,7.49,188,93,0,0,Credit Card,Tablet,Prepaid,Yes,No
CUST07287,33,Male,Mumbai,62,Two Year,DSL,689.29,44831.97,37.63,373,0,1,0,UPI,Router Only,Postpaid,No,No
CUST07288,51,Female,Ahmedabad,22,Month-to-Month,Fiber Optic,960.66,19629.65,26.43,458,26,3,1,Net Banking,Feature Phone,Postpaid,Yes,Yes
CUST07289,46,Female,Hyderabad,16,One Year,DSL,658.32,10923.94,19.0,297,3,1,0,UPI,Feature Phone,Postpaid,No,No
CUST07290,36,Male,Bangalore,7,Month-to-Month,Fiber Optic,790.07,5698.27,56.35,323,84,0,0,UPI,Smartphone,Prepaid,No,Yes
CUST07291,40,Other,Chennai,0,Month-to-Month,No Internet,177.22,177.22,5.06,351,60,2,1,UPI,Smartphone,Prepaid,No,Yes
CUST07292,36,Female,Pune,4,Month-to-Month,No Internet,545.06,2268.67,5.73,442,42,3,1,Net Banking,Router Only,Postpaid,No,Yes
CUST07293,42,Male,Chennai,24,Month-to-Month,No Internet,363.62,8908.91,10.55,310,92,0,0,UPI,Tablet,Postpaid,Yes,No
CUST07294,33,Male,Jaipur,11,Month-to-Month,Fiber Optic,745.65,7815.66,58.82,91,41,2,1,Debit Card,Smartphone,Prepaid,Yes,Yes
CUST07295,68,Female,Chennai,34,Two Year,No Internet,305.1,9599.92,5.78,319,29,0,0,Net Banking,Smartphone,Prepaid,Yes,No
CUST07296,26,Male,Ahmedabad,5,Month-to-Month,DSL,465.06,2268.49,29.03,156,80,1,0,Credit Card,Feature Phone,Prepaid,Yes,Yes
CUST07297,18,Male,Chennai,50,Two Year,Fiber Optic,932.75,42011.91,69.05,189,29,4,2,Debit Card,Smartphone,Postpaid,Yes,No
CUST07298,59,Male,Mumbai,0,Month-to-Month,DSL,524.99,524.99,7.59,414,51,2,1,UPI,Smartphone,Prepaid,No,Yes
CUST07299,36,Female,Hyderabad,30,Two Year,No Internet,412.94,12740.33,16.65,547,12,1,0,Net Banking,Smartphone,Postpaid,Yes,No
CUST07300,50,Female,Delhi,1,Month-to-Month,DSL,417.94,427.62,18.07,283,34,0,0,Credit Card,Smartphone,Prepaid,Yes,No
CUST07301,51,Female,Mumbai,11,One Year,Fiber Optic,960.66,10076.9,44.71,463,35,6,2,Credit Card,Router Only,Postpaid,Yes,No
CUST07302,33,Male,Kolkata,20,One Year,No Internet,420.83,7719.9,1.88,270,28,2,1,Debit Card,Tablet,Postpaid,No,No
CUST07303,61,Female,Pune,29,Two Year,Fiber Optic,806.77,23552.33,37.81,414,37,2,1,Debit Card,Smartphone,Prepaid,Yes,No
CUST07304,57,Female,Delhi,7,Month-to-Month,No Internet,236.46,1650.62,0.5,385,69,0,0,Net Banking,Tablet,Prepaid,No,No
CUST07305,35,Male,Bangalore,1,Month-to-Month,DSL,564.46,577.72,31.4,285,42,6,2,Cash,Smartphone,Postpaid,No,Yes
CUST07306,51,Male,Delhi,20,One Year,DSL,499.42,9752.84,13.91,213,49,1,0,Credit Card,Smartphone,Prepaid,No,No
CUST07307,42,Female,Ahmedabad,43,Month-to-Month,DSL,663.53,26326.46,25.97,314,43,2,1,Credit Card,Tablet,Postpaid,Yes,No
CUST07308,62,Female,Delhi,8,One Year,Fiber Optic,781.99,6397.7,53.6,427,15,0,0,Net Banking,Feature Phone,Postpaid,Yes,No
CUST07309,23,Female,Pune,11,Month-to-Month,No Internet,221.78,2452.62,8.6,187,0,0,0,Credit Card,Smartphone,Prepaid,No,Yes
CUST07310,38,Female,Chennai,1,Month-to-Month,Fiber Optic,804.02,839.15,41.76,104,18,0,0,Debit Card,Tablet,Prepaid,No,Yes
CUST07311,23,Female,Hyderabad,18,Month-to-Month,DSL,754.09,12399.04,33.35,220,49,2,1,Debit Card,Router Only,Postpaid,Yes,Yes
CUST07312,49,Male,Mumbai,27,Month-to-Month,Fiber Optic,914.77,24402.8,42.22,259,54,1,0,Debit Card,Smartphone,Prepaid,Yes,No
CUST07313,58,Female,Bangalore,44,Two Year,Fiber Optic,858.27,37592.88,28.93,419,79,2,1,Debit Card,Smartphone,Prepaid,Yes,No
CUST07314,65,Female,Kolkata,23,Month-to-Month,DSL,622.69,15037.74,6.76,316,24,0,0,Debit Card,Router Only,Prepaid,No,No
CUST07315,60,Other,Kolkata,26,One Year,No Internet,404.63,10782.0,17.28,333,0,0,0,UPI,Router Only,Prepaid,Yes,No
CUST07316,56,Male,Pune,3,Month-to-Month,Fiber Optic,958.22,2721.97,32.05,511,17,2,1,UPI,Smartphone,Postpaid,No,Yes
CUST07317,48,Female,Kolkata,12,Month-to-Month,Fiber Optic,981.39,11434.2,38.41,383,65,1,0,UPI,Smartphone,Postpaid,Yes,Yes
CUST07318,59,Female,Delhi,2,Month-to-Month,DSL,822.19,1568.12,23.09,311,0,1,1,Net Banking,Router Only,Postpaid,Yes,No
CUST07319,27,Male,Delhi,5,Month-to-Month,DSL,553.36,2871.05,16.82,393,19,1,0,Net Banking,Smartphone,Postpaid,Yes,Yes
CUST07320,47,Male,Ahmedabad,15,Two Year,Fiber Optic,913.85,13414.66,45.32,311,34,2,1,Credit Card,Smartphone,Prepaid,Yes,No
CUST07321,69,Female,Ahmedabad,11,Two Year,DSL,485.67,5530.79,23.51,269,40,1,0,UPI,Smartphone,Prepaid,Yes,No
CUST07322,35,Male,Pune,58,Two Year,Fiber Optic,857.49,47461.13,53.52,357,49,0,0,Net Banking,Smartphone,Prepaid,Yes,No
CUST07323,41,Female,Chennai,13,Month-to-Month,Fiber Optic,828.31,9981.57,47.77,131,12,1,0,Net Banking,Smartphone,Prepaid,No,Yes
CUST07324,69,Female,Bangalore,18,One Year,DSL,673.03,11887.12,25.76,428,28,1,1,Debit Card,Smartphone,Postpaid,No,No
CUST07325,26,Male,Mumbai,55,Two Year,DSL,721.62,41597.02,36.11,387,65,2,1,UPI,Smartphone,Postpaid,No,No
CUST07326,48,Other,Pune,3,Month-to-Month,Fiber Optic,959.96,2863.38,25.22,276,29,3,1,UPI,Smartphone,Postpaid,No,Yes
CUST07327,32,Female,Jaipur,28,One Year,DSL,713.59,18147.37,23.21,392,3,0,0,UPI,Smartphone,Postpaid,Yes,No
CUST07328,21,Female,Bangalore,33,One Year,DSL,516.79,15435.02,35.3,328,58,1,0,Debit Card,Smartphone,Prepaid,Yes,No
CUST07329,57,Male,Mumbai,20,One Year,DSL,593.24,11442.99,14.25,573,35,2,1,Debit Card,Smartphone,Postpaid,No,No
CUST07330,26,Female,Mumbai,28,One Year,DSL,682.01,17293.61,27.95,381,16,2,1,UPI,Router Only,Postpaid,No,No
CUST07331,62,Male,Delhi,25,One Year,Fiber Optic,977.59,22379.1,46.59,393,0,7,3,Debit Card,Feature Phone,Postpaid,No,No
CUST07332,26,Male,Hyderabad,37,One Year,DSL,553.28,20737.83,25.34,173,37,1,1,Credit Card,Router Only,Prepaid,Yes,No
CUST07333,43,Male,Lucknow,34,Two Year,No Internet,280.9,9681.82,19.04,265,54,0,0,Cash,Smartphone,Prepaid,No,No
CUST07334,21,Male,Kolkata,4,Month-to-Month,Fiber Optic,844.39,3133.38,66.28,186,86,1,0,Credit Card,Router Only,Prepaid,Yes,No
CUST07335,34,Male,Jaipur,17,One Year,Fiber Optic,870.71,15211.59,24.75,278,62,4,2,Credit Card,Tablet,Prepaid,No,Yes
CUST07336,33,Other,Chennai,5,Month-to-Month,DSL,690.14,3196.51,22.44,44,51,1,0,Net Banking,Router Only,Prepaid,No,Yes
CUST07337,32,Female,Hyderabad,48,Two Year,DSL,689.83,33596.48,30.11,307,30,0,0,Debit Card,Smartphone,Postpaid,Yes,No
CUST07338,52,Male,Lucknow,17,Month-to-Month,DSL,490.78,8262.85,25.61,323,4,0,0,Debit Card,Feature Phone,Prepaid,Yes,No
CUST07339,69,Male,Bangalore,19,Month-to-Month,DSL,492.59,9625.69,18.94,361,61,1,0,UPI,Smartphone,Prepaid,Yes,No
CUST07340,22,Female,Jaipur,45,Two Year,DSL,621.76,28343.21,24.5,194,83,2,1,Credit Card,Router Only,Prepaid,Yes,No
CUST07341,22,Male,Kolkata,30,One Year,DSL,614.03,16579.72,34.07,267,58,0,0,Debit Card,Smartphone,Prepaid,Yes,Yes
CUST07342,37,Female,Bangalore,46,Month-to-Month,Fiber Optic,1064.53,44517.71,43.6,476,8,1,0,Credit Card,Router Only,Postpaid,Yes,No
CUST07343,32,Female,Hyderabad,16,Month-to-Month,Fiber Optic,852.58,12342.99,48.11,81,40,2,1,Debit Card,Smartphone,Prepaid,Yes,No
CUST07344,35,Female,Bangalore,46,Two Year,No Internet,201.71,9510.9,8.11,237,48,1,0,Net Banking,Smartphone,Prepaid,Yes,No
CUST07345,64,Male,Delhi,5,Month-to-Month,No Internet,249.31,1233.32,0.5,390,64,3,1,Cash,Smartphone,Prepaid,No,No
CUST07346,19,Male,Bangalore,0,Month-to-Month,DSL,743.33,,,308,10,4,1,Debit Card,Smartphone,Postpaid,No,Yes
CUST07347,46,Male,Jaipur,25,One Year,Fiber Optic,1057.65,25337.94,41.23,388,6,2,1,Credit Card,Smartphone,Postpaid,No,Yes
CUST07348,30,Male,Kolkata,14,One Year,DSL,583.97,,31.31,402,13,2,1,Credit Card,Smartphone,Postpaid,Yes,No
CUST07349,21,Male,Mumbai,26,One Year,DSL,649.96,16071.01,28.24,159,52,1,0,Debit Card,Smartphone,Postpaid,No,No
CUST07350,59,Female,Bangalore,30,One Year,DSL,666.42,18805.12,23.06,252,33,1,0,Net Banking,Router Only,Prepaid,Yes,No
CUST07351,62,Female,Chennai,30,Two Year,DSL,571.9,17625.1,21.48,231,24,1,0,Net Banking,Smartphone,Prepaid,No,No
CUST07352,27,Female,Bangalore,36,Two Year,Fiber Optic,789.39,26710.13,51.97,173,71,1,0,Credit Card,Smartphone,Prepaid,No,No
CUST07353,48,Female,Hyderabad,37,One Year,Fiber Optic,949.54,32322.85,45.41,551,0,2,1,Credit Card,Smartphone,Postpaid,No,No
CUST07354,58,Male,Pune,1,Month-to-Month,DSL,567.06,567.06,22.94,331,25,4,2,Credit Card,Router Only,Prepaid,Yes,Yes
CUST07355,25,Female,Hyderabad,4,Month-to-Month,No Internet,308.92,1259.97,0.5,160,36,0,0,Net Banking,Smartphone,Postpaid,Yes,Yes
CUST07356,20,Male,Mumbai,37,One Year,No Internet,235.9,8380.07,7.31,81,16,2,1,UPI,Smartphone,Prepaid,No,No
CUST07357,65,Male,Hyderabad,58,Month-to-Month,DSL,677.41,38986.18,26.14,259,27,1,0,Debit Card,Smartphone,Postpaid,Yes,No
CUST07358,63,Female,Bangalore,13,Month-to-Month,Fiber Optic,708.9,8578.17,33.82,271,42,1,1,Cash,Smartphone,Prepaid,No,No
CUST07359,26,Female,Mumbai,20,One Year,Fiber Optic,1114.82,20318.81,57.17,345,33,0,0,Cash,Feature Phone,Postpaid,No,No
CUST07360,47,Female,Mumbai,48,Two Year,Fiber Optic,899.31,40365.49,48.48,264,29,1,0,UPI,Router Only,Prepaid,Yes,No
CUST07361,28,Male,Bangalore,0,Month-to-Month,DSL,602.54,602.54,26.79,126,106,3,1,Credit Card,Smartphone,Prepaid,No,No
CUST07362,52,Male,Jaipur,8,One Year,Fiber Optic,987.1,7922.1,42.6,321,42,1,0,Credit Card,Smartphone,Postpaid,Yes,No
CUST07363,54,Male,Pune,23,One Year,DSL,574.57,12056.46,23.37,204,5,1,0,Credit Card,Feature Phone,Prepaid,No,Yes
CUST07364,59,Male,Pune,20,Month-to-Month,No Internet,429.18,8001.73,15.68,460,0,2,1,UPI,Router Only,Postpaid,Yes,No
CUST07365,30,Male,Hyderabad,22,One Year,Fiber Optic,845.45,17385.91,64.87,170,7,1,0,UPI,Smartphone,Prepaid,Yes,No
CUST07366,53,Female,Delhi,20,Month-to-Month,Fiber Optic,911.33,17174.42,32.44,413,4,3,1,UPI,Smartphone,Postpaid,No,Yes
CUST07367,30,Female,Bangalore,19,Month-to-Month,Fiber Optic,804.64,15272.73,55.64,285,36,4,1,Credit Card,Smartphone,Prepaid,Yes,Yes
CUST07368,29,Male,Kolkata,10,One Year,Fiber Optic,989.75,9152.83,50.31,375,45,1,0,Net Banking,Feature Phone,Postpaid,Yes,No
CUST07369,54,Female,Bangalore,32,One Year,DSL,660.27,19390.04,16.04,446,36,4,1,UPI,Smartphone,Postpaid,No,No
CUST07370,27,Male,Chennai,21,Month-to-Month,DSL,626.2,12845.88,34.18,408,13,1,0,Credit Card,Tablet,Postpaid,No,Yes
CUST07371,26,Female,Mumbai,14,Month-to-Month,DSL,506.87,6734.64,15.2,232,66,1,1,Net Banking,Smartphone,Prepaid,Yes,Yes
CUST07372,69,Male,Jaipur,30,One Year,No Internet,299.98,8399.15,0.5,370,14,1,0,Cash,Smartphone,Prepaid,Yes,No
CUST07373,24,Female,Jaipur,12,Month-to-Month,Fiber Optic,886.69,9854.11,73.56,159,98,3,1,UPI,Router Only,Prepaid,Yes,No
CUST07374,19,Female,Delhi,2,Month-to-Month,DSL,671.19,1260.73,34.6,291,34,2,1,Credit Card,Smartphone,Postpaid,Yes,Yes
CUST07375,40,Female,Pune,8,Month-to-Month,DSL,494.43,3582.72,29.8,222,69,2,1,Credit Card,Smartphone,Prepaid,Yes,Yes
CUST07376,56,Male,Delhi,33,One Year,Fiber Optic,879.48,27479.14,36.6,351,12,5,3,Credit Card,Smartphone,Postpaid,No,Yes
CUST07377,57,Female,Chennai,57,Two Year,Fiber Optic,894.28,48806.82,38.29,229,58,2,1,Net Banking,Tablet,Prepaid,Yes,No
CUST07378,56,Male,Delhi,46,Two Year,DSL,546.34,23469.42,25.17,229,26,1,0,UPI,Smartphone,Prepaid,No,No
CUST07379,38,Male,Delhi,34,Month-to-Month,Fiber Optic,875.52,29672.1,36.55,162,49,0,0,UPI,Router Only,Prepaid,Yes,Yes
CUST07380,40,Male,Delhi,13,Month-to-Month,No Internet,445.54,5958.96,0.5,326,15,0,0,Net Banking,Router Only,Postpaid,Yes,No
CUST07381,46,Female,Lucknow,19,One Year,Fiber Optic,916.31,17598.35,53.85,474,25,1,0,Cash,Smartphone,Postpaid,Yes,No
CUST07382,31,Female,Ahmedabad,59,Two Year,Fiber Optic,932.64,51162.1,61.15,307,79,4,1,Debit Card,Router Only,Prepaid,No,No
CUST07383,43,Male,Delhi,4,Month-to-Month,Fiber Optic,808.05,2972.33,55.13,297,55,4,1,UPI,Feature Phone,Prepaid,No,Yes
CUST07384,68,Female,Chennai,9,Month-to-Month,DSL,706.42,6603.55,17.72,427,4,1,0,Debit Card,Smartphone,Postpaid,Yes,No
CUST07385,22,Female,Mumbai,1,Month-to-Month,Fiber Optic,733.16,733.16,71.54,193,38,1,0,Debit Card,Smartphone,Prepaid,Yes,Yes
CUST07386,48,Female,Mumbai,19,One Year,Fiber Optic,816.56,15974.18,38.85,206,28,1,0,Net Banking,Smartphone,Prepaid,No,No
CUST07387,42,Male,Ahmedabad,8,Month-to-Month,Fiber Optic,938.56,7491.64,37.68,326,10,2,1,UPI,Smartphone,Postpaid,Yes,No
CUST07388,48,Male,Delhi,44,Two Year,Fiber Optic,915.65,40672.53,50.18,412,41,3,1,Credit Card,Smartphone,Postpaid,Yes,No
CUST07389,67,Female,Chennai,14,Month-to-Month,Fiber Optic,892.57,11611.62,32.06,356,32,0,0,Debit Card,Smartphone,Prepaid,Yes,No
CUST07390,37,Male,Bangalore,9,Month-to-Month,Fiber Optic,776.86,7124.33,51.47,285,43,4,1,Net Banking,Smartphone,Prepaid,Yes,Yes
CUST07391,61,Female,Mumbai,4,Month-to-Month,DSL,497.88,1912.84,18.53,118,30,1,0,Cash,Smartphone,Prepaid,Yes,Yes
CUST07392,34,Male,Bangalore,58,Month-to-Month,DSL,388.89,21550.86,28.28,177,53,2,1,UPI,Tablet,Prepaid,Yes,Yes
CUST07393,62,Male,Lucknow,10,One Year,Fiber Optic,981.29,9738.33,38.83,337,12,3,1,Debit Card,Router Only,Prepaid,Yes,No
CUST07394,19,Male,Kolkata,16,One Year,Fiber Optic,745.01,11223.32,67.26,84,63,3,2,Debit Card,Feature Phone,Prepaid,Yes,No
CUST07395,42,Male,Delhi,9,Month-to-Month,No Internet,304.83,2580.1,0.5,405,23,1,0,UPI,Smartphone,Postpaid,No,No
CUST07396,30,Female,Ahmedabad,15,One Year,DSL,703.1,9615.97,22.73,524,12,0,0,UPI,Smartphone,Postpaid,Yes,No
CUST07397,56,Male,Jaipur,11,One Year,No Internet,465.23,4909.99,0.5,425,17,0,0,Credit Card,Smartphone,Postpaid,Yes,No
CUST07398,45,Female,Mumbai,10,Month-to-Month,Fiber Optic,839.2,8320.83,54.34,139,21,2,1,Debit Card,Smartphone,Prepaid,No,Yes
CUST07399,59,Male,Bangalore,2,Month-to-Month,Fiber Optic,843.82,1585.72,28.59,423,0,4,1,UPI,Smartphone,Postpaid,Yes,Yes
CUST07400,23,Female,Delhi,27,Month-to-Month,DSL,773.1,21588.18,24.86,445,60,0,0,UPI,Router Only,Postpaid,Yes,No
CUST07401,20,Female,Bangalore,6,Month-to-Month,Fiber Optic,629.1,3949.34,67.85,162,48,0,0,UPI,Smartphone,Prepaid,Yes,No
CUST07402,52,Female,Pune,34,Month-to-Month,Fiber Optic,824.68,25847.06,36.29,174,60,4,1,Cash,Router Only,Prepaid,No,Yes
CUST07403,35,Female,Mumbai,0,Month-to-Month,Fiber Optic,777.51,777.51,54.19,230,47,2,1,UPI,Smartphone,Prepaid,Yes,No
CUST07404,28,Female,Delhi,20,Month-to-Month,Fiber Optic,862.51,16306.0,58.86,299,78,2,1,Debit Card,Feature Phone,Prepaid,Yes,No
CUST07405,37,Male,Bangalore,35,Two Year,Fiber Optic,916.71,30770.4,59.15,183,22,2,1,Net Banking,Router Only,Prepaid,No,No
CUST07406,22,Female,Bangalore,19,Month-to-Month,DSL,579.18,10635.93,22.46,144,83,1,0,Debit Card,Smartphone,Prepaid,Yes,No
CUST07407,36,Female,Chennai,10,Month-to-Month,DSL,562.94,5447.07,27.08,157,33,1,0,Debit Card,Router Only,Prepaid,Yes,No
CUST07408,39,Female,Pune,11,One Year,Fiber Optic,879.12,9250.84,53.01,518,0,2,1,UPI,Smartphone,Postpaid,No,Yes
CUST07409,36,Female,Delhi,24,Month-to-Month,Fiber Optic,896.03,20506.0,43.95,173,35,2,1,Debit Card,Router Only,Prepaid,No,No
CUST07410,64,Female,Hyderabad,57,Month-to-Month,DSL,475.41,24701.9,14.14,253,30,0,0,Debit Card,Feature Phone,Prepaid,No,No
CUST07411,33,Male,Mumbai,19,Month-to-Month,Fiber Optic,809.52,14738.97,51.64,226,29,6,2,UPI,Smartphone,Prepaid,No,Yes
CUST07412,41,Female,Lucknow,44,Two Year,DSL,683.8,31539.63,7.49,397,30,0,0,Cash,Smartphone,Postpaid,Yes,No
CUST07413,58,Male,Bangalore,8,Month-to-Month,DSL,561.16,4349.07,17.61,299,24,1,0,UPI,Feature Phone,Prepaid,Yes,No
CUST07414,21,Male,Delhi,60,Two Year,Fiber Optic,962.1,55159.05,72.94,309,36,1,0,Debit Card,Smartphone,Postpaid,No,No
CUST07415,32,Female,Delhi,17,One Year,Fiber Optic,963.89,16618.5,42.71,322,25,2,1,Credit Card,Smartphone,Postpaid,No,Yes
CUST07416,42,Male,Mumbai,28,One Year,DSL,480.02,13891.18,21.58,123,22,1,0,Debit Card,Smartphone,Prepaid,Yes,No
CUST07417,61,Male,Delhi,23,One Year,Fiber Optic,815.95,18754.86,41.77,144,83,0,0,Credit Card,Smartphone,Prepaid,Yes,Yes
CUST07418,52,Female,Chennai,18,Month-to-Month,Fiber Optic,912.69,15673.1,37.04,274,64,1,0,UPI,Smartphone,Prepaid,No,No
CUST07419,31,Female,Ahmedabad,16,Month-to-Month,Fiber Optic,1024.59,15747.65,65.75,371,6,0,0,UPI,Router Only,Postpaid,Yes,No
CUST07420,66,Female,Mumbai,0,Month-to-Month,No Internet,392.97,392.97,0.5,426,16,5,2,UPI,Feature Phone,Postpaid,No,Yes
CUST07421,36,Female,Chennai,65,Month-to-Month,No Internet,468.17,27859.5,1.09,404,65,0,0,Net Banking,Smartphone,Postpaid,No,No
CUST07422,55,Female,Pune,40,Two Year,DSL,616.78,24192.23,11.17,102,7,1,0,UPI,Smartphone,Prepaid,No,No
CUST07423,53,Male,Bangalore,6,One Year,Fiber Optic,889.34,4950.84,27.67,385,69,1,0,UPI,Feature Phone,Postpaid,Yes,No
CUST07424,24,Female,Delhi,62,Month-to-Month,DSL,592.03,36713.67,49.01,355,20,0,0,Debit Card,Smartphone,Postpaid,No,No
CUST07425,47,Male,Mumbai,7,One Year,Fiber Optic,744.3,5281.64,45.34,355,18,0,0,Net Banking,Smartphone,Prepaid,No,No
CUST07426,36,Male,Jaipur,26,Two Year,Fiber Optic,682.08,17524.52,61.36,212,84,7,3,Cash,Smartphone,Prepaid,Yes,No
CUST07427,66,Female,Ahmedabad,34,Two Year,DSL,654.34,20952.16,20.21,502,0,5,3,Cash,Smartphone,Postpaid,Yes,No
CUST07428,42,Female,Delhi,40,One Year,DSL,602.13,24640.5,39.58,30,8,2,1,Cash,Smartphone,Prepaid,Yes,No
CUST07429,33,Male,Mumbai,13,Month-to-Month,Fiber Optic,1006.3,12169.88,62.29,265,54,2,1,Cash,Smartphone,Postpaid,No,No
CUST07430,64,Male,Kolkata,42,Month-to-Month,No Internet,496.0,19431.95,0.5,423,5,2,1,UPI,Router Only,Postpaid,Yes,No
CUST07431,57,Female,Hyderabad,6,Month-to-Month,Fiber Optic,871.2,4811.78,43.65,307,34,2,1,UPI,Smartphone,Prepaid,Yes,No
CUST07432,68,Female,Kolkata,8,Month-to-Month,DSL,766.95,6221.13,25.68,311,13,0,0,Credit Card,Smartphone,Postpaid,No,Yes
CUST07433,25,Female,Mumbai,3,Month-to-Month,DSL,502.33,1479.39,28.21,135,68,0,0,Net Banking,Smartphone,Prepaid,No,No
CUST07434,35,Male,Lucknow,40,Two Year,Fiber Optic,797.83,29247.09,65.63,112,46,1,1,Net Banking,Smartphone,Prepaid,No,No
CUST07435,45,Female,Kolkata,47,Two Year,Fiber Optic,908.0,42191.01,40.12,445,22,1,0,Net Banking,Tablet,Postpaid,No,No
CUST07436,33,Male,Mumbai,23,One Year,Fiber Optic,1000.6,23675.31,43.88,377,21,3,1,UPI,Smartphone,Postpaid,No,No
CUST07437,69,Male,Hyderabad,13,One Year,No Internet,343.23,4318.21,3.23,241,0,1,0,Net Banking,Feature Phone,Prepaid,No,No
CUST07438,36,Female,Delhi,6,Month-to-Month,DSL,811.76,4990.25,26.7,294,41,0,0,UPI,Router Only,Postpaid,No,No
CUST07439,59,Female,Bangalore,30,Month-to-Month,Fiber Optic,738.3,23043.76,31.29,211,28,1,1,Credit Card,Smartphone,Prepaid,Yes,No
CUST07440,34,Male,Pune,33,Two Year,No Internet,448.12,13900.52,18.35,394,24,1,0,Credit Card,Smartphone,Postpaid,Yes,No
CUST07441,62,Male,Bangalore,32,Month-to-Month,DSL,602.42,18981.51,10.3,413,39,2,1,Net Banking,Smartphone,Postpaid,No,Yes
CUST07442,30,Female,Pune,25,One Year,Fiber Optic,671.29,17347.71,73.94,156,48,1,0,UPI,Feature Phone,Prepaid,Yes,No
CUST07443,24,Male,Mumbai,2,Month-to-Month,DSL,651.98,1292.83,26.39,290,78,2,1,Debit Card,Feature Phone,Postpaid,Yes,No
CUST07444,44,Male,Pune,31,Two Year,Fiber Optic,1020.81,30548.52,37.07,583,24,2,1,UPI,Smartphone,Postpaid,No,Yes
CUST07445,27,Male,Bangalore,21,One Year,Fiber Optic,761.67,15826.21,55.04,148,72,2,1,Credit Card,Feature Phone,Prepaid,No,No
CUST07446,51,Male,Kolkata,32,One Year,Fiber Optic,913.96,29598.74,41.15,358,0,1,0,Net Banking,Smartphone,Postpaid,Yes,No
CUST07447,53,Male,Delhi,32,Month-to-Month,Fiber Optic,1093.53,32935.27,30.51,248,50,4,2,Credit Card,Router Only,Postpaid,Yes,No
CUST07448,42,Female,Bangalore,1,Month-to-Month,DSL,754.07,754.07,36.78,351,25,3,1,Debit Card,Router Only,Postpaid,Yes,No
CUST07449,23,Female,Hyderabad,1,Month-to-Month,Fiber Optic,791.16,791.16,83.72,240,135,3,1,UPI,Tablet,Prepaid,Yes,Yes
CUST07450,41,Female,Bangalore,38,Month-to-Month,Fiber Optic,755.8,28981.59,50.5,209,3,5,1,Net Banking,Smartphone,Prepaid,Yes,Yes
CUST07451,35,Female,Bangalore,30,Two Year,No Internet,451.35,12412.32,3.7,471,62,1,1,Net Banking,Smartphone,Postpaid,No,No
CUST07452,40,Female,Bangalore,43,Two Year,Fiber Optic,783.46,31954.37,52.19,208,87,0,0,Credit Card,Smartphone,Prepaid,Yes,No
CUST07453,23,Female,Lucknow,30,Month-to-Month,Fiber Optic,772.33,23750.59,67.4,126,80,1,0,Net Banking,Smartphone,Prepaid,No,No
CUST07454,46,Female,Mumbai,26,Month-to-Month,DSL,519.32,13944.84,14.86,394,52,0,0,UPI,Tablet,Prepaid,Yes,No
CUST07455,42,Male,Kolkata,20,Two Year,No Internet,273.78,5723.08,0.5,19,52,1,0,Credit Card,Router Only,Prepaid,No,No
CUST07456,34,Female,Hyderabad,7,Month-to-Month,Fiber Optic,787.57,5464.74,63.72,284,43,4,2,UPI,Tablet,Prepaid,Yes,No
CUST07457,63,Male,Bangalore,11,Month-to-Month,DSL,666.74,6863.59,22.04,412,18,2,1,Net Banking,Smartphone,Postpaid,No,Yes
CUST07458,41,Female,Chennai,3,Month-to-Month,DSL,531.08,1592.89,25.4,36,48,1,0,UPI,Smartphone,Prepaid,Yes,No
CUST07459,28,Female,Ahmedabad,27,Month-to-Month,DSL,520.39,13043.96,32.35,417,40,2,1,Cash,Smartphone,Prepaid,No,Yes
CUST07460,43,Female,Hyderabad,25,Month-to-Month,DSL,431.35,10094.53,17.55,157,30,0,0,UPI,Tablet,Prepaid,No,No
CUST07461,68,Female,Ahmedabad,0,Month-to-Month,DSL,648.64,648.64,12.15,375,0,2,1,UPI,Router Only,Postpaid,No,Yes
CUST07462,51,Male,Delhi,23,One Year,No Internet,386.35,8010.44,4.8,455,0,2,1,Credit Card,Smartphone,Postpaid,No,No
CUST07463,45,Male,Pune,21,One Year,No Internet,317.7,6554.33,5.31,374,45,0,0,Net Banking,Smartphone,Postpaid,No,No
CUST07464,20,Male,Bangalore,36,Month-to-Month,Fiber Optic,922.82,30190.05,87.22,25,35,3,1,UPI,Feature Phone,Prepaid,No,Yes
CUST07465,28,Male,Bangalore,20,Month-to-Month,No Internet,149.0,2781.58,0.5,259,25,4,2,UPI,Smartphone,Prepaid,No,Yes
CUST07466,55,Male,Chennai,33,Two Year,Fiber Optic,930.39,29262.63,36.79,205,0,4,2,UPI,Router Only,Prepaid,Yes,No
CUST07467,31,Male,Hyderabad,22,One Year,DSL,466.87,9411.27,39.78,446,26,2,1,UPI,Tablet,Prepaid,No,No
CUST07468,68,Male,Bangalore,13,Month-to-Month,No Internet,347.62,4090.59,0.5,170,33,2,1,Net Banking,Smartphone,Prepaid,No,Yes
CUST07469,43,Female,Mumbai,3,Month-to-Month,Fiber Optic,824.13,2357.0,24.71,380,50,4,2,UPI,Tablet,Prepaid,Yes,Yes
CUST07470,65,Male,Chennai,8,Month-to-Month,Fiber Optic,1021.78,7984.44,33.19,496,7,1,0,UPI,Tablet,Postpaid,No,Yes
CUST07471,38,Male,Hyderabad,19,Month-to-Month,No Internet,204.06,3958.63,0.5,307,107,1,0,Credit Card,Smartphone,Prepaid,No,No
CUST07472,56,Male,Mumbai,45,Two Year,Fiber Optic,876.58,37501.24,24.69,530,39,0,0,UPI,Smartphone,Postpaid,Yes,No
CUST07473,47,Female,Mumbai,6,Month-to-Month,Fiber Optic,894.88,5082.79,44.05,415,19,3,2,UPI,Tablet,Postpaid,Yes,No
CUST07474,25,Male,Kolkata,36,One Year,DSL,516.93,16780.32,31.93,151,54,0,0,UPI,Router Only,Prepaid,No,No
CUST07475,68,Female,Kolkata,11,Month-to-Month,Fiber Optic,793.26,8660.82,32.3,356,21,1,0,UPI,Smartphone,Prepaid,Yes,Yes
CUST07476,37,Male,Mumbai,54,Two Year,No Internet,271.69,14889.04,17.46,318,7,1,0,Credit Card,Router Only,Prepaid,No,No
CUST07477,65,Female,Mumbai,1,Month-to-Month,Fiber Optic,940.47,940.47,49.06,414,0,5,2,Credit Card,Smartphone,Postpaid,Yes,No
CUST07478,49,Female,Mumbai,20,Month-to-Month,No Internet,373.69,6732.78,0.5,480,27,1,0,Net Banking,Feature Phone,Postpaid,No,No
CUST07479,39,Male,Jaipur,38,One Year,No Internet,488.71,19126.34,9.24,356,20,0,0,UPI,Feature Phone,Postpaid,Yes,No
CUST07480,24,Male,Kolkata,31,One Year,DSL,474.17,13841.31,16.44,128,42,1,0,Debit Card,Smartphone,Prepaid,Yes,No
CUST07481,26,Male,Delhi,31,One Year,DSL,671.5,20377.1,24.07,421,68,0,0,UPI,Smartphone,Postpaid,No,No
CUST07482,62,Female,Ahmedabad,33,One Year,DSL,528.88,17432.88,18.19,353,0,2,1,Debit Card,Feature Phone,Prepaid,Yes,No
CUST07483,18,Male,Delhi,3,Month-to-Month,Fiber Optic,963.31,2880.4,58.0,214,36,1,0,Credit Card,Smartphone,Postpaid,No,Yes
CUST07484,46,Female,Mumbai,9,Month-to-Month,Fiber Optic,862.03,7633.3,52.35,274,38,0,0,Debit Card,Router Only,Prepaid,Yes,No
CUST07485,25,Female,Jaipur,31,One Year,No Internet,254.78,7346.04,0.5,144,99,0,0,Debit Card,Smartphone,Prepaid,No,No
CUST07486,21,Female,Ahmedabad,7,One Year,DSL,719.42,5104.52,23.15,180,94,0,0,Credit Card,Smartphone,Postpaid,Yes,No
CUST07487,52,Male,Kolkata,22,Month-to-Month,No Internet,444.35,9632.29,0.5,511,0,2,1,UPI,Smartphone,Postpaid,Yes,No
CUST07488,20,Male,Bangalore,27,One Year,DSL,563.74,14434.18,32.52,425,90,1,0,UPI,Smartphone,Prepaid,No,No
CUST07489,62,Female,Mumbai,22,Two Year,Fiber Optic,855.61,18895.88,32.66,228,58,2,1,UPI,Router Only,Prepaid,No,No
CUST07490,57,Female,Jaipur,8,One Year,Fiber Optic,876.22,6467.69,33.04,306,42,3,1,UPI,Smartphone,Prepaid,No,No
CUST07491,24,Female,Pune,7,Month-to-Month,Fiber Optic,782.28,5229.64,65.91,114,16,2,1,Debit Card,Smartphone,Prepaid,Yes,Yes
CUST07492,44,Female,Mumbai,1,Month-to-Month,No Internet,314.52,314.52,14.02,448,22,0,0,UPI,Feature Phone,Prepaid,Yes,No
CUST07493,18,Female,Hyderabad,15,Month-to-Month,DSL,576.31,8247.73,38.9,33,82,2,1,UPI,Smartphone,Prepaid,No,No
CUST07494,44,Female,Jaipur,72,Month-to-Month,DSL,504.62,35718.76,30.45,171,63,2,1,Cash,Router Only,Prepaid,No,No
CUST07495,33,Female,Jaipur,18,Month-to-Month,DSL,657.24,11461.33,27.91,320,4,1,0,Cash,Smartphone,Postpaid,Yes,Yes
CUST07496,55,Male,Pune,26,Month-to-Month,Fiber Optic,731.51,18746.28,22.02,332,18,0,0,Net Banking,Smartphone,Prepaid,Yes,Yes
CUST07497,24,Female,Pune,3,Month-to-Month,Fiber Optic,933.08,2646.52,67.03,347,6,3,1,UPI,Smartphone,Postpaid,Yes,Yes
CUST07498,61,Male,Delhi,1,Month-to-Month,Fiber Optic,1020.68,1020.68,32.05,390,30,2,1,Cash,Smartphone,Postpaid,Yes,Yes
CUST07499,40,Male,Chennai,0,Month-to-Month,Fiber Optic,873.45,873.45,60.57,312,19,4,1,Credit Card,Feature Phone,Postpaid,Yes,Yes
CUST07500,58,Female,Pune,18,Month-to-Month,Fiber Optic,903.05,15514.74,32.39,137,0,3,1,UPI,Router Only,Prepaid,Yes,No
CUST07501,28,Male,Delhi,24,Month-to-Month,Fiber Optic,924.64,21369.15,59.81,185,121,5,2,UPI,Router Only,Prepaid,No,Yes
CUST07502,59,Male,Ahmedabad,2,Month-to-Month,No Internet,497.09,1002.26,12.08,403,33,0,0,Credit Card,Smartphone,Postpaid,Yes,Yes
CUST07503,50,Male,Jaipur,9,Month-to-Month,DSL,559.01,4748.21,6.59,351,0,3,1,Credit Card,Smartphone,Postpaid,No,No
CUST07504,67,Female,Mumbai,34,Two Year,Fiber Optic,966.02,33058.88,44.7,630,0,0,0,UPI,Smartphone,Postpaid,No,No
CUST07505,53,Female,Ahmedabad,27,One Year,DSL,734.74,19665.07,25.05,379,0,0,0,Debit Card,Router Only,Postpaid,Yes,No
CUST07506,54,Female,Pune,34,Month-to-Month,Fiber Optic,937.25,30039.87,46.34,459,0,1,0,Debit Card,Router Only,Prepaid,No,No
CUST07507,58,Male,Chennai,39,Two Year,DSL,492.83,20111.51,30.0,286,49,1,0,Debit Card,Smartphone,Prepaid,No,No
CUST07508,34,Male,Ahmedabad,0,Month-to-Month,Fiber Optic,966.98,966.98,53.43,251,0,1,0,UPI,Smartphone,Postpaid,Yes,No
CUST07509,52,Male,Mumbai,23,One Year,No Internet,356.99,8042.43,6.62,276,87,1,0,Credit Card,Router Only,Prepaid,No,No
CUST07510,65,Male,Kolkata,1,Month-to-Month,Fiber Optic,1003.64,1029.92,44.58,517,30,2,1,UPI,Smartphone,Postpaid,Yes,Yes
CUST07511,22,Female,Mumbai,29,Two Year,No Internet,310.76,8404.44,4.19,115,100,1,0,Net Banking,Smartphone,Prepaid,Yes,No
CUST07512,65,Male,Kolkata,15,Month-to-Month,DSL,616.07,8411.02,14.87,520,21,0,0,UPI,Smartphone,Postpaid,No,No
CUST07513,49,Male,Bangalore,2,Month-to-Month,DSL,556.13,1082.63,27.75,263,24,1,0,Debit Card,Smartphone,Postpaid,No,Yes
CUST07514,20,Male,Delhi,0,Month-to-Month,No Internet,422.86,422.86,3.23,265,44,2,1,Credit Card,Smartphone,Postpaid,No,Yes
CUST07515,69,Male,Bangalore,41,Two Year,Fiber Optic,925.17,34851.66,17.26,531,30,3,1,Debit Card,Smartphone,Postpaid,No,No
CUST07516,64,Male,Mumbai,10,Month-to-Month,Fiber Optic,916.72,8397.95,37.54,569,0,2,1,Net Banking,Smartphone,Postpaid,No,Yes
CUST07517,52,Female,Delhi,20,Month-to-Month,Fiber Optic,831.89,15178.26,45.52,244,36,3,1,Credit Card,Smartphone,Prepaid,No,No
CUST07518,69,Female,Delhi,0,Month-to-Month,No Internet,531.68,531.68,0.5,309,7,3,1,Net Banking,Router Only,Prepaid,No,Yes
CUST07519,31,Female,Kolkata,13,Two Year,Fiber Optic,905.4,12242.26,46.71,413,39,1,0,UPI,Smartphone,Postpaid,Yes,No
CUST07520,65,Female,Jaipur,0,Month-to-Month,Fiber Optic,919.75,919.75,41.08,487,0,1,0,Net Banking,Feature Phone,Postpaid,No,Yes
CUST07521,48,Male,Jaipur,18,One Year,Fiber Optic,739.3,13590.53,46.54,277,54,1,0,Debit Card,Smartphone,Prepaid,Yes,No
CUST07522,48,Female,Ahmedabad,5,Month-to-Month,DSL,472.86,2260.58,18.43,279,63,2,1,UPI,Smartphone,Prepaid,Yes,Yes
CUST07523,34,Female,Ahmedabad,18,One Year,Fiber Optic,779.47,13829.82,63.06,349,41,3,1,Net Banking,Tablet,Postpaid,Yes,No
CUST07524,41,Male,Delhi,16,Month-to-Month,Fiber Optic,964.77,16207.84,41.75,390,41,2,1,Credit Card,Tablet,Postpaid,No,Yes
CUST07525,69,Female,Kolkata,20,Month-to-Month,Fiber Optic,849.67,17418.1,48.05,596,0,1,0,Credit Card,Smartphone,Postpaid,No,Yes
CUST07526,40,Female,Kolkata,44,Two Year,Fiber Optic,777.71,31242.07,43.4,168,17,3,1,Credit Card,Smartphone,Prepaid,No,No
CUST07527,35,Male,Delhi,20,One Year,DSL,659.7,11878.87,37.77,416,52,1,0,UPI,Smartphone,Postpaid,No,No
CUST07528,67,Female,Pune,45,Two Year,DSL,548.56,23640.27,24.88,200,71,2,1,UPI,Router Only,Prepaid,No,No
CUST07529,31,Female,Bangalore,19,One Year,No Internet,325.61,5592.94,0.5,158,22,2,1,Credit Card,Tablet,Prepaid,Yes,No
CUST07530,67,Female,Jaipur,16,Month-to-Month,DSL,488.38,7925.05,7.08,162,37,1,1,Debit Card,Smartphone,Prepaid,Yes,No
CUST07531,32,Female,Pune,32,One Year,Fiber Optic,900.95,28579.65,61.11,317,0,1,0,Credit Card,Feature Phone,Postpaid,Yes,No
CUST07532,32,Male,Lucknow,20,One Year,DSL,596.83,11928.73,24.39,37,59,2,1,Credit Card,Router Only,Prepaid,Yes,No
CUST07533,23,Male,Delhi,57,Month-to-Month,No Internet,518.29,30682.14,20.51,324,48,4,2,Debit Card,Smartphone,Postpaid,No,No
CUST07534,44,Female,Delhi,15,Month-to-Month,Fiber Optic,915.79,14393.25,54.82,494,0,0,0,Credit Card,Smartphone,Postpaid,No,No
CUST07535,32,Female,Lucknow,4,Month-to-Month,DSL,408.72,1550.48,30.4,125,94,0,0,Debit Card,Smartphone,Prepaid,Yes,No
CUST07536,67,Female,Delhi,4,Month-to-Month,DSL,654.28,,,633,6,1,0,,Smartphone,Postpaid,Yes,Yes
CUST07537,53,Male,Bangalore,19,Month-to-Month,Fiber Optic,962.35,16528.63,29.0,351,46,0,0,UPI,Smartphone,Postpaid,No,Yes
CUST07538,25,Male,Chennai,25,Two Year,DSL,683.24,,,341,110,0,0,,Smartphone,Postpaid,Yes,No
CUST07539,32,Male,Jaipur,13,Two Year,DSL,615.5,7548.3,16.56,409,18,2,1,Credit Card,Router Only,Postpaid,No,No
CUST07540,20,Male,Mumbai,30,One Year,Fiber Optic,1089.97,29594.59,56.52,358,21,0,0,Net Banking,Smartphone,Postpaid,Yes,Yes
CUST07541,64,Male,Delhi,17,Month-to-Month,Fiber Optic,905.71,15236.29,25.69,460,39,0,0,Credit Card,Feature Phone,Postpaid,Yes,Yes
CUST07542,30,Male,Hyderabad,4,Month-to-Month,No Internet,386.56,1484.63,0.5,122,57,0,0,Credit Card,Tablet,Prepaid,No,No
CUST07543,58,Male,Hyderabad,22,One Year,Fiber Optic,744.58,16882.39,39.87,169,0,7,4,Debit Card,Tablet,Prepaid,Yes,No
CUST07544,51,Male,Mumbai,2,Month-to-Month,Fiber Optic,855.43,1565.94,39.98,298,0,2,1,UPI,Smartphone,Postpaid,No,Yes
CUST07545,41,Male,Ahmedabad,12,One Year,DSL,684.94,8131.28,24.57,417,47,0,0,Credit Card,Smartphone,Postpaid,No,No
CUST07546,57,Other,Kolkata,20,Two Year,Fiber Optic,906.69,18468.47,31.03,494,35,3,2,Cash,Smartphone,Postpaid,No,Yes
CUST07547,49,Female,Ahmedabad,18,Month-to-Month,No Internet,436.18,8086.01,2.0,405,30,1,0,Debit Card,Feature Phone,Postpaid,No,No
CUST07548,49,Male,Delhi,7,Month-to-Month,DSL,697.55,4446.99,24.64,462,31,1,0,Debit Card,Smartphone,Postpaid,No,No
CUST07549,47,Female,Pune,72,Month-to-Month,DSL,560.47,41056.36,13.36,339,0,1,0,Net Banking,Smartphone,Postpaid,Yes,No
CUST07550,69,Female,Lucknow,0,Month-to-Month,Fiber Optic,787.58,787.58,36.9,325,10,3,1,Debit Card,Smartphone,Prepaid,No,No
CUST07551,66,Female,Chennai,6,Month-to-Month,No Internet,433.96,2445.65,0.5,450,15,5,1,Debit Card,Smartphone,Postpaid,No,No
CUST07552,30,Male,Delhi,34,Two Year,No Internet,326.49,10491.87,15.19,217,77,0,0,UPI,Smartphone,Prepaid,Yes,No
CUST07553,18,Male,Lucknow,28,Two Year,Fiber Optic,748.35,21751.91,66.6,331,90,2,1,Credit Card,Feature Phone,Prepaid,Yes,No
CUST07554,51,Female,Hyderabad,51,Two Year,DSL,564.19,28605.16,33.57,393,47,0,0,Net Banking,Router Only,Prepaid,Yes,No
CUST07555,32,Male,Ahmedabad,35,Two Year,Fiber Optic,965.47,30566.73,58.63,485,15,5,2,UPI,Smartphone,Postpaid,No,No
CUST07556,61,Female,Delhi,32,Two Year,Fiber Optic,897.18,29361.87,43.5,422,0,4,1,Debit Card,Smartphone,Postpaid,No,No
CUST07557,31,Female,Pune,37,Two Year,Fiber Optic,922.4,35685.85,56.01,223,57,0,0,Debit Card,Feature Phone,Postpaid,No,No
CUST07558,46,Other,Jaipur,15,One Year,DSL,430.7,6212.45,18.05,277,82,1,0,Credit Card,Smartphone,Prepaid,No,No
CUST07559,51,Male,Hyderabad,35,Month-to-Month,No Internet,364.89,12934.93,6.37,447,0,2,1,UPI,Smartphone,Postpaid,No,Yes
CUST07560,35,Male,Mumbai,3,Month-to-Month,DSL,550.89,1666.79,38.43,193,100,0,0,UPI,Tablet,Prepaid,Yes,No
CUST07561,24,Male,Delhi,27,Month-to-Month,DSL,803.6,20835.04,28.3,299,33,2,1,Cash,Router Only,Postpaid,No,Yes
CUST07562,46,Female,Mumbai,7,Month-to-Month,No Internet,190.14,1288.41,8.17,95,70,3,1,UPI,Smartphone,Prepaid,No,Yes
CUST07563,48,Male,Bangalore,46,Two Year,No Internet,561.24,25639.66,1.16,398,6,3,2,Net Banking,Smartphone,Postpaid,No,No
CUST07564,42,Female,Pune,8,Month-to-Month,DSL,552.87,4096.17,31.52,156,51,0,0,Credit Card,Smartphone,Prepaid,Yes,Yes
CUST07565,55,Male,Delhi,13,Month-to-Month,No Internet,375.43,4763.42,8.71,383,21,1,0,Credit Card,Smartphone,Postpaid,Yes,No
CUST07566,31,Male,Delhi,9,Month-to-Month,Fiber Optic,758.18,6484.94,62.76,61,42,1,0,Cash,Smartphone,Prepaid,Yes,No
CUST07567,25,Male,Bangalore,5,Month-to-Month,Fiber Optic,817.19,3728.97,46.3,156,104,0,0,Debit Card,Smartphone,Prepaid,No,Yes
CUST07568,44,Female,Bangalore,3,Month-to-Month,Fiber Optic,793.95,2215.3,54.84,224,47,1,1,Net Banking,Smartphone,Prepaid,No,Yes
CUST07569,19,Female,Chennai,4,Month-to-Month,Fiber Optic,912.14,3558.18,54.92,334,62,1,1,Debit Card,Smartphone,Postpaid,Yes,Yes
CUST07570,34,Male,Pune,17,Month-to-Month,Fiber Optic,745.33,13128.63,39.61,46,42,3,1,Credit Card,Smartphone,Prepaid,No,Yes
CUST07571,54,Female,Jaipur,1,Month-to-Month,No Internet,221.63,228.08,18.73,282,69,0,0,Net Banking,Smartphone,Prepaid,Yes,Yes
CUST07572,31,Female,Mumbai,11,Month-to-Month,DSL,562.5,6420.48,28.61,127,57,4,2,Net Banking,Smartphone,Prepaid,No,No
CUST07573,42,Female,Hyderabad,6,Month-to-Month,DSL,660.41,3711.52,34.81,142,52,0,0,Net Banking,Router Only,Prepaid,Yes,No
CUST07574,47,Female,Bangalore,35,One Year,Fiber Optic,1057.28,37893.68,34.74,539,0,1,0,Net Banking,Smartphone,Postpaid,No,No
CUST07575,46,Male,Delhi,9,Month-to-Month,DSL,705.24,6039.46,28.11,524,5,1,1,UPI,Tablet,Postpaid,Yes,No
CUST07576,37,Male,Chennai,1,Month-to-Month,Fiber Optic,981.4,1024.92,37.36,438,21,2,1,Debit Card,Smartphone,Postpaid,Yes,Yes
CUST07577,38,Female,Kolkata,12,One Year,DSL,641.85,7233.03,16.29,192,29,1,0,Net Banking,Router Only,Prepaid,No,No
CUST07578,39,Male,Delhi,33,Month-to-Month,DSL,476.0,14918.89,37.58,348,37,1,1,UPI,Smartphone,Prepaid,No,Yes
CUST07579,52,Male,Delhi,31,Month-to-Month,DSL,517.58,14462.67,16.2,337,83,0,0,Cash,Smartphone,Prepaid,Yes,No
CUST07580,54,Male,Pune,34,Two Year,Fiber Optic,901.54,31828.6,37.15,326,17,5,2,Debit Card,Router Only,Prepaid,No,No
CUST07581,33,Female,Pune,21,One Year,No Internet,235.78,4912.12,14.3,190,65,2,1,Credit Card,Tablet,Prepaid,No,No
CUST07582,67,Male,Bangalore,0,Month-to-Month,Fiber Optic,852.23,852.23,35.21,368,31,3,1,UPI,Router Only,Prepaid,Yes,Yes
CUST07583,66,Female,Pune,26,Two Year,DSL,638.41,15297.26,9.17,477,8,1,0,Debit Card,Smartphone,Postpaid,No,No
CUST07584,60,Male,Lucknow,37,Two Year,No Internet,242.32,8937.66,0.5,171,47,1,0,Debit Card,Smartphone,Prepaid,Yes,No
CUST07585,34,Other,Mumbai,8,Month-to-Month,No Internet,226.22,1654.83,0.5,338,69,2,1,UPI,Smartphone,Prepaid,No,No
CUST07586,33,Male,Mumbai,45,Two Year,Fiber Optic,1101.92,45707.68,64.54,348,0,4,1,Cash,Router Only,Postpaid,No,No
CUST07587,19,Female,Mumbai,30,Two Year,DSL,479.7,14044.45,41.95,77,67,2,1,Debit Card,Smartphone,Prepaid,Yes,No
CUST07588,21,Female,Pune,6,Month-to-Month,Fiber Optic,889.3,4907.99,63.36,408,48,1,0,Debit Card,Smartphone,Postpaid,Yes,Yes
CUST07589,38,Female,Bangalore,19,One Year,Fiber Optic,742.85,12894.99,46.57,229,53,1,1,Net Banking,Smartphone,Prepaid,No,No
CUST07590,56,Male,Lucknow,14,Month-to-Month,DSL,480.95,6760.77,12.56,187,55,1,0,Net Banking,Smartphone,Prepaid,Yes,No
CUST07591,51,Female,Pune,21,One Year,Fiber Optic,892.23,18159.25,36.22,421,27,2,1,Debit Card,Smartphone,Postpaid,Yes,No
CUST07592,47,Male,Bangalore,14,One Year,DSL,653.6,8303.55,23.56,584,14,0,0,UPI,Smartphone,Postpaid,Yes,No
CUST07593,23,Male,Delhi,13,Month-to-Month,Fiber Optic,988.18,11654.22,73.66,435,72,6,3,Debit Card,Smartphone,Postpaid,No,Yes
CUST07594,34,Female,Chennai,50,Two Year,No Internet,196.76,10271.55,6.38,273,50,1,0,Cash,Smartphone,Prepaid,Yes,No
CUST07595,56,Female,Mumbai,55,Two Year,DSL,709.4,35432.33,14.46,440,69,1,0,Net Banking,Smartphone,Postpaid,Yes,No
CUST07596,42,Female,Jaipur,58,Two Year,DSL,667.3,37413.3,13.76,120,0,2,1,UPI,Router Only,Postpaid,No,No
CUST07597,22,Female,Bangalore,16,Month-to-Month,DSL,507.86,7787.68,22.77,285,74,2,1,Net Banking,Smartphone,Prepaid,Yes,No
CUST07598,22,Male,Mumbai,21,Month-to-Month,No Internet,161.1,3300.03,13.03,305,124,1,1,Cash,Smartphone,Prepaid,Yes,No
CUST07599,37,Female,Chennai,44,Two Year,No Internet,488.16,22167.78,7.01,220,45,3,1,UPI,Smartphone,Postpaid,No,No
CUST07600,33,Male,Delhi,39,Month-to-Month,DSL,665.05,,28.96,350,113,2,1,Debit Card,Feature Phone,Postpaid,No,No
CUST07601,68,Female,Chennai,21,Month-to-Month,DSL,558.61,11927.28,12.51,217,52,0,0,UPI,Smartphone,Prepaid,Yes,Yes
CUST07602,58,Female,Delhi,59,Two Year,DSL,543.47,30919.95,27.01,415,33,0,0,UPI,Smartphone,Prepaid,Yes,No
CUST07603,54,Female,Chennai,31,Month-to-Month,Fiber Optic,914.42,27914.53,36.65,404,48,2,1,UPI,Smartphone,Prepaid,Yes,Yes
CUST07604,57,Male,Hyderabad,9,Month-to-Month,Fiber Optic,940.0,7700.61,32.44,196,51,1,0,UPI,Smartphone,Postpaid,Yes,No
CUST07605,26,Female,Hyderabad,16,Month-to-Month,Fiber Optic,848.96,12371.98,62.8,364,44,1,1,Debit Card,Smartphone,Prepaid,Yes,Yes
CUST07606,22,Male,Pune,27,Month-to-Month,DSL,627.48,17457.6,13.72,289,24,1,1,Net Banking,Smartphone,Postpaid,No,Yes
CUST07607,59,Male,Delhi,10,Month-to-Month,Fiber Optic,895.73,8742.81,36.16,266,4,1,0,Cash,Tablet,Postpaid,Yes,No
CUST07608,19,Male,Bangalore,29,Month-to-Month,DSL,509.38,13536.25,30.16,169,73,0,0,Net Banking,Smartphone,Prepaid,No,Yes
CUST07609,26,Female,Bangalore,18,Month-to-Month,Fiber Optic,877.77,14397.39,75.89,197,23,3,1,UPI,Smartphone,Prepaid,Yes,Yes
CUST07610,60,Male,Bangalore,39,Two Year,DSL,628.01,25421.4,10.95,393,0,2,1,Debit Card,Tablet,Postpaid,Yes,No
CUST07611,53,Male,Lucknow,5,Month-to-Month,No Internet,307.2,1421.7,8.86,353,11,1,0,UPI,Router Only,Prepaid,No,Yes
CUST07612,39,Male,Delhi,22,One Year,Fiber Optic,915.14,19423.25,45.81,336,6,3,1,Credit Card,Smartphone,Postpaid,Yes,No
CUST07613,39,Male,Pune,12,Month-to-Month,DSL,431.54,5268.58,35.01,102,38,0,0,UPI,Smartphone,Prepaid,Yes,Yes
CUST07614,39,Female,Bangalore,24,One Year,DSL,723.14,17877.37,36.01,549,0,1,1,Net Banking,Router Only,Postpaid,Yes,No
CUST07615,51,Female,Hyderabad,13,Two Year,Fiber Optic,735.71,9847.79,33.34,201,77,0,0,Debit Card,Feature Phone,Prepaid,No,No
CUST07616,46,Male,Kolkata,5,One Year,DSL,616.92,3184.89,18.97,295,96,2,1,UPI,Router Only,Prepaid,Yes,No
CUST07617,55,Female,Delhi,0,One Year,DSL,684.76,684.76,13.41,420,47,2,1,Credit Card,Feature Phone,Postpaid,No,Yes
CUST07618,63,Female,Kolkata,3,Month-to-Month,DSL,745.52,2156.59,33.47,508,0,0,0,Net Banking,Smartphone,Postpaid,Yes,No
CUST07619,50,Female,Delhi,13,Month-to-Month,DSL,530.68,6891.98,18.82,209,89,1,0,Debit Card,Smartphone,Prepaid,No,No
CUST07620,35,Female,Hyderabad,28,Two Year,No Internet,477.61,13843.58,8.4,421,0,1,0,UPI,Router Only,Postpaid,Yes,No
CUST07621,24,Male,Kolkata,49,Two Year,No Internet,185.66,8772.1,0.5,182,75,3,1,Debit Card,Tablet,Prepaid,No,No
CUST07622,18,Male,Mumbai,1,Month-to-Month,No Internet,259.08,259.08,7.66,240,95,3,1,UPI,Smartphone,Prepaid,No,No
CUST07623,50,Male,Kolkata,49,Two Year,No Internet,341.15,17451.45,0.61,471,29,0,0,Net Banking,Smartphone,Postpaid,Yes,No
CUST07624,18,Male,Delhi,0,Month-to-Month,Fiber Optic,867.23,867.23,67.15,17,54,3,1,Debit Card,Smartphone,Prepaid,No,Yes
CUST07625,41,Female,Kolkata,13,One Year,Fiber Optic,1019.3,13250.58,36.45,364,11,2,1,UPI,Router Only,Postpaid,Yes,No
CUST07626,21,Female,Hyderabad,13,Month-to-Month,No Internet,481.85,6110.41,0.73,267,22,3,1,Net Banking,Smartphone,Postpaid,Yes,No
CUST07627,21,Male,Pune,26,One Year,DSL,511.13,13101.61,41.63,354,33,0,0,UPI,Smartphone,Prepaid,Yes,No
CUST07628,35,Male,Jaipur,61,Month-to-Month,DSL,709.45,44799.07,14.38,578,0,2,1,Credit Card,Router Only,Postpaid,Yes,No
CUST07629,44,Female,Bangalore,45,Two Year,DSL,520.77,23528.05,12.25,189,63,1,0,UPI,Smartphone,Prepaid,Yes,No
CUST07630,60,Female,Mumbai,17,One Year,Fiber Optic,939.66,14954.73,30.15,451,0,2,1,Debit Card,Smartphone,Postpaid,No,No
CUST07631,49,Female,Ahmedabad,5,Month-to-Month,DSL,471.24,2189.43,23.03,222,68,2,1,UPI,Smartphone,Prepaid,Yes,No
CUST07632,50,Male,Delhi,25,One Year,DSL,711.66,16458.41,34.08,426,0,2,1,Credit Card,Smartphone,Postpaid,No,No
CUST07633,45,Female,Chennai,16,One Year,DSL,501.13,7933.96,10.82,242,85,0,0,Debit Card,Smartphone,Prepaid,Yes,No
CUST07634,59,Male,Jaipur,14,Month-to-Month,DSL,472.21,6580.18,29.7,339,53,1,1,Credit Card,Smartphone,Prepaid,Yes,No
CUST07635,58,Male,Pune,4,Month-to-Month,No Internet,330.79,1206.61,0.5,312,54,2,1,Cash,Smartphone,Prepaid,Yes,Yes
CUST07636,53,Male,Mumbai,1,Month-to-Month,Fiber Optic,864.24,874.62,31.12,387,35,3,2,Net Banking,Smartphone,Prepaid,No,Yes
CUST07637,23,Female,Delhi,17,Month-to-Month,DSL,443.53,7409.68,33.86,297,91,1,0,Cash,Feature Phone,Prepaid,Yes,No
CUST07638,33,Female,Mumbai,9,One Year,DSL,475.68,4045.12,21.2,90,75,0,0,UPI,Tablet,Prepaid,Yes,No
CUST07639,51,Female,Bangalore,1,Month-to-Month,DSL,613.03,639.67,16.89,459,17,1,0,Net Banking,Smartphone,Postpaid,Yes,Yes
CUST07640,40,Female,Delhi,41,Month-to-Month,Fiber Optic,969.49,38721.76,44.6,196,44,0,0,UPI,Smartphone,Prepaid,Yes,No
CUST07641,67,Male,Kolkata,13,Month-to-Month,No Internet,499.42,6308.14,3.75,406,0,2,1,UPI,Router Only,Postpaid,No,No
CUST07642,59,Male,Bangalore,47,Two Year,DSL,501.78,22789.1,26.51,393,19,1,0,Net Banking,Smartphone,Prepaid,Yes,No
CUST07643,41,Male,Jaipur,27,One Year,Fiber Optic,770.08,20458.61,35.82,262,38,2,1,Net Banking,Feature Phone,Prepaid,No,Yes
CUST07644,66,Female,Ahmedabad,35,One Year,DSL,582.54,18496.23,15.24,377,31,2,1,Net Banking,Smartphone,Postpaid,No,No
CUST07645,30,Female,Jaipur,21,Month-to-Month,Fiber Optic,1023.47,19495.38,62.54,262,2,1,1,Net Banking,Smartphone,Postpaid,No,Yes
CUST07646,35,Other,Mumbai,8,Month-to-Month,Fiber Optic,955.9,7412.6,63.8,450,43,2,1,Cash,Smartphone,Postpaid,Yes,Yes
CUST07647,30,Female,Chennai,0,Month-to-Month,Fiber Optic,1034.3,1034.3,45.0,323,26,5,1,UPI,Smartphone,Postpaid,Yes,Yes
CUST07648,66,Female,Mumbai,31,One Year,DSL,493.59,14963.27,19.25,380,1,1,0,Debit Card,Smartphone,Prepaid,No,No
CUST07649,54,Female,Mumbai,47,Month-to-Month,Fiber Optic,777.07,37920.66,28.26,223,52,2,1,UPI,Smartphone,Prepaid,Yes,No
CUST07650,60,Female,Chennai,3,Month-to-Month,Fiber Optic,985.02,2941.9,29.57,556,0,2,1,Credit Card,Router Only,Postpaid,No,No
CUST07651,56,Female,Kolkata,13,Two Year,DSL,472.83,5539.94,27.84,323,17,1,0,Cash,Tablet,Prepaid,Yes,No
CUST07652,59,Female,Delhi,37,Month-to-Month,DSL,500.05,17893.47,30.27,320,44,0,0,Cash,Tablet,Prepaid,Yes,Yes
CUST07653,34,Female,Mumbai,42,Two Year,DSL,688.12,28403.77,22.83,384,12,0,0,UPI,Feature Phone,Postpaid,No,No
CUST07654,32,Female,Mumbai,36,Two Year,No Internet,429.52,13954.63,0.5,242,46,1,0,Net Banking,Smartphone,Postpaid,No,No
CUST07655,35,Male,Kolkata,43,Month-to-Month,DSL,514.32,20258.12,8.1,121,36,2,1,Debit Card,Feature Phone,Prepaid,No,No
CUST07656,40,Male,Jaipur,54,Two Year,DSL,643.12,36457.52,28.48,420,7,1,0,Net Banking,Feature Phone,Postpaid,Yes,No
CUST07657,68,Male,Delhi,1,Month-to-Month,Fiber Optic,994.86,996.19,23.1,498,0,3,1,Cash,Smartphone,Postpaid,No,Yes
CUST07658,47,Male,Bangalore,37,Two Year,DSL,681.1,25234.67,35.4,313,35,2,1,Credit Card,Smartphone,Postpaid,Yes,No
CUST07659,51,Female,Jaipur,8,Month-to-Month,DSL,712.22,5614.88,21.55,413,0,2,1,Credit Card,Smartphone,Postpaid,No,No
CUST07660,21,Male,Bangalore,29,One Year,Fiber Optic,829.66,24887.96,61.27,207,81,2,1,Debit Card,Smartphone,Prepaid,No,No
CUST07661,20,Male,Pune,0,One Year,DSL,632.4,632.4,32.27,142,84,1,0,UPI,Smartphone,Prepaid,Yes,No
CUST07662,24,Male,Delhi,10,Month-to-Month,DSL,623.2,6406.28,31.81,345,17,0,0,Credit Card,Smartphone,Postpaid,Yes,No
CUST07663,35,Female,Bangalore,7,One Year,Fiber Optic,816.04,5223.91,58.05,116,15,2,1,Debit Card,Tablet,Prepaid,Yes,Yes
CUST07664,59,Male,Hyderabad,12,Two Year,DSL,810.48,10175.41,14.1,399,0,3,1,Debit Card,Smartphone,Postpaid,Yes,No
CUST07665,24,Male,Kolkata,38,Two Year,Fiber Optic,928.55,36083.49,57.8,348,47,1,0,UPI,Feature Phone,Postpaid,Yes,No
CUST07666,57,Male,Mumbai,30,One Year,DSL,589.02,15909.91,6.17,278,42,0,0,Cash,Smartphone,Prepaid,Yes,No
CUST07667,23,Male,Mumbai,0,One Year,DSL,488.77,488.77,36.39,60,61,1,0,Net Banking,Smartphone,Prepaid,No,No
CUST07668,39,Female,Mumbai,37,Month-to-Month,Fiber Optic,944.75,31904.84,40.23,279,61,3,1,UPI,Smartphone,Postpaid,No,No
CUST07669,18,Male,Hyderabad,12,Two Year,DSL,644.04,7748.31,15.68,230,18,2,1,Credit Card,Smartphone,Postpaid,Yes,No
CUST07670,21,Female,Ahmedabad,20,One Year,No Internet,391.66,7854.1,0.5,310,45,2,1,UPI,Smartphone,Postpaid,No,No
CUST07671,63,Female,Ahmedabad,40,Two Year,Fiber Optic,861.7,31441.18,34.16,311,15,2,1,Credit Card,Smartphone,Prepaid,Yes,No
CUST07672,66,Female,Delhi,13,One Year,No Internet,296.22,3724.74,0.5,312,23,1,0,Debit Card,Smartphone,Prepaid,No,No
CUST07673,69,Male,Ahmedabad,33,Month-to-Month,Fiber Optic,846.65,26141.52,44.49,285,23,1,1,Debit Card,Router Only,Prepaid,No,Yes
CUST07674,67,Male,Delhi,1,Month-to-Month,No Internet,410.52,410.52,0.5,397,0,2,1,Debit Card,Smartphone,Postpaid,No,Yes
CUST07675,60,Male,Bangalore,8,Month-to-Month,Fiber Optic,866.05,6484.23,31.0,192,0,0,0,Credit Card,Smartphone,Prepaid,No,Yes
CUST07676,46,Male,Kolkata,14,One Year,Fiber Optic,839.17,11306.57,51.67,452,36,2,1,UPI,Smartphone,Postpaid,Yes,No
CUST07677,38,Female,Delhi,1,Month-to-Month,Fiber Optic,955.07,955.07,50.89,452,29,3,1,Credit Card,Smartphone,Postpaid,No,Yes
CUST07678,43,Male,Delhi,24,One Year,No Internet,264.14,5851.72,14.49,344,41,2,1,UPI,Feature Phone,Prepaid,Yes,No
CUST07679,31,Male,Mumbai,3,Month-to-Month,DSL,802.95,2246.85,24.84,360,21,2,1,Net Banking,Router Only,Postpaid,No,Yes
CUST07680,26,Female,Pune,1,Month-to-Month,DSL,522.12,522.12,30.64,232,8,1,1,UPI,Feature Phone,Prepaid,No,No
CUST07681,64,Female,Hyderabad,6,Month-to-Month,No Internet,364.67,2290.81,0.5,394,36,3,1,Net Banking,Router Only,Prepaid,Yes,Yes
CUST07682,29,Male,Bangalore,7,Month-to-Month,Fiber Optic,930.21,6481.74,57.88,90,16,0,0,Cash,Smartphone,Postpaid,Yes,No
CUST07683,59,Male,Kolkata,8,Month-to-Month,Fiber Optic,963.4,7994.87,33.48,477,0,2,1,Debit Card,Smartphone,Postpaid,Yes,No
CUST07684,68,Male,Kolkata,14,One Year,DSL,616.9,8882.13,0.92,313,0,1,0,UPI,Router Only,Prepaid,Yes,No
CUST07685,68,Female,Kolkata,15,Month-to-Month,Fiber Optic,1049.92,15494.02,32.0,475,3,1,0,Debit Card,Smartphone,Postpaid,Yes,No
CUST07686,23,Female,Bangalore,18,Month-to-Month,Fiber Optic,751.69,12737.47,66.57,111,52,0,0,UPI,Tablet,Prepaid,No,Yes
CUST07687,37,Female,Delhi,37,Two Year,DSL,433.3,15048.13,12.87,257,17,1,0,Credit Card,Smartphone,Prepaid,No,No
CUST07688,41,Female,Delhi,2,Month-to-Month,Fiber Optic,911.75,1796.8,55.23,384,69,5,2,Credit Card,Smartphone,Postpaid,No,Yes
CUST07689,44,Female,Kolkata,27,Two Year,Fiber Optic,777.27,20641.29,35.99,268,53,1,0,Net Banking,Smartphone,Prepaid,Yes,Yes
CUST07690,55,Male,Kolkata,24,Two Year,Fiber Optic,1062.85,25098.92,37.21,452,40,1,0,Credit Card,Router Only,Postpaid,No,No
CUST07691,25,Male,Lucknow,7,Month-to-Month,Fiber Optic,1115.07,7454.46,77.42,335,11,2,1,UPI,Router Only,Postpaid,No,Yes
CUST07692,18,Female,Mumbai,7,Month-to-Month,DSL,760.51,5356.31,34.7,462,77,2,1,UPI,Router Only,Postpaid,Yes,No
CUST07693,66,Female,Delhi,3,Month-to-Month,Fiber Optic,766.75,2211.06,32.59,199,9,4,1,Cash,Smartphone,Prepaid,No,Yes
CUST07694,66,Male,Delhi,1,Month-to-Month,Fiber Optic,719.19,719.19,36.05,176,0,2,1,UPI,Smartphone,Prepaid,No,Yes
CUST07695,41,Female,Mumbai,4,Month-to-Month,DSL,499.54,1949.81,33.22,158,74,1,1,Credit Card,Smartphone,Prepaid,No,Yes
CUST07696,64,Female,Hyderabad,21,Month-to-Month,No Internet,477.98,10381.11,0.53,476,26,0,0,UPI,Smartphone,Postpaid,No,No
CUST07697,24,Male,Lucknow,0,Month-to-Month,DSL,475.97,475.97,19.81,240,41,2,1,UPI,Smartphone,Prepaid,No,Yes
CUST07698,36,Female,Chennai,21,Two Year,DSL,651.76,13989.56,20.32,261,37,0,0,Cash,Smartphone,Postpaid,Yes,No
CUST07699,39,Male,Hyderabad,17,Month-to-Month,DSL,715.71,11925.7,19.89,463,14,0,0,UPI,Smartphone,Postpaid,Yes,No
CUST07700,52,Male,Pune,16,One Year,DSL,403.71,6340.42,16.4,195,70,3,1,UPI,Feature Phone,Prepaid,Yes,No
CUST07701,47,Male,Delhi,11,One Year,No Internet,242.86,2749.01,13.37,243,41,1,0,UPI,Tablet,Prepaid,Yes,Yes
CUST07702,46,Female,Kolkata,34,Month-to-Month,No Internet,380.44,11924.81,0.5,394,23,0,0,UPI,Router Only,Prepaid,Yes,No
CUST07703,39,Female,Chennai,13,Month-to-Month,DSL,629.59,8546.87,40.74,331,54,1,0,UPI,Smartphone,Postpaid,Yes,No
CUST07704,28,Male,Delhi,24,Month-to-Month,DSL,655.92,15396.46,24.45,383,42,0,0,Net Banking,Smartphone,Postpaid,Yes,No
CUST07705,37,Female,Chennai,5,One Year,DSL,519.62,2465.24,14.33,164,84,0,0,Credit Card,Smartphone,Prepaid,Yes,No
CUST07706,46,Female,Chennai,16,Month-to-Month,Fiber Optic,823.08,12474.0,38.02,288,73,3,1,UPI,Smartphone,Prepaid,No,No
CUST07707,68,Female,Delhi,22,One Year,No Internet,341.48,6808.66,1.89,406,0,0,0,Credit Card,Feature Phone,Prepaid,No,No
CUST07708,58,Male,Mumbai,27,One Year,DSL,486.25,12383.9,10.34,372,62,3,1,Net Banking,Tablet,Prepaid,Yes,No
CUST07709,59,Female,Bangalore,49,Two Year,DSL,619.84,29284.28,30.75,358,37,0,0,Cash,Router Only,Prepaid,Yes,No
CUST07710,51,Male,Mumbai,24,Month-to-Month,Fiber Optic,798.91,19271.3,24.85,453,43,0,0,Net Banking,Smartphone,Prepaid,No,No
CUST07711,18,Male,Mumbai,11,One Year,Fiber Optic,1059.52,10977.11,57.37,345,10,3,1,UPI,Smartphone,Postpaid,Yes,Yes
CUST07712,48,Male,Chennai,48,Month-to-Month,Fiber Optic,962.95,46159.18,24.99,474,11,3,2,Cash,Smartphone,Postpaid,Yes,Yes
CUST07713,47,Male,Hyderabad,13,Month-to-Month,Fiber Optic,984.43,12670.94,40.13,508,19,2,1,Credit Card,Tablet,Postpaid,No,Yes
CUST07714,65,Female,Pune,24,Month-to-Month,DSL,685.47,15908.33,19.97,400,18,2,1,Debit Card,Feature Phone,Postpaid,No,Yes
CUST07715,35,Male,Lucknow,31,One Year,Fiber Optic,761.06,21267.96,45.57,148,40,2,1,UPI,Smartphone,Prepaid,Yes,No
CUST07716,34,Male,Pune,48,Two Year,No Internet,273.73,12985.29,1.5,98,70,1,0,Credit Card,Smartphone,Prepaid,Yes,No
CUST07717,55,Female,Chennai,12,Month-to-Month,Fiber Optic,1012.35,11134.17,28.53,401,56,5,1,Cash,Smartphone,Postpaid,Yes,Yes
CUST07718,31,Female,Ahmedabad,4,Month-to-Month,Fiber Optic,810.72,2924.9,56.96,404,0,2,1,Credit Card,Tablet,Postpaid,No,No
CUST07719,40,Female,Chennai,1,Month-to-Month,DSL,452.11,452.11,29.0,234,49,0,0,UPI,Smartphone,Prepaid,No,No
CUST07720,42,Male,Delhi,30,One Year,Fiber Optic,1042.83,29059.2,46.88,492,7,3,1,Debit Card,Smartphone,Postpaid,Yes,No
CUST07721,32,Female,Mumbai,20,Month-to-Month,No Internet,275.36,5357.6,14.15,408,31,4,2,Credit Card,Tablet,Postpaid,Yes,No
CUST07722,63,Male,Pune,0,Month-to-Month,DSL,741.71,741.71,7.98,193,0,1,0,Credit Card,Smartphone,Postpaid,No,Yes
CUST07723,39,Other,Pune,27,One Year,Fiber Optic,923.24,25964.18,59.8,353,42,1,0,Debit Card,Tablet,Postpaid,Yes,No
CUST07724,20,Female,Lucknow,25,One Year,Fiber Optic,812.07,19140.18,53.08,329,39,2,1,Credit Card,Tablet,Prepaid,No,No
CUST07725,36,Female,Chennai,12,Month-to-Month,Fiber Optic,996.71,11767.88,57.92,127,38,2,1,Cash,Smartphone,Postpaid,Yes,No
CUST07726,61,Male,Jaipur,33,One Year,DSL,679.17,23518.1,7.16,346,42,0,0,Debit Card,Smartphone,Postpaid,Yes,No
CUST07727,51,Male,Delhi,3,Month-to-Month,Fiber Optic,1050.29,3113.43,21.49,360,22,2,1,Credit Card,Router Only,Postpaid,Yes,Yes
CUST07728,52,Male,Chennai,1,Month-to-Month,DSL,480.78,480.78,20.11,315,79,1,0,Net Banking,Smartphone,Prepaid,No,Yes
CUST07729,67,Male,Jaipur,22,Month-to-Month,DSL,623.52,12680.71,17.33,624,30,1,0,Debit Card,Smartphone,Postpaid,No,Yes
CUST07730,18,Male,Mumbai,30,Two Year,DSL,554.89,15764.42,9.34,425,33,0,0,Net Banking,Tablet,Postpaid,No,No
CUST07731,69,Female,Delhi,47,Two Year,Fiber Optic,998.37,43570.37,30.3,427,0,1,0,Net Banking,Smartphone,Postpaid,Yes,No
CUST07732,38,Male,Bangalore,24,Month-to-Month,DSL,543.03,13540.11,23.97,174,90,2,1,Cash,Smartphone,Prepaid,No,No
CUST07733,46,Female,Kolkata,31,One Year,Fiber Optic,900.33,27062.43,49.2,318,2,0,0,Net Banking,Tablet,Postpaid,Yes,No
CUST07734,23,Male,Delhi,16,One Year,DSL,587.28,8961.12,40.6,237,5,0,0,Credit Card,Router Only,Prepaid,No,No
CUST07735,54,Male,Chennai,35,Two Year,Fiber Optic,858.59,30350.84,34.2,349,24,3,1,UPI,Smartphone,Postpaid,Yes,No
CUST07736,18,Female,Delhi,30,Two Year,Fiber Optic,843.81,24100.19,67.69,79,56,1,0,UPI,Tablet,Prepaid,Yes,No
CUST07737,68,Female,Bangalore,14,One Year,DSL,628.15,9059.73,23.33,566,0,3,2,UPI,Smartphone,Postpaid,No,No
CUST07738,18,Male,Lucknow,0,Month-to-Month,DSL,455.78,455.78,38.22,268,41,2,1,Debit Card,Smartphone,Prepaid,No,Yes
CUST07739,44,Male,Mumbai,2,Month-to-Month,Fiber Optic,999.4,1812.1,49.83,388,52,3,1,Credit Card,Smartphone,Postpaid,No,Yes
CUST07740,38,Female,Delhi,31,One Year,Fiber Optic,958.91,29249.94,61.4,428,50,0,0,UPI,Smartphone,Postpaid,Yes,No
CUST07741,33,Male,Bangalore,39,Two Year,No Internet,440.09,17564.49,12.37,326,35,1,0,Credit Card,Feature Phone,Postpaid,Yes,No
CUST07742,61,Male,Chennai,2,Month-to-Month,Fiber Optic,754.71,1571.51,36.34,156,92,6,3,Credit Card,Smartphone,Prepaid,No,Yes
CUST07743,57,Female,Mumbai,26,One Year,Fiber Optic,851.14,20921.62,29.25,305,0,0,0,Debit Card,Smartphone,Postpaid,Yes,No
CUST07744,43,Male,Hyderabad,34,One Year,Fiber Optic,1004.98,32247.67,48.17,398,9,2,1,Net Banking,Router Only,Postpaid,Yes,No
CUST07745,33,Male,Lucknow,7,Month-to-Month,DSL,639.33,4394.06,37.78,332,0,1,0,Net Banking,Smartphone,Postpaid,Yes,No
CUST07746,45,Female,Mumbai,37,One Year,DSL,502.04,16764.15,14.54,253,60,0,0,UPI,Tablet,Prepaid,Yes,No
CUST07747,18,Female,Mumbai,15,Month-to-Month,Fiber Optic,905.8,12829.67,77.09,335,74,2,1,Net Banking,Smartphone,Postpaid,No,Yes
CUST07748,53,Male,Hyderabad,18,One Year,DSL,562.69,10280.0,15.37,213,0,0,0,Credit Card,Router Only,Prepaid,Yes,No
CUST07749,27,Female,Hyderabad,14,One Year,DSL,708.39,10209.77,11.5,259,55,1,0,UPI,Smartphone,Postpaid,No,No
CUST07750,60,Male,Delhi,35,Two Year,DSL,484.18,16250.24,12.34,387,40,3,1,Credit Card,Smartphone,Prepaid,No,Yes
CUST07751,34,Female,Chennai,40,Two Year,No Internet,373.38,15494.34,0.5,257,55,0,0,UPI,Smartphone,Prepaid,Yes,No
CUST07752,40,Female,Lucknow,17,Month-to-Month,Fiber Optic,778.52,12473.02,40.81,158,21,2,1,Cash,Feature Phone,Prepaid,No,No
CUST07753,24,Male,Mumbai,23,Month-to-Month,No Internet,356.21,7421.14,24.05,140,54,3,1,Credit Card,Router Only,Prepaid,No,Yes
CUST07754,61,Male,Chennai,34,One Year,No Internet,437.68,13762.23,0.5,344,27,1,0,UPI,Smartphone,Postpaid,No,No
CUST07755,24,Male,Delhi,18,One Year,Fiber Optic,924.16,17134.52,65.29,473,100,4,1,Net Banking,Smartphone,Postpaid,No,No
CUST07756,61,Female,Chennai,58,Two Year,No Internet,149.0,9032.84,4.94,475,48,0,0,Net Banking,Smartphone,Prepaid,Yes,No
CUST07757,32,Female,Bangalore,19,Month-to-Month,DSL,733.85,13818.95,25.87,498,60,0,0,Credit Card,Smartphone,Postpaid,No,Yes
CUST07758,51,Male,Hyderabad,37,Two Year,No Internet,390.16,14572.72,0.5,224,53,0,0,Credit Card,Smartphone,Postpaid,Yes,No
CUST07759,63,Male,Hyderabad,11,Month-to-Month,DSL,579.75,6537.94,9.11,183,0,1,1,Credit Card,Router Only,Prepaid,No,No
CUST07760,62,Male,Delhi,9,Month-to-Month,Fiber Optic,792.08,6619.89,29.62,355,37,3,1,Credit Card,Smartphone,Prepaid,Yes,No
CUST07761,21,Male,Kolkata,4,Month-to-Month,DSL,551.36,2166.79,26.31,305,38,2,1,Net Banking,Smartphone,Prepaid,No,Yes
CUST07762,31,Male,Hyderabad,13,Two Year,Fiber Optic,824.53,11155.4,60.15,110,90,4,1,UPI,Smartphone,Prepaid,Yes,No
CUST07763,31,Female,Mumbai,1,Month-to-Month,Fiber Optic,730.23,730.23,57.05,161,59,1,0,Net Banking,Smartphone,Prepaid,Yes,No
CUST07764,33,Female,Jaipur,17,Two Year,DSL,499.25,8899.57,24.25,123,59,2,1,Debit Card,Smartphone,Prepaid,No,No
CUST07765,24,Female,Delhi,47,One Year,No Internet,349.32,16513.94,4.53,32,125,6,3,Credit Card,Router Only,Prepaid,Yes,Yes
CUST07766,49,Female,Pune,48,Month-to-Month,DSL,451.27,21678.53,11.18,192,70,1,0,UPI,Smartphone,Prepaid,No,No
CUST07767,36,Female,Bangalore,29,One Year,DSL,426.33,11181.68,16.06,169,65,1,0,UPI,Smartphone,Prepaid,No,No
CUST07768,19,Female,Hyderabad,4,Month-to-Month,Fiber Optic,744.27,2683.97,68.08,280,50,5,2,Credit Card,Smartphone,Prepaid,Yes,Yes
CUST07769,27,Female,Mumbai,33,One Year,DSL,466.88,14231.89,24.52,215,14,0,0,Cash,Tablet,Prepaid,No,No
CUST07770,67,Male,Mumbai,26,Month-to-Month,DSL,446.42,12070.74,20.35,287,22,2,1,Debit Card,Feature Phone,Prepaid,No,No
CUST07771,34,Male,Delhi,0,One Year,Fiber Optic,941.76,941.76,67.25,328,78,5,2,UPI,Router Only,Prepaid,No,No
CUST07772,54,Male,Pune,4,Month-to-Month,Fiber Optic,1043.52,4079.98,46.87,503,40,1,1,Credit Card,Smartphone,Postpaid,No,Yes
CUST07773,29,Female,Pune,3,Month-to-Month,DSL,658.52,1923.64,30.24,311,18,2,1,UPI,Smartphone,Postpaid,Yes,Yes
CUST07774,23,Female,Pune,10,Month-to-Month,Fiber Optic,783.36,7200.74,65.76,237,36,3,1,Cash,Smartphone,Prepaid,Yes,No
CUST07775,39,Male,Ahmedabad,1,Month-to-Month,Fiber Optic,727.22,727.22,59.05,22,82,0,0,Net Banking,Smartphone,Prepaid,No,Yes
CUST07776,49,Female,Jaipur,48,Two Year,No Internet,212.07,9390.32,14.96,363,38,1,0,Debit Card,Smartphone,Prepaid,Yes,No
CUST07777,58,Female,Hyderabad,0,Month-to-Month,No Internet,427.73,427.73,4.87,460,30,3,1,Net Banking,Smartphone,Postpaid,Yes,Yes
CUST07778,37,Male,Pune,26,One Year,DSL,566.11,13261.11,41.53,181,64,2,1,Debit Card,Smartphone,Prepaid,No,Yes
CUST07779,18,Male,Delhi,3,Month-to-Month,DSL,441.71,1268.56,38.87,129,51,2,1,Net Banking,Smartphone,Prepaid,Yes,Yes
CUST07780,64,Male,Ahmedabad,12,Month-to-Month,Fiber Optic,1014.58,12182.1,37.82,296,17,2,1,Net Banking,Smartphone,Postpaid,Yes,Yes
CUST07781,23,Male,Kolkata,21,One Year,Fiber Optic,748.17,15760.11,56.04,135,116,1,0,Debit Card,Smartphone,Prepaid,No,No
CUST07782,36,Female,Delhi,34,One Year,No Internet,305.33,9991.61,12.11,288,37,0,0,Cash,Feature Phone,Prepaid,No,No
CUST07783,35,Female,Hyderabad,21,Month-to-Month,DSL,584.88,12398.16,22.44,354,5,1,0,UPI,Smartphone,Postpaid,Yes,No
CUST07784,23,Female,Jaipur,7,Month-to-Month,DSL,789.95,5328.61,33.76,379,39,1,1,Debit Card,Router Only,Postpaid,Yes,Yes
CUST07785,62,Female,Mumbai,10,One Year,Fiber Optic,907.24,9393.69,18.33,432,5,0,0,Debit Card,Smartphone,Postpaid,Yes,No
CUST07786,50,Female,Bangalore,2,Month-to-Month,No Internet,527.49,999.55,0.5,496,7,4,2,Cash,Smartphone,Postpaid,Yes,Yes
CUST07787,40,Female,Bangalore,19,Month-to-Month,Fiber Optic,817.41,15381.46,58.48,52,65,2,1,Net Banking,Tablet,Prepaid,Yes,No
CUST07788,40,Female,Bangalore,2,Month-to-Month,Fiber Optic,731.57,1339.24,37.43,46,68,5,1,Debit Card,Smartphone,Prepaid,Yes,Yes
CUST07789,43,Female,Delhi,7,Month-to-Month,Fiber Optic,895.82,6114.1,53.69,228,52,0,0,Debit Card,Router Only,Prepaid,Yes,No
CUST07790,30,Female,Mumbai,32,Two Year,DSL,673.48,20619.84,19.96,392,54,2,1,Credit Card,Smartphone,Postpaid,No,No
CUST07791,24,Male,Mumbai,5,One Year,DSL,634.55,2977.79,20.12,321,75,0,0,Debit Card,Smartphone,Postpaid,No,Yes
CUST07792,32,Female,Ahmedabad,25,Month-to-Month,DSL,512.28,12135.58,25.37,248,52,2,1,Credit Card,Smartphone,Prepaid,Yes,No
CUST07793,61,Male,Bangalore,42,Two Year,Fiber Optic,726.06,28901.73,20.94,310,0,1,0,UPI,Smartphone,Prepaid,Yes,No
CUST07794,44,Female,Bangalore,14,Two Year,No Internet,236.77,3224.03,0.5,2,49,0,0,Credit Card,Feature Phone,Prepaid,No,No
CUST07795,43,Male,Bangalore,2,Month-to-Month,No Internet,155.68,319.61,8.35,261,24,2,1,Credit Card,Smartphone,Prepaid,Yes,Yes
CUST07796,50,Male,Delhi,19,Two Year,Fiber Optic,932.82,17246.3,49.74,180,52,2,1,UPI,Smartphone,Postpaid,No,No
CUST07797,32,Female,Lucknow,3,Month-to-Month,No Internet,520.9,1455.26,1.27,292,44,1,0,Credit Card,Smartphone,Postpaid,No,No
CUST07798,53,Male,Ahmedabad,24,Two Year,No Internet,413.09,9025.54,11.97,446,9,2,1,Net Banking,Tablet,Postpaid,Yes,No
CUST07799,62,Male,Hyderabad,16,Month-to-Month,Fiber Optic,880.36,13415.77,29.57,445,35,3,2,Credit Card,Smartphone,Postpaid,Yes,No
CUST07800,44,Male,Hyderabad,8,One Year,Fiber Optic,928.25,6858.6,40.66,285,37,2,1,UPI,Smartphone,Postpaid,No,No
CUST07801,22,Female,Chennai,72,Month-to-Month,No Internet,221.41,16345.85,0.5,155,103,1,0,UPI,Smartphone,Prepaid,No,No
CUST07802,19,Female,Mumbai,64,Two Year,Fiber Optic,1053.7,70757.85,56.28,174,41,2,1,Debit Card,Smartphone,Postpaid,Yes,No
CUST07803,50,Female,Delhi,3,Month-to-Month,Fiber Optic,733.46,2260.42,42.84,202,8,2,1,Net Banking,Smartphone,Prepaid,No,No
CUST07804,33,Female,Bangalore,41,Month-to-Month,DSL,576.47,22635.57,18.86,312,42,0,0,UPI,Router Only,Prepaid,No,No
CUST07805,40,Male,Lucknow,22,One Year,DSL,535.44,10744.92,24.2,303,32,1,0,Debit Card,Router Only,Prepaid,Yes,No
CUST07806,55,Male,Mumbai,27,One Year,DSL,824.87,22414.27,10.8,495,32,1,0,Cash,Router Only,Postpaid,Yes,No
CUST07807,33,Male,Hyderabad,31,One Year,DSL,390.74,12115.53,36.92,42,50,2,1,Net Banking,Smartphone,Prepaid,Yes,No
CUST07808,31,Female,Delhi,16,One Year,DSL,588.77,8573.28,24.85,379,30,1,1,UPI,Smartphone,Postpaid,No,No
CUST07809,46,Female,Delhi,19,One Year,Fiber Optic,962.33,18619.18,46.61,353,0,0,0,Debit Card,Smartphone,Postpaid,Yes,No
CUST07810,43,Male,Chennai,48,Month-to-Month,Fiber Optic,870.4,42768.53,35.11,340,100,0,0,Debit Card,Smartphone,Prepaid,Yes,Yes
CUST07811,52,Male,Mumbai,18,Month-to-Month,Fiber Optic,1109.9,20131.39,41.55,397,24,1,0,UPI,Router Only,Postpaid,Yes,Yes
CUST07812,32,Male,Jaipur,2,Month-to-Month,No Internet,301.7,608.92,0.5,431,43,4,1,Credit Card,Smartphone,Prepaid,Yes,Yes
CUST07813,20,Female,Bangalore,68,Two Year,No Internet,264.07,18019.0,6.42,251,63,0,0,UPI,Smartphone,Prepaid,No,No
CUST07814,40,Male,Mumbai,8,Month-to-Month,DSL,506.03,3908.26,23.44,253,17,3,2,Net Banking,Feature Phone,Prepaid,No,No
CUST07815,46,Male,Hyderabad,8,Month-to-Month,Fiber Optic,876.48,6958.87,43.72,298,32,2,1,UPI,Smartphone,Prepaid,Yes,No
CUST07816,51,Male,Kolkata,32,One Year,No Internet,328.27,10426.06,9.87,232,41,2,1,UPI,Smartphone,Prepaid,No,No
CUST07817,50,Female,Delhi,11,Month-to-Month,Fiber Optic,927.32,10003.27,38.33,382,25,1,1,Net Banking,Smartphone,Postpaid,Yes,Yes
CUST07818,58,Female,Hyderabad,22,Month-to-Month,Fiber Optic,929.09,20247.57,47.72,389,35,0,0,Cash,Smartphone,Postpaid,No,Yes
CUST07819,58,Male,Kolkata,37,One Year,No Internet,166.83,5925.29,0.5,123,48,1,0,UPI,Smartphone,Prepaid,No,No
CUST07820,40,Female,Delhi,5,Month-to-Month,DSL,663.21,3321.83,20.25,356,26,1,0,Credit Card,Smartphone,Postpaid,Yes,No
CUST07821,24,Female,Jaipur,30,One Year,Fiber Optic,814.86,22833.61,72.42,247,61,2,1,Net Banking,Smartphone,Prepaid,No,No
CUST07822,20,Female,Mumbai,58,Month-to-Month,No Internet,176.59,10528.93,0.5,122,64,4,1,Credit Card,Smartphone,Prepaid,No,Yes
CUST07823,49,Male,Delhi,25,Month-to-Month,No Internet,430.77,11066.91,4.13,384,12,1,0,Credit Card,Smartphone,Postpaid,No,Yes
CUST07824,48,Female,Chennai,63,Two Year,Fiber Optic,737.71,45298.93,54.09,273,54,1,0,UPI,Feature Phone,Prepaid,Yes,No
CUST07825,35,Female,Delhi,8,Month-to-Month,No Internet,237.08,1848.25,0.5,393,60,1,0,Net Banking,Smartphone,Prepaid,No,Yes
CUST07826,60,Male,Pune,3,Month-to-Month,DSL,565.51,1628.43,3.9,302,7,3,1,UPI,Smartphone,Prepaid,No,Yes
CUST07827,24,Female,Hyderabad,37,Two Year,Fiber Optic,879.18,29499.89,75.58,225,55,2,1,UPI,Smartphone,Prepaid,Yes,No
CUST07828,58,Male,Delhi,2,Month-to-Month,No Internet,185.51,341.89,13.5,264,66,3,1,Cash,Smartphone,Prepaid,No,Yes
CUST07829,18,Male,Jaipur,4,Month-to-Month,Fiber Optic,912.31,3675.42,66.62,118,59,3,1,Net Banking,Smartphone,Postpaid,No,No
CUST07830,31,Male,Pune,31,Month-to-Month,Fiber Optic,1005.89,28731.99,46.87,497,34,5,2,UPI,Smartphone,Postpaid,No,Yes
CUST07831,69,Male,Hyderabad,29,One Year,Fiber Optic,1083.75,30228.38,48.55,569,0,1,0,UPI,Router Only,Postpaid,Yes,No
CUST07832,49,Male,Bangalore,22,Month-to-Month,DSL,689.59,14459.98,23.63,447,0,1,0,UPI,Smartphone,Postpaid,No,No
CUST07833,23,Male,Delhi,19,One Year,Fiber Optic,626.83,11110.97,70.61,196,64,0,0,Credit Card,Tablet,Prepaid,Yes,Yes
CUST07834,56,Female,Pune,13,Month-to-Month,No Internet,278.83,3549.85,1.96,252,0,0,0,Net Banking,Router Only,Prepaid,Yes,No
CUST07835,27,Female,Kolkata,31,Month-to-Month,DSL,530.3,15690.66,39.78,276,45,2,1,Net Banking,Smartphone,Prepaid,Yes,Yes
CUST07836,24,Male,Delhi,25,One Year,Fiber Optic,1040.23,26368.01,71.25,203,18,0,0,Net Banking,Smartphone,Postpaid,Yes,Yes
CUST07837,43,Female,Hyderabad,6,Month-to-Month,DSL,461.78,2759.17,31.92,276,42,1,0,UPI,Feature Phone,Prepaid,Yes,Yes
CUST07838,51,Female,Hyderabad,0,Month-to-Month,DSL,498.11,498.11,21.62,278,80,3,1,Net Banking,Smartphone,Prepaid,No,Yes
CUST07839,47,Male,Bangalore,24,One Year,Fiber Optic,982.06,23247.05,40.87,452,0,1,0,Net Banking,Router Only,Postpaid,No,No
CUST07840,53,Male,Kolkata,28,Two Year,Fiber Optic,1043.43,28184.04,37.1,434,0,2,1,Net Banking,Tablet,Postpaid,Yes,No
CUST07841,38,Female,Delhi,12,Month-to-Month,DSL,435.91,5322.5,23.64,297,46,2,1,Cash,Tablet,Prepaid,Yes,Yes
CUST07842,34,Female,Mumbai,3,Month-to-Month,Fiber Optic,851.14,2665.93,47.14,262,23,2,1,Net Banking,Smartphone,Prepaid,No,Yes
CUST07843,50,Male,Delhi,16,Month-to-Month,No Internet,189.6,3079.18,0.5,295,33,0,0,Debit Card,Smartphone,Prepaid,Yes,No
CUST07844,27,Male,Bangalore,55,Two Year,Fiber Optic,808.03,45741.83,44.05,463,0,1,0,Net Banking,Tablet,Postpaid,No,No
CUST07845,68,Female,Mumbai,31,Two Year,Fiber Optic,971.32,30639.35,17.31,436,0,3,1,Debit Card,Smartphone,Postpaid,Yes,No
CUST07846,64,Other,Ahmedabad,38,Two Year,Fiber Optic,793.35,28975.83,43.9,359,33,1,0,UPI,Smartphone,Prepaid,No,No
CUST07847,59,Male,Kolkata,0,Month-to-Month,DSL,684.28,684.28,18.61,388,28,0,0,Net Banking,Tablet,Postpaid,No,Yes
CUST07848,68,Other,Delhi,8,Month-to-Month,Fiber Optic,961.15,6964.05,41.54,422,24,1,1,Debit Card,Smartphone,Postpaid,Yes,No
CUST07849,29,Male,Kolkata,2,Month-to-Month,Fiber Optic,886.64,1831.5,51.34,419,11,8,4,Credit Card,Tablet,Postpaid,Yes,Yes
CUST07850,33,Male,Pune,33,Month-to-Month,Fiber Optic,933.04,29882.07,55.13,364,0,1,0,UPI,Smartphone,Postpaid,Yes,No
CUST07851,58,Male,Mumbai,25,One Year,DSL,567.69,13475.53,15.91,365,34,2,1,Cash,Tablet,Prepaid,No,No
CUST07852,49,Female,Delhi,6,Month-to-Month,Fiber Optic,993.77,5836.06,46.58,425,41,3,1,Cash,Smartphone,Postpaid,Yes,No
CUST07853,32,Male,Delhi,16,One Year,Fiber Optic,982.6,15771.81,51.47,396,35,1,0,Net Banking,Feature Phone,Postpaid,Yes,No
CUST07854,44,Male,Mumbai,26,Two Year,Fiber Optic,924.48,23851.26,50.6,168,0,4,1,Cash,Tablet,Prepaid,Yes,No
CUST07855,45,Female,Kolkata,6,Month-to-Month,No Internet,382.82,2280.19,5.11,238,35,2,1,Net Banking,Router Only,Prepaid,Yes,No
CUST07856,34,Other,Hyderabad,17,One Year,No Internet,306.5,4767.57,7.73,233,51,1,1,Credit Card,Smartphone,Prepaid,Yes,No
CUST07857,63,Male,Jaipur,16,Month-to-Month,DSL,407.26,6577.08,26.3,300,67,1,1,Debit Card,Feature Phone,Prepaid,No,Yes
CUST07858,67,Male,Kolkata,0,Month-to-Month,Fiber Optic,1108.38,1108.38,29.72,590,60,4,1,Debit Card,Router Only,Postpaid,Yes,No
CUST07859,19,Female,Mumbai,14,Month-to-Month,Fiber Optic,971.18,12472.95,58.59,340,45,1,0,Credit Card,Smartphone,Postpaid,No,Yes
CUST07860,53,Female,Ahmedabad,0,Month-to-Month,DSL,692.64,692.64,12.99,511,17,1,0,Net Banking,Smartphone,Postpaid,Yes,Yes
CUST07861,67,Male,Delhi,15,Month-to-Month,DSL,662.44,10407.79,12.94,406,11,3,1,UPI,Feature Phone,Postpaid,Yes,No
CUST07862,24,Female,Delhi,17,One Year,Fiber Optic,999.6,17196.03,77.73,270,60,2,1,Net Banking,Smartphone,Postpaid,No,No
CUST07863,30,Male,Chennai,32,One Year,Fiber Optic,814.03,25811.04,40.1,214,39,2,1,UPI,Smartphone,Prepaid,Yes,No
CUST07864,32,Female,Bangalore,7,Month-to-Month,DSL,510.72,3387.13,30.19,189,47,1,0,UPI,Smartphone,Prepaid,No,No
CUST07865,42,Male,Mumbai,49,Two Year,Fiber Optic,1056.03,48710.53,48.94,359,19,1,0,Debit Card,Smartphone,Postpaid,No,No
CUST07866,40,Female,Pune,46,Two Year,Fiber Optic,819.72,34702.09,52.53,429,58,4,2,Net Banking,Feature Phone,Prepaid,No,No
CUST07867,39,Male,Ahmedabad,8,One Year,Fiber Optic,1147.93,9103.37,41.76,456,31,2,1,UPI,Router Only,Postpaid,No,No
CUST07868,43,Female,Mumbai,7,Month-to-Month,Fiber Optic,983.3,6789.47,52.82,361,18,4,2,Debit Card,Tablet,Postpaid,No,Yes
CUST07869,50,Female,Mumbai,10,Month-to-Month,Fiber Optic,884.27,9199.29,55.98,226,55,1,0,Cash,Smartphone,Prepaid,Yes,Yes
CUST07870,28,Male,Hyderabad,16,One Year,Fiber Optic,955.5,15198.91,55.79,173,30,1,0,UPI,Smartphone,Postpaid,No,No
CUST07871,27,Female,Pune,23,Two Year,Fiber Optic,914.56,20355.85,41.12,312,42,3,1,Debit Card,Smartphone,Postpaid,Yes,No
CUST07872,42,Male,Mumbai,0,Month-to-Month,Fiber Optic,765.7,765.7,36.85,138,74,4,2,UPI,Smartphone,Prepaid,Yes,Yes
CUST07873,54,Female,Jaipur,15,One Year,Fiber Optic,882.96,13139.88,26.88,255,27,3,1,Debit Card,Router Only,Prepaid,No,No
CUST07874,65,Female,Pune,20,Month-to-Month,Fiber Optic,778.49,15680.94,33.6,247,41,1,0,Net Banking,Router Only,Prepaid,No,No
CUST07875,60,Female,Chennai,29,One Year,Fiber Optic,745.0,21475.37,29.17,260,36,0,0,UPI,Smartphone,Prepaid,No,No
CUST07876,55,Female,Jaipur,0,Month-to-Month,DSL,562.63,562.63,8.83,272,102,1,1,Net Banking,Tablet,Prepaid,Yes,Yes
CUST07877,58,Female,Jaipur,19,One Year,No Internet,453.72,7918.76,2.51,383,24,0,0,Debit Card,Smartphone,Postpaid,No,No
CUST07878,62,Male,Delhi,12,One Year,No Internet,271.91,3242.32,6.8,283,27,1,0,Net Banking,Feature Phone,Prepaid,No,No
CUST07879,41,Male,Delhi,20,Month-to-Month,DSL,618.58,12830.6,17.82,335,55,3,1,UPI,Smartphone,Prepaid,Yes,No
CUST07880,57,Female,Kolkata,15,Month-to-Month,DSL,459.1,7193.28,23.97,361,43,5,2,Credit Card,Tablet,Prepaid,No,Yes
CUST07881,63,Female,Lucknow,49,Two Year,Fiber Optic,827.3,42536.73,49.5,297,55,2,1,Credit Card,Smartphone,Prepaid,No,No
CUST07882,50,Female,Pune,39,Month-to-Month,No Internet,292.75,11720.94,0.5,383,113,1,0,Credit Card,Smartphone,Prepaid,No,No
CUST07883,34,Female,Bangalore,13,One Year,DSL,635.48,7886.04,21.65,422,6,2,1,Net Banking,Smartphone,Postpaid,Yes,No
CUST07884,41,Male,Pune,17,One Year,No Internet,473.05,7977.74,0.5,291,32,1,0,Credit Card,Router Only,Postpaid,Yes,No
CUST07885,54,Male,Mumbai,42,Two Year,Fiber Optic,796.15,33149.34,46.72,333,24,1,1,UPI,Smartphone,Prepaid,Yes,No
CUST07886,19,Male,Lucknow,0,Month-to-Month,Fiber Optic,772.67,772.67,65.91,172,82,2,1,UPI,Smartphone,Prepaid,No,Yes
CUST07887,49,Female,Bangalore,37,Two Year,Fiber Optic,932.16,34879.99,45.66,346,56,4,1,Net Banking,Smartphone,Prepaid,No,No
CUST07888,41,Male,Jaipur,2,Month-to-Month,No Internet,243.21,450.18,5.21,50,71,4,2,Net Banking,Smartphone,Prepaid,No,No
CUST07889,26,Male,Bangalore,27,Month-to-Month,Fiber Optic,830.52,20816.31,61.86,495,79,0,0,UPI,Feature Phone,Prepaid,No,Yes
CUST07890,21,Female,Jaipur,14,One Year,DSL,476.66,6951.52,36.68,74,69,0,0,Credit Card,Smartphone,Prepaid,No,No
CUST07891,34,Female,Bangalore,62,Two Year,Fiber Optic,916.95,58327.82,67.14,231,28,0,0,UPI,Smartphone,Prepaid,Yes,No
CUST07892,34,Female,Kolkata,9,Month-to-Month,No Internet,251.62,2316.16,0.5,77,74,1,0,Debit Card,Smartphone,Prepaid,No,Yes
CUST07893,67,Female,Lucknow,4,Month-to-Month,Fiber Optic,872.57,3394.18,40.83,398,0,1,0,Net Banking,Smartphone,Postpaid,No,Yes
CUST07894,65,Female,Chennai,45,Month-to-Month,No Internet,348.53,15451.18,0.5,525,0,1,0,Net Banking,Tablet,Postpaid,No,No
CUST07895,47,Male,Pune,5,Month-to-Month,Fiber Optic,953.17,4735.99,53.34,205,38,3,1,Debit Card,Router Only,Prepaid,No,Yes
CUST07896,57,Female,Delhi,29,Two Year,DSL,660.52,18084.24,18.27,323,29,0,0,UPI,Smartphone,Postpaid,Yes,No
CUST07897,28,Male,Hyderabad,0,One Year,Fiber Optic,1007.94,1007.94,68.98,257,35,2,1,Credit Card,Smartphone,Postpaid,Yes,Yes
CUST07898,38,Female,Jaipur,29,Two Year,No Internet,463.41,12457.6,7.62,438,44,1,0,Net Banking,Smartphone,Postpaid,Yes,No
CUST07899,38,Female,Mumbai,12,Month-to-Month,DSL,484.87,5725.51,23.81,184,49,0,0,Net Banking,Smartphone,Prepaid,Yes,No
CUST07900,35,Female,Kolkata,20,Month-to-Month,Fiber Optic,798.83,14770.8,53.79,406,83,0,0,Debit Card,Smartphone,Prepaid,Yes,Yes
CUST07901,46,Male,Pune,16,One Year,DSL,479.12,7130.62,21.28,221,65,2,1,Net Banking,Smartphone,Prepaid,No,No
CUST07902,41,Male,Mumbai,19,Month-to-Month,Fiber Optic,828.09,16290.37,65.04,134,59,2,1,Net Banking,Feature Phone,Prepaid,No,Yes
CUST07903,27,Female,Mumbai,41,One Year,Fiber Optic,715.83,28729.59,49.18,224,58,1,0,Credit Card,Smartphone,Prepaid,No,No
CUST07904,62,Male,Bangalore,11,Month-to-Month,DSL,641.98,7011.36,24.83,290,0,1,1,Debit Card,Smartphone,Postpaid,Yes,No
CUST07905,34,Female,Delhi,29,Month-to-Month,DSL,474.79,12669.38,20.47,229,85,0,0,Debit Card,Smartphone,Prepaid,Yes,No
CUST07906,35,Female,Jaipur,50,Two Year,DSL,507.39,23616.71,26.44,216,52,2,1,Debit Card,Smartphone,Prepaid,Yes,No
CUST07907,59,Female,Pune,12,One Year,DSL,580.88,6376.21,10.76,212,77,1,1,UPI,Router Only,Prepaid,No,No
CUST07908,65,Female,Bangalore,8,Month-to-Month,DSL,677.49,5098.67,17.46,481,69,1,0,UPI,Smartphone,Postpaid,No,Yes
CUST07909,37,Female,Mumbai,34,Two Year,No Internet,474.42,16650.2,0.5,502,39,2,1,Credit Card,Smartphone,Postpaid,Yes,No
CUST07910,54,Male,Pune,15,One Year,Fiber Optic,883.37,13691.76,41.94,312,0,2,1,Credit Card,Smartphone,Prepaid,Yes,No
CUST07911,62,Male,Bangalore,23,One Year,DSL,481.06,11075.87,10.44,489,56,0,0,UPI,Smartphone,Prepaid,Yes,No
CUST07912,35,Female,Mumbai,17,Month-to-Month,No Internet,463.92,8133.91,6.87,274,58,0,0,UPI,Smartphone,Postpaid,Yes,No
CUST07913,34,Female,Bangalore,14,Month-to-Month,DSL,459.39,5972.52,24.73,105,90,1,0,Credit Card,Router Only,Prepaid,Yes,Yes
CUST07914,26,Female,Ahmedabad,20,Two Year,Fiber Optic,834.55,15392.42,79.55,153,53,0,0,Debit Card,Smartphone,Prepaid,Yes,No
CUST07915,31,Female,Delhi,13,Month-to-Month,DSL,520.66,6868.93,37.53,200,82,1,0,UPI,Router Only,Prepaid,No,Yes
CUST07916,66,Male,Bangalore,9,Month-to-Month,No Internet,463.32,4371.9,0.5,314,0,3,2,UPI,Feature Phone,Postpaid,Yes,Yes
CUST07917,46,Male,Lucknow,0,Month-to-Month,DSL,576.61,576.61,14.31,267,45,2,1,Credit Card,Smartphone,Prepaid,Yes,Yes
CUST07918,48,Male,Delhi,7,Month-to-Month,Fiber Optic,941.95,5970.91,44.98,402,50,2,1,Cash,Router Only,Prepaid,Yes,Yes
CUST07919,21,Female,Jaipur,20,One Year,DSL,480.43,8912.76,51.78,0,81,2,1,UPI,Smartphone,Prepaid,Yes,No
CUST07920,35,Male,Bangalore,39,Month-to-Month,Fiber Optic,891.86,32595.61,63.47,495,39,3,1,UPI,Smartphone,Postpaid,Yes,No
CUST07921,37,Male,Mumbai,7,Month-to-Month,Fiber Optic,903.07,6090.21,56.23,156,91,5,2,Cash,Router Only,Prepaid,Yes,Yes
CUST07922,64,Female,Delhi,61,Two Year,DSL,640.03,36431.56,25.43,346,12,1,0,Credit Card,Tablet,Postpaid,No,No
CUST07923,60,Male,Delhi,4,Month-to-Month,Fiber Optic,802.3,2917.47,38.13,328,61,1,0,UPI,Smartphone,Prepaid,No,Yes
CUST07924,61,Female,Delhi,1,Month-to-Month,DSL,663.2,663.2,26.73,355,18,3,1,UPI,Smartphone,Postpaid,Yes,Yes
CUST07925,26,Male,Delhi,12,Month-to-Month,DSL,568.98,6504.44,33.54,293,71,1,1,Credit Card,Smartphone,Prepaid,Yes,Yes
CUST07926,30,Male,Bangalore,9,Month-to-Month,No Internet,207.74,1762.23,0.5,276,81,0,0,UPI,Smartphone,Prepaid,No,No
CUST07927,32,Male,Delhi,16,Month-to-Month,Fiber Optic,830.7,12017.51,45.42,171,75,0,0,Debit Card,Router Only,Prepaid,Yes,No
CUST07928,44,Female,Pune,1,One Year,Fiber Optic,800.53,831.86,56.02,157,13,0,0,UPI,Tablet,Prepaid,Yes,No
CUST07929,32,Male,Kolkata,5,One Year,Fiber Optic,1046.05,5131.97,57.25,431,33,2,1,Debit Card,Router Only,Postpaid,Yes,No
CUST07930,45,Male,Jaipur,35,Two Year,Fiber Optic,909.17,32689.1,45.46,287,53,2,1,Net Banking,Router Only,Prepaid,Yes,No
CUST07931,54,Male,Hyderabad,26,One Year,Fiber Optic,819.61,19228.2,35.95,289,96,2,1,Cash,Smartphone,Prepaid,Yes,Yes
CUST07932,36,Male,Lucknow,30,Two Year,No Internet,253.05,7740.0,17.43,173,9,0,0,Net Banking,Smartphone,Prepaid,Yes,No
CUST07933,43,Female,Delhi,35,Two Year,Fiber Optic,902.35,31761.21,38.41,388,45,3,1,UPI,Smartphone,Postpaid,No,No
CUST07934,69,Male,Delhi,28,One Year,Fiber Optic,966.04,28308.65,30.11,550,24,1,0,Debit Card,Smartphone,Postpaid,Yes,Yes
CUST07935,43,Female,Mumbai,40,Two Year,Fiber Optic,1041.14,38197.36,50.55,415,58,0,0,Cash,Smartphone,Postpaid,Yes,No
CUST07936,42,Male,Kolkata,28,One Year,Fiber Optic,950.82,26527.06,55.92,522,31,3,1,UPI,Smartphone,Postpaid,No,Yes
CUST07937,43,Female,Jaipur,4,Month-to-Month,Fiber Optic,963.67,3481.46,37.5,376,37,1,1,Debit Card,Smartphone,Postpaid,No,Yes
CUST07938,43,Female,Chennai,12,Month-to-Month,DSL,574.43,6572.96,27.25,44,40,0,0,UPI,Tablet,Prepaid,Yes,No
CUST07939,63,Female,Bangalore,23,Month-to-Month,No Internet,345.64,7912.87,4.58,407,17,1,0,Credit Card,Smartphone,Postpaid,Yes,Yes
CUST07940,45,Female,Pune,42,Two Year,DSL,644.44,28144.08,22.25,443,3,0,0,UPI,Smartphone,Postpaid,Yes,No
CUST07941,66,Male,Mumbai,24,One Year,DSL,717.18,15705.14,32.98,648,23,1,0,Credit Card,Feature Phone,Postpaid,Yes,No
CUST07942,35,Female,Bangalore,28,One Year,DSL,548.98,14962.37,10.53,283,62,1,1,Debit Card,Smartphone,Prepaid,No,Yes
CUST07943,49,Male,Hyderabad,6,Month-to-Month,Fiber Optic,846.56,4753.05,31.15,88,47,2,1,UPI,Tablet,Prepaid,Yes,Yes
CUST07944,20,Male,Delhi,2,Month-to-Month,DSL,362.06,675.2,42.71,290,68,3,1,Cash,Smartphone,Prepaid,No,Yes
CUST07945,19,Female,Delhi,1,Month-to-Month,Fiber Optic,760.09,762.56,66.05,111,9,2,1,UPI,Feature Phone,Prepaid,Yes,Yes
CUST07946,50,Male,Kolkata,51,Two Year,DSL,413.41,19061.76,32.46,185,71,1,0,Debit Card,Smartphone,Prepaid,No,No
CUST07947,59,Female,Hyderabad,46,Two Year,Fiber Optic,1036.07,47409.71,52.76,308,2,3,1,Credit Card,Smartphone,Postpaid,Yes,No
CUST07948,36,Male,Bangalore,28,One Year,No Internet,430.78,11149.44,9.4,349,37,1,0,Net Banking,Smartphone,Postpaid,No,No
CUST07949,34,Female,Bangalore,31,Month-to-Month,DSL,498.4,13939.53,25.82,118,67,2,1,UPI,Smartphone,Prepaid,No,Yes
CUST07950,61,Female,Lucknow,1,Month-to-Month,Fiber Optic,756.21,756.21,47.1,370,0,0,0,Credit Card,Smartphone,Prepaid,Yes,No
CUST07951,50,Female,Bangalore,14,Month-to-Month,DSL,630.1,8087.98,25.19,361,12,1,0,UPI,Feature Phone,Postpaid,Yes,No
CUST07952,29,Female,Delhi,17,Month-to-Month,Fiber Optic,932.2,15597.37,47.87,84,0,1,0,Debit Card,Smartphone,Prepaid,No,No
CUST07953,66,Female,Hyderabad,50,Two Year,Fiber Optic,951.15,44802.6,41.99,524,0,1,0,Debit Card,Smartphone,Postpaid,No,No
CUST07954,20,Female,Chennai,9,Month-to-Month,Fiber Optic,863.96,7323.28,90.65,71,78,6,3,Net Banking,Router Only,Prepaid,Yes,Yes
CUST07955,60,Male,Delhi,7,Month-to-Month,Fiber Optic,880.53,6291.95,39.59,408,9,0,0,Credit Card,Feature Phone,Postpaid,Yes,No
CUST07956,66,Female,Bangalore,0,One Year,Fiber Optic,1160.88,1160.88,34.47,578,0,7,2,Debit Card,Router Only,Postpaid,No,Yes
CUST07957,43,Male,Bangalore,4,Month-to-Month,Fiber Optic,949.77,3890.86,42.79,292,11,5,3,Debit Card,Smartphone,Postpaid,No,Yes
CUST07958,52,Male,Hyderabad,63,Month-to-Month,Fiber Optic,780.02,47359.88,35.98,308,85,0,0,Credit Card,Smartphone,Prepaid,No,No
CUST07959,25,Male,Mumbai,41,Two Year,Fiber Optic,720.79,27095.18,60.98,91,41,1,0,Net Banking,Smartphone,Prepaid,No,No
CUST07960,69,Male,Pune,25,Month-to-Month,Fiber Optic,745.75,18914.59,34.61,267,45,1,0,Net Banking,Smartphone,Prepaid,Yes,No
CUST07961,53,Female,Lucknow,25,One Year,Fiber Optic,1022.47,26330.52,35.29,407,42,2,1,UPI,Smartphone,Postpaid,Yes,No
CUST07962,24,Female,Jaipur,25,Month-to-Month,No Internet,305.52,7547.77,13.09,200,7,0,0,Net Banking,Smartphone,Postpaid,Yes,No
CUST07963,63,Female,Pune,39,Two Year,No Internet,175.18,6374.7,5.96,204,63,3,1,Debit Card,Smartphone,Prepaid,Yes,No
CUST07964,63,Female,Hyderabad,8,Month-to-Month,No Internet,228.67,1856.84,10.92,324,54,3,1,Debit Card,Smartphone,Prepaid,No,Yes
CUST07965,53,Male,Ahmedabad,14,One Year,Fiber Optic,829.52,10529.0,30.19,39,17,1,0,Credit Card,Smartphone,Prepaid,Yes,Yes
CUST07966,33,Male,Ahmedabad,3,Month-to-Month,DSL,507.57,1448.98,26.79,364,63,1,0,UPI,Smartphone,Prepaid,No,No
CUST07967,41,Male,Ahmedabad,4,Month-to-Month,DSL,469.1,1798.76,24.28,82,0,3,1,UPI,Smartphone,Prepaid,No,No
CUST07968,18,Female,Delhi,2,Month-to-Month,Fiber Optic,917.02,1741.85,62.41,360,19,2,1,Net Banking,Smartphone,Postpaid,Yes,Yes
CUST07969,66,Male,Delhi,14,Two Year,No Internet,213.12,3108.18,0.5,361,35,0,0,UPI,Smartphone,Prepaid,Yes,No
CUST07970,42,Female,Lucknow,3,Month-to-Month,No Internet,495.18,1522.44,0.5,400,22,3,1,Credit Card,Router Only,Postpaid,Yes,Yes
CUST07971,27,Female,Lucknow,20,One Year,DSL,450.41,8824.07,22.29,227,19,3,2,Net Banking,Smartphone,Prepaid,No,No
CUST07972,33,Female,Chennai,7,One Year,Fiber Optic,816.87,5948.37,61.27,385,113,1,1,UPI,Feature Phone,Prepaid,No,No
CUST07973,33,Female,Lucknow,12,Month-to-Month,DSL,726.79,8053.5,32.78,269,42,3,1,Cash,Smartphone,Postpaid,No,Yes
CUST07974,25,Female,Kolkata,2,Month-to-Month,Fiber Optic,1016.03,1858.24,52.72,310,10,3,1,UPI,Smartphone,Postpaid,No,Yes
CUST07975,46,Male,Hyderabad,17,Month-to-Month,Fiber Optic,805.0,13106.16,41.73,234,49,2,1,Credit Card,Router Only,Prepaid,Yes,No
CUST07976,56,Male,Bangalore,24,One Year,DSL,439.06,11049.95,9.81,238,13,2,1,Net Banking,Feature Phone,Prepaid,Yes,No
CUST07977,45,Female,Chennai,5,Month-to-Month,Fiber Optic,830.37,4299.47,38.47,257,67,4,2,Net Banking,Smartphone,Prepaid,Yes,Yes
CUST07978,23,Female,Hyderabad,48,Two Year,Fiber Optic,960.24,43016.6,47.29,331,0,1,0,UPI,Smartphone,Postpaid,Yes,No
CUST07979,33,Female,Lucknow,28,One Year,Fiber Optic,814.29,23700.77,46.59,367,66,1,0,Credit Card,Smartphone,Prepaid,Yes,No
CUST07980,37,Male,Hyderabad,36,Two Year,DSL,591.1,21166.1,18.15,232,58,2,1,Credit Card,Smartphone,Prepaid,Yes,No
CUST07981,33,Female,Ahmedabad,1,Month-to-Month,No Internet,385.0,385.0,5.55,279,18,2,1,Debit Card,Smartphone,Prepaid,No,Yes
CUST07982,24,Male,Kolkata,35,One Year,DSL,647.56,23176.6,33.13,200,92,1,0,UPI,Router Only,Prepaid,Yes,No
CUST07983,58,Male,Delhi,19,Month-to-Month,Fiber Optic,810.9,,,155,50,0,0,Debit Card,Router Only,Prepaid,Yes,Yes
CUST07984,31,Male,Delhi,0,Month-to-Month,DSL,490.24,490.24,34.82,188,82,2,1,Credit Card,Feature Phone,Prepaid,Yes,No
CUST07985,60,Male,Pune,25,One Year,DSL,583.63,13426.48,24.42,219,20,2,1,Net Banking,Smartphone,Prepaid,No,No
CUST07986,43,Male,Mumbai,31,One Year,No Internet,356.69,11194.63,6.68,115,47,1,0,Cash,Smartphone,Prepaid,Yes,No
CUST07987,43,Male,Pune,2,Month-to-Month,DSL,487.74,967.5,25.13,278,64,3,2,Debit Card,Smartphone,Prepaid,Yes,Yes
CUST07988,31,Female,Delhi,12,One Year,Fiber Optic,831.16,9367.51,46.55,141,79,1,0,Credit Card,Feature Phone,Prepaid,Yes,No
CUST07989,24,Female,Bangalore,11,Month-to-Month,Fiber Optic,842.81,8725.75,69.47,48,126,0,0,Debit Card,Smartphone,Prepaid,Yes,Yes
CUST07990,50,Female,Delhi,45,Two Year,No Internet,453.07,18688.98,8.32,275,0,2,1,Net Banking,Smartphone,Postpaid,No,No
CUST07991,43,Male,Mumbai,0,Month-to-Month,Fiber Optic,868.62,868.62,47.89,63,46,1,0,UPI,Smartphone,Prepaid,Yes,Yes
CUST07992,62,Female,Delhi,38,Month-to-Month,DSL,493.23,17041.01,25.2,446,48,0,0,Debit Card,Tablet,Postpaid,No,No
CUST07993,37,Male,Lucknow,31,One Year,Fiber Optic,992.91,30858.82,45.86,404,22,3,1,Debit Card,Tablet,Postpaid,No,No
CUST07994,20,Male,Bangalore,35,One Year,DSL,645.12,21152.31,33.47,267,97,3,1,Credit Card,Feature Phone,Postpaid,Yes,No
CUST07995,69,Female,Jaipur,23,One Year,Fiber Optic,1062.15,25215.45,35.07,353,9,1,0,Debit Card,Router Only,Postpaid,Yes,No
CUST07996,21,Male,Lucknow,18,One Year,Fiber Optic,743.38,12233.32,79.28,197,126,1,1,UPI,Tablet,Prepaid,Yes,No
CUST07997,43,Female,Jaipur,59,Two Year,Fiber Optic,901.29,53378.48,43.93,395,44,5,2,UPI,Smartphone,Postpaid,Yes,No
CUST07998,28,Female,Bangalore,35,One Year,DSL,485.29,17504.73,27.25,120,27,1,0,Debit Card,Smartphone,Prepaid,Yes,No
CUST07999,19,Female,Kolkata,1,One Year,Fiber Optic,986.08,991.61,68.08,213,0,3,2,Net Banking,Smartphone,Postpaid,No,Yes
CUST08000,31,Female,Delhi,26,One Year,DSL,415.47,11222.75,35.72,258,55,1,0,UPI,Smartphone,Prepaid,Yes,No
